"　　中国证券网讯（记者 骆民） 欧浦智网8月1日晚间披露2017半年报。公司2017年上半年实现营业收入2,739,527,252.59元，同比增长109.41%；实现归属于上市公司股东的净利润236,409,800.39元，同比增长116.00%；基本每股收益0.22元/股。",媒体新闻,8108129939344608480_0_588887,欧浦智网上半年净利润同比增长116%,电科院,1
"迈克生物股份有限公司
关于召开2017年第二次临时股东大会的通知
本公司及董事会全体成员保证公告内容的真实、准确和完整，没有虚假记载、误导性
陈述或者重大遗漏。
经迈克生物股份有限公司（下称“本公司”或“公司”）第三届董事会第十二次会议审议通
过，公司定于 2017 年 8 月 15 日（星期二）14:00 在成都高新区安和二路 8号公司会议室召
开 2017 年第二次临时股东大会。现将有关事项通知如下：
一、本次会议的基本情况
1、股东大会届次：2017年第二次临时股东大会
2、会议召集人：公司董事会
3、会议召开的合规性：本次股东大会的召开符合有关法律、行政法规、部门规章、规范性文
件和《公司章程》的有关规定，公司第三届董事会第十二次会议已经审议通过召开本次股东大会
的议案。
4、会议召开的日期、时间:
（1）现场会议召开时间为：2017 年8月15日（星期二）14:00
（2）网络投票时间为：2017年8月14日-2017年8月15日，其中，通过深圳证券交易所
系统进行网络投票的具体时间为：2017年8月15日上午9:30-11:30，下午13:00-15:00；通过
深圳证券交易所互联网投票系统投票的具体时间为：2017年8月14日下午15:00至2017年8月
15日下午15:00 期间。
5、 会议召开方式：现场投票、网络投票相结合的方式召开。
（1）现场投票：股东本人出席现场会议或通过授权委托书（见附件2）委托他人出席现场
会议；
（2）网络投票：本次股东大会将通过深圳证券交易所系统和互联网投票系统向公司股东提
供网络形式的投票平台，公司股东可以在上述网络投票时间内通过上述系统行使表决权。
 
公司股东只能选择现场投票和网络投票中的一种表决方式，表决结果以第一次有效投票结果
为准。
6、股权登记日：2017 年8月8日（星期二）
7、出席对象：
（1）截止2017年8月8日下午深圳证券交易所收市时，在中国证券登记结算有限公司深圳
分公司登记在册的本公司全体股东，上述本公司全体股东均有权出席本次股东大会，并可以
以书面形式委托代理人出席和参加表决，该股东代理人不必是本公司股东。
（2）本公司董事、监事和高级管理人员。
（3）本公司聘请的律师及其他相关人员。
8、现场会议召开地点：成都高新区安和二路8号迈克生物股份有限公司会议室。
二、会议审议事项
本次会议共审议3项议案：
提案1：关于修改公司章程的议案；
提案2：关于公司向兴业银行股份有限公司成都分行申请新增综合授信额度的议案；
提案3：关于公司向交通银行股份有限公司成都蜀汉支行申请综合授信额度的议案；
上述议案均已经公司第三届董事会第十一次会议及公司第三届监事会第八次会议审议通过，
议案内容详见刊登在中国证监会创业板指定信息披露网站的有关公告。
三、提案编码
提案编码
提案名称
备注
该列打勾的栏目
可以投票
100
总议案
√
1.00
提案1：《关于修改公司章程的议案》
√
2.00
提案2：《关于公司向兴业银行股份有限公司成都分行申请新增
综合授信额度的议案》
√
 
3.00
提案3：《关于公司向交通银行股份有限公司成都蜀汉支行申请
综合授信额度的议案》
√
四、现场会议登记方法
1、登记时间：2017 年8月11日，上午9:30-下午17:00.
2、登记方式：现场登记、通过信函或传真方式登记。
3、登记手续：
（1）法人股东登记。法人股东的法定代表人须持有股东账户卡、加盖公司公章的营业执照
复印件、法人代表证明书和本人身份证办理登记手续；委托代理人出席的，还必须持有法人授权
委托书和出席人身份证。
（2）个人股东登记。个人股东须持本人身份证、持股凭证、证券账户卡办理登记手续；委
托代理人出席的，还须持有出席人身份证和授权委托书。
4、登记地点及联系方式：
地址：成都高新区安和二路8号
邮政编码：611731
联系人：史炜 王婷
电话：028- 81731888
传真：028- 81731188
邮箱：zqb@maccura.com
5、其他事项：异地股东可采用信函或传真的方式登记（登记时间以收到传真或信函时间为
准）。传真登记的，请在发送传真后电话确认。
五、参加网络投票的具体操作流程
在本次股东大会上，公司将向股东提供网络投票平台，股东可以通过深圳证券交易所系统投
票和互联网投票（ http://wltp.cninfo.com.cn），网络投票的操作流程详见附件3。
六、其他事项
1、本次会议会期半天，与会股东食宿、交通费自理。
2、会务联系方式：
地址：成都高新区安和二路8号
 
联系人：史炜 王婷
电话：028- 81731888
传真：028- 81731188
邮箱：zqb@maccura.com
3、单独或者合计持有公司3%以上股份的股东，可以将临时提案于会议召开十天前书面提交
给公司董事会。
七、备查文件
1、公司第三届董事会第十一次会议决议；
2、公司第三届监事会第八次会议决议；
3、深交所要求的其他文件。
附件：
1、《2017年第二次临时股东大会股东参会登记表》
2、《股东大会授权委托书样式》
3、《网络投票的操作流程》
迈克生物股份有限公司
董事会
2017年7月31日
 
附件1
迈克生物股份有限公司
2017年第二次临时股东大会股东参会登记表
姓名（名称）
身份证或营业执照号码
股东账户卡号
持股数量
联系电话
电子邮箱
联系地址
邮编
是否本人参加
备注
 
附件2
迈克生物股份有限公司
2017年第二次临时股东大会授权委托书
兹全权委托 先生/女士代表本人/本公司出席迈克生物股份有限公司2017年
第二次临时股东大会，对会议审议的各项议案按本授权委托书的指示行使投票权，并代为签署本
次会议需要签署的相关文件。
本人/本公司对本次股东大会议案的表决意见如下：
提案
编码
提案名称
备注
同意
反对
弃权
该列打勾的栏
目可以投票
1.00
提案1：《关于修改公司章程的议案》
√
2.00
提案2：《关于公司向兴业银行股份有限公司成都分行申
请新增综合授信额度的议案》
√
3.00
提案3：《关于公司向交通银行股份有限公司成都蜀汉支
行申请综合授信额度的议案》
√
（说明：对于每一议案均设“同意”、“反对”、“弃权”三个选项，投票时请在表决意见对应栏中
打“√”，对于同一议案，只能在一处打“√”，多选或漏选视为弃权。）
委托人签字
委托人身份证号码或营业执照号码
委托人持股数
委托人股东账号
受托人签字
受托人身份证号码
委托日期
年 月 日
委托期限
自签署日至本次股东大会结束
（注：1、委托人为单位时需加盖单位公章并由法定代表人签署，委托人为自然人时由委托人签字；
2、授权范围应分别对列入股东大会议程的每一审议事项投同意、反对或弃权票进行指示。）
 
附件3
网络投票的操作流程
本次股东大会公司将通过深圳证券交易所系统和互联网投票系统向公司全体股东提供网络形
式的投票平台，股东可以通过深交所交易系统和互联网投票系统（地址：
http://wltp.cninfo.com.cn ）参加投票，网络投票程序如下：
一、网络投票的程序
1、投票代码：365463
2、投票简称：迈克投票
3、填报表决意见或选举票数 对于上述非累积投票议案，填报表决意见，同意、反对、弃权。
4、股东对总议案进行投票，视为对除累积投票议案外的其他所有议案表达相同意见。在股
东对同一议案出现总议案与分议案重复投票时，以第一次有效投票为准。如股东先对分议案投票
表决，再对总议案投票表决，则以已投票表决的分议案的表决意见为准，其他未表决的议案以总
议案的表决意见为准；如先对总议案投票表决，再对分议案投票表决，则以总议案的表决意见为
准。
二、通过深交所交易系统投票的程序
1、投票时间：2017 年8月15日上午9:30-11:30，下午13:00-15:00
2、股东可以登录证券公司交易客户端通过交易系统投票。
三、通过深交所互联网投票系统投票的程序
1、互联网投票系统开始投票的时间为：2017 年8月14日下午15：00 至 2017 年8月15
日下午15：00。
2、股东通过互联网投票系统进行网络投票，需按照《深圳证券交易所投资者网络服务身份
认证业务指引（2016 年修订）》的规定办理身份认证，取得“深交所数字证书”或“深交
所投资者服务密码”。具体的身份认证流程可登录互联 网投票系统
http://wltp.cninfo.com.cn 规则指引栏目查阅。股东根据获取的服务密码或数字证书，
可登录 http://wltp.cninfo.com.cn 在规定时间内通过深交所互联网投票系统进行投票。",媒体新闻,5859512368142141811_0_588940,[股东会]迈克生物:关于召开2017年第二次临时股东大会的通知,电科院,1
"　□本报记者 刘杨
　
　电科院7月12日晚间披露半年度业绩预告，预计2017年上半年盈利4872.55万元-5299.45万元，比上年同期上升231%-260%。
　对于业绩大幅增长的主要原因，公司表示，收入增加带来的利润增长大于成本增加；同时由于陆续归还借款，财务费用较上年同期有所减少。预计本报告期非经常性损益对净利润的影响金额为200万元-400万元。
　公告显示，2017年为公司高新技术企业资格复审年。公司2017年企业所得税暂按25%预交。待今年公司高新技术企业资格复审获得通过，则2017年继续享受高新技术企业的税收优惠政策，按15%的税率缴纳企业所得税。公司于2011年被认定为高新技术企业。2014年通过高新技术企业资格复审，公司自2014年至2016年连续三年享受国家关于高新技术企业的税收优惠政策，按15%的税率缴纳企业所得税。",媒体新闻,12921152683516020601_0_627,"电科院
上半年业绩预增逾两倍",电科院,1
"　　中证网讯（记者 刘杨）电科院(行情300215,诊股)12日晚间披露半年度业绩预告。公司预计2017年上半年盈利4872.55万元-5299.45万元，比上年同期上升231%-260%。
　　公司表示，2017 年上半年度公司业绩较去年同期实现了大幅增长，主要因为公司营业收入较去年同期有较大增长，收入增加带来的利润增长大于成本增加对利润的影响；同时由于陆续归还借款，财务费用较上年同期有所减少。同时，公司预计本报告期非经常性损益对净利润的影响金额为200 万元～400 万元之 间，对公司业绩有一定影响。
　　值得一提的是，2017年为公司高新技术企业资格复审年。公司2017年企业所得税暂按25%预交。待今年公司高新技术企业资格复审获得通过，则2017年公司还将继续享受高新技术企业的税收优惠政策，按15%的税率缴纳企业所得税。公司于2011年被认定为高新技术企业。2014年通过高新技术企业资格复审，公司自2014年至2016年连续三年享受国家关于高新技术企业的税收优惠政策，按15%的税率缴纳企业所得税。
　　分析指出，公司正在进行第四次转型升级，即军民融合，并取得了快速发展。现已成为后勤军工产品检测试验机构，国防实验室，二级保密单位。预计2017年将有较好的发展趋势，和去年比收入将有一定程度的增长。在传统的输变电领域，公司承接了来自国家电网、南方电网，全国各电力公司的抽样检测任务。
　　目前在做的江苏省电力公司的500kV串联变压器的试验，全国只有电科院一家具备相应检验能力和条件；并且承接国家的任务，在国际上的影响也会比较大。现在国家比较关心的交流电改直流电，对公司来说也是一个福音。另外从2007年至今，电科院发展新能源业务，经过八九年的逐步沉淀，已具备蓄电池、充电桩、核电等检验能力。",媒体新闻,4885040741479634305_0_54757,电科院：上半年业绩预增231%-260%,电科院,1
"　　中证网讯电科院(行情300215,诊股)7月12日晚间发布2017 年半年度业绩预告，2017 年 1 月 1 日D2017 年 6 月 30 日期间，公司实现归属于上市公司股东的净利润4872.55 万元～5299.45 万元，预计比上年同期上升：231%～260%。
　　公司称， 业绩变动主要因为公司营业收入较去年同期有较大增长，收入增加带来的利润增长大于成本增加对利润的影响；同时由于陆续归还借款，财务费用较上年同期有所减少；预计本报告期非经常性损益对净利润的影响金额为 200 万元～400 万元之间，对公司业绩有一定影响。",媒体新闻,5515149142551054406_0_491374,电科院2017年上半年业绩预增231%～260%,电科院,1
"<IMAGE SRC=""http://hqpick.eastmoney.com/k/3002152.png"" >
　　电科院(300215)12日晚间披露半年度业绩预告。公司预计2017年上半年盈利4872.55万元-5299.45万元，比上年同期上升231%-260%。
　　公司表示，2017 年上半年度公司业绩较去年同期实现了大幅增长，主要因为公司营业收入较去年同期有较大增长，收入增加带来的利润增长大于成本增加对利润的影响；同时由于陆续归还借款，财务费用较上年同期有所减少。同时，公司预计本报告期非经常性损益对净利润的影响金额为200 万元~400 万元之间，对公司业绩有一定影响。
　　值得一提的是，2017年为公司高新技术企业资格复审年。公司2017年企业所得税暂按25%预交。待今年公司高新技术企业资格复审获得通过，则2017年公司还将继续享受高新技术企业的税收优惠政策，按15%的税率缴纳企业所得税。公司于2011年被认定为高新技术企业。2014年通过高新技术企业资格复审，公司自2014年至2016年连续三年享受国家关于高新技术企业的税收优惠政策，按15%的税率缴纳企业所得税。
　　分析指出，公司正在进行第四次转型升级，即军民融合，并取得了快速发展。现已成为后勤军工产品检测试验机构，国防实验室，二级保密单位。预计2017年将有较好的发展趋势，和去年比收入将有一定程度的增长。在传统的输变电领域，公司承接了来自国家电网、南方电网，全国各电力公司的抽样检测任务。
　　目前在做的江苏省电力公司的500kV串联变压器的试验，全国只有电科院一家具备相应检验能力和条件；并且承接国家的任务，在国际上的影响也会比较大。现在国家比较关心的交流电改直流电，对公司来说也是一个福音。另外从2007年至今，电科院发展新能源业务，经过八九年的逐步沉淀，已具备蓄电池、充电桩、核电等检验能力。",媒体新闻,2802852176202954053_0_584796,电科院：上半年业绩预增231%-260%,电科院,1
"　　中国储能网讯：6月23日上午，中国化学（601117）与物理电源行业协会储能应用分会组织的储能产业巡回调研团来到华电电力科学研究院（下简称“华电电科院（300215）”），调研团队首先参观了华电电科院国家能源分布式能源技术研发中心实验平台，之后分布式能源技术部主任周宇昊、阮炯明教授、俞铁铭经理等对华电电科院及国家能源分布式能源技术研发中心基本情况、发展历程与科研进展进行了详细介绍。
　　据介绍，华电电科院始建于1956年10月，是中国华电集团公司直属的科研机构，主要从事火力发电技术、水电及新能源发电技术、分布式能源技术、质量检验检测及咨询等专业，开展技术监督、技术服务和技术研究工作，是中国华电集团公司和电力行业发电技术研究及技术创新的领先的科研机构。
<IMAGE SRC=""http://e.thsi.cn/img/fc8166d70d62d25d"" >
　　
　　华电电科院拥有国家能源分布式能源技术研发（实验）中心、国家能源火力发电系统能效检测技术研发中心、国资委电力节能技术科研及试验基地、浙江省蓄能和建筑节能重点实验室，以及中国华电集团公司动力技术中心、水电技术中心、新能源技术中心、环保监督技术中心和煤炭质检计量中心等服务华电集团及电力行业的先进科研平台集群。
　　周宇昊表示，分布式能源技术部依托“国家能源分布式能源技术研发（实验）中心”，致力于构建全面、高层次的分布式供能系统的技术研发体系，建成具有国内领先水平的分布式能源系统集成及性能测试评估体系，形成科学、高效技术研发与转化体系和完整的技术创新价值链，为分布式能源产业发展提供标准、技术、示范、人才支撑，引领产业技术创新和可持续发展。
　　周宇昊指出，分布式能源技术部目前的主要任务包括了对分布式能源关键技术的攻关和设备研制及试验研究，引进技术的消化、吸收、再创新和国际合作，系统集成和测试方法研究、标准体系研究，以及分布式微网技术研究等。
　　在主要研究方向上，分布式能源技术部也做了详细布局，包括分布式能源战略规划、发展政策及标准体系研究；分布式能源负荷测量/预测/分析技术研究；分布式能源系统检测及评价评估技术研究；分布式能源系统“一站一策”运行技术研究；多能源互补系统集成及优化技术研究；基于分布式能源的储能技术、微能源网技术研究等。
　　“我们研发中心二期建设内容包括了分布式能源智能控制系统研究测试平台、研发中心高性能数据计算中心、光气互补分布式能源试验研究平台。研发中心三期建设内容包括建设分布式光伏能源检测、评估、认证系统，燃气分布式能源检测、评估、认证系统等。”周宇昊表示。
<IMAGE SRC=""http://e.thsi.cn/img/dcb8ca929434941d"" >
　　
　　作为分布式能源领域唯一的国家级研发平台，华电电科院打造了具有自主知识产权的天然气和可再生能源互补的分布式能源系统技术研发和成果转化应用体系。引以为豪的是具有自主知识产权的“多能互补分布式能源微网系统集成及测试实验平台”已经达到国内领先、国际先进水平，为促进我国分布式供能技术发展提供了支持，具备一定的示范效果和应用推广价值。
　　周宇昊表示，“华电电科院将以多能互补示范项目的微网系统作为试点，进行实验实证研究，将来在城市里推广类似模式的微网系统，通过各子微网之间的能量流动，信息流动，最终实现城市甚至更广区域的能源互联网。”
　　分布式能源技术部首席科学家阮炯明教授表示，多能互补示范项目是能源梯级利用和可再生能源综合利用设施，实现可再生能源利用的最大化和系统与投资的最优化的能源系统。从能源利用的角度的来看，多能互补分布式能源系统可分为四大模块：天然气利用模块、太阳能（000591）利用模块、冰蓄冷及地源热泵模块、蓄能模块。
　　其中，天然气利用模块包含内燃机单元、燃气轮机单元、燃料电池；太阳能利用模块包含光伏发电单元、太阳能蝶式斯特林发电单元；冰蓄冷及地源热泵模块包含冰蓄冷中央空调、地源热泵单元；蓄能模块包括电池储能单元、烟气蓄热单元、移动蓄热车等。
　　而对实验平台的发展目标，阮炯明教授做了进一步阐述。他认为要逐步建设分布式功能的技术研发体系；分布式功能动力、余热利用、系统集成、微网和电网接入等；要建成具有国内领先水平的分布式能源系统测试体系；要建立技术研发与转化体系，构建完整的技术创新价值链；要为分布式能源产业发展提供技术、师范、标准、人才等方面的支撑。
　　本次交流中，在谈及储能的商业价值问题时，中国科学院电工所储能课题组组长陈永教授提出观点：“华电电科院在分布式能源领域研究上下了真功夫、大力气，也取得了一系列成绩。如何把科研成果转为市场推广价值，要进一步研究分布式能源与储能技术应用的附加值。”
　　俞铁铭认为：“要根据外部边界条件和产业政策，结合负荷特点，分布式电源和运行策略进行详细的经济性分析，才能提出有效运行方案，安装合理容量的备用机组和储能装置。”
　　中国化学与物理电源行业协会储能应用分会秘书长刘勇则表示：“华电电科院在多能互补分布式能源系统、储能技术、微能源网系统等做了前瞻性布局，希望我们紧跟时代步伐，充分利用能源互联网、云平台等技术手段稳健推进系统化研究。在目前的市场环境下，虽然推动储能技术应用的商业化模式有一定的难度，但做好相应的技术储备与示范应用显得尤为关键。”
<IMAGE SRC=""http://e.thsi.cn/img/8770727b92611f60"" >
　　
　　“2017年度中国储能产业巡回走访调研”活动于6月中旬正式拉开帷幕。本次活动由中国化学与物理电源行业协会储能应用分会牵头并组织，上海电气（601727）集团中央研究院、天能电池集团有限公司、上海中兴派能能源科技股份有限公司、中远海运租赁有限公司、TV南德意志集团等企业大力支持。活动期间，调研团将在北京、天津、河北、山东、安徽、上海、江苏、湖南、浙江、福建、广东等10余省市开展深入调研，近距离了解企业需求，促进产业协同发展。
　　更多关于巡回调研的详细内容，请关注中国储能网的后续报道。",媒体新闻,8385017894154816489_0_39535,全国储能产业巡回调研团走进华电电科院,电科院,1
"　　日前，据国网山东省电力公司消息，国网山东电科院（300215）在自己办公院区内建设的省内首个“新能源分布式发电及微电网实验(示范)工程”已经自发电21万度，实现了“节能有我，绿色共享”。
　　国网山东电科院院区微电网工程是由风力发电、光伏发电、混合储能系统、交直流电动汽车充电桩和配用电设备组成，形成风、光、储、辅为一体的多能互补微电网工程。工程运行可按照系统需求主动地调整各分布式电源的接线方式，实现并网/孤网不同模式运行，并可开展各分布式电源协同优化控制策略的研究，是集发电、科研、示范于一体的智能微电网工程。
　　该微电网工程建设一方面在功能上为院区提供绿色、清洁、稳定的电能,另一方面服务于智能电网科技创新、应用研究及技术升级，将打造可再生能源发电及微电网领域内科技研发、试验检测和技术培训于一体的综合实验室，也为分布式电源工程设计、运行维护、运营管理、投资收益、电价政策等问题的研究提供了完善的工程科研基地。",媒体新闻,10408940410445987324_0_39535,国网山东电科院微电网工程已自发电21万度,电科院,1
"摘要
【电科院股东未来六个月内计划减持不超过600万股公司股票】电科院(300215)6月20日晚间发布公告称，持有公司股份 190,250,000 股(占本公司总股本 758,322,487 股比例 25.09%)的持股5%以上的股东中国检验认证集团测试技术有限公司计划自本公告发布之日起十五个交易日后的六个月内以集中竞价交易或大宗交易减持公司股份不超过 600 万股(占公司总股本比例的 0.79%).（中国证券报）
　　电科院(300215)6月20日晚间发布公告称，持有公司股份 190,250,000 股(占本公司总股本 758,322,487 股比例 25.09%)的持股5%以上的股东中国检验认证集团测试技术有限公司计划自本公告发布之日起十五个交易日后的六个月内以集中竞价交易或大宗交易减持公司股份不超过 600 万股(占公司总股本比例的 0.79%).
(责任编辑：DF314)",媒体新闻,6418834048646317309_0_60297,电科院股东未来六个月内计划减持不超过600万股公司股票,电科院,1
"　　中国证券网讯（记者 尚海）电科院(行情300215,诊股)20日晚间公告，公司股东中国检验认证集团测试技术有限公司（以下简称“中检测试”）计划自本公告发布之日起十五个交易日后的六个月内以集中竞价交易或大宗交易减持公司股份不超过600万股（占公司总股本比例的 0.79%）。
　　公司表示，中检测试不属于公司控股股东、实际控制人，本次减持计划的实施不会导致上市公司控制权发生变更，不会对公司治理结构及持续性经营产生影响。",媒体新闻,8158127488593818267_0_439912,电科院股东拟减持600万股公司股份,电科院,1
　　电科院在最新披露的《投资者关系活动记录表》中透露，目前公司的军品实验与各个军种都在逐步接洽中；有一些军工科研机构前来接洽，公司也接待过军工科研机构人员的现场调研。公司的优势在于很多项目目前只有公司具备检测条件和检测能力；此外，公司还有地理位置的优势。,媒体新闻,10782767811725163687_0_590303,电科院：军品实验与各个军种都在逐步接洽中,电科院,1
　　全景网6月19日讯 电科院（300215）在最新披露的《投资者关系活动记录表》中透露，公司正在进行第四次转型升级，即军民融合，并取得了快速发展。现已成为后勤军工产品检测试验机构，国防实验室，二级保密单位。预计2017年将有较好的发展趋势，和去年比收入将有一定程度的增长。（全景网）,媒体新闻,17285724590729901543_0_590066,[公司]电科院：公司在军民融合转型升级方面取得快速发展,电科院,1
"<IMAGE SRC=""http://epaper.southcn.com/nfdaily/res/1/1/2017-05/10/MC07/res01_attpic_brief.jpg"" >
甘斌与同事在调试设备。张博 摄
“其实我就是一个普通的理工男，做的也是比较普通的工作。”对于在工作中获得的诸多奖项、荣誉，梅州供电局电力调度控制中心运行方式助理专责甘斌说。
无论是获得梅州供电局“安风”知识竞赛一等奖，还是“广东省电力科技优秀技术人才”称号、南方电网公司电力调度（方式、发电、水调）专业技能竞赛个人一等奖，甚至是国务院国有资产监督管理委员会授予的“中央企业技术能手”荣誉称号，这位阳光大男孩对此都是那么谦虚。“我热爱我的工作，喜欢钻研一些专业技术方面的问题。”入职近10年，甘斌在平凡的工作岗位上，像海绵一样饥渴地吸收一切可以吸收的知识和技能“养分”，慢慢厚积，一步步淬炼成钢。
●南方日报记者 唐林珍 通讯员 温红
初入职场
像海绵一样吸收知识和技能
今年30出头的甘斌，看上去比实际年龄更年轻一些，脸上常常挂着灿烂的笑容，阳光而朝气。
2008年，甘斌从华南理工大学毕业后，经过层层挑选进入梅州供电局工作。
入职后的甘斌对工作充满热情。他最初是在梅州500千伏嘉应变电站当值班员。“那时还在实习岗位，站里要求新员工周一到周五都必须住在站里，白天跟班和专题培训，晚上就自习，进行专题讨论学习。”甘斌说，那段时间，他刚从学校出来，这种学习的模式、早晚看书跑步的生活让他尤为熟悉。
作为梅州唯一一座电压等级最高的变电站，嘉应变电站基础管理走在各个站的前列，从资料管理、技术培训、制度执行、安全风险管理体系建设等都较为规范，甘斌无比珍惜这个机会。说起在嘉应变电站的日子，甘斌念念不忘的是将自己带入行的启蒙老师――时任站长邹练辉。“作为一个变电站的值班员，不能只关注一个变电站，要有跳出一个站的思维，从整个网络的观点看问题，因为变电站只有在一个供电网络中才有存在的价值，而变电站，正是服务这个供电网络。”这句话，他至今仍记忆犹新。也正是这些话，让他对自己的职业生涯有了新的认识。
2010年5月，甘斌调到梅州供电局调度控制中心任职调度员。工作上，无论是调控一体化还是电网分析计算，这些领域都对甘斌产生了无穷的吸引力。他大部分的业余时间都在钻研技术，读业内专业书籍，乃至电力技术微博、微信公众号无不是他关注的焦点。
学以致用。很快，甘斌学习的知识就派上了用场。近年来，甘斌参与了梅州供电局“串供电网多级备自投关键技术研究及应用”科技项目，现场调度指挥220千伏赞化站、110千伏沙龙站等多座新变电站的启动投产，多次对新员工及县调调度员进行业务技能培训。他始终谨记“跳出岗位思考全局”的工作思维，让自己做事不局限于自身岗位。
在220千伏赞化变电站投产的过程中，甘斌在变电站现场担任调度指挥的角色，负责与中调联系现场情况，启动时发现开关机构有缺陷，如果不解决，将会导致无法送电，影响投产。甘斌随即同其他专业同事一同到场地查看缺陷情况，大家讨论以后，甘斌提出了自己大胆的想法，能否建议让中调改启动方案，并已在心中有了预案。虽然最后缺陷顺利排除并投产，但甘斌紧急处理难题的智慧和活跃的思维让大家印象深刻。
华丽蜕变
专业技能竞赛技压一众硕士博士夺冠
正是甘斌在每个岗位上的兢兢业业以及不断学习，努力实践，让他一步步成长，慢慢蜕变。
2012年，甘斌在梅州供电局“安风”知识竞赛中一举夺得一等奖。随后2015年，他先后获得南方电网公司技能能手、广东电网公司电力调度专业技能竞赛个人三等奖、广东省电机工程学会“广东省电力科技优秀技术人才”、南方电网公司电力调度（方式、发电、水调）专业技能竞赛个人一等奖等，2016年，他又获得梅州供电局优秀共产党员、党员示范岗、梅州供电局安全生产先进个人等荣誉，不久前，他更是获得了国务院国有资产监督管理委员会授予的“中央企业技术能手”荣誉称号，成为梅州供电局首个获得此荣誉的员工。
而在这众多荣誉中，最让甘斌难忘的是“南方电网公司电力调度（方式、发电、水调）专业技能竞赛个人一等奖”这个奖项。
“因为这次竞赛让我受益匪浅。”甘斌说。当时，他在省公司运行方式专业技能竞赛脱颖而出之后，甘斌与广东电网公司系统的11个人一起参加南网技能竞赛前的集训。甘斌所在的B队6个人当中，有3个博士、2个硕士，只有甘斌一个人是本科学历。当时甘斌暗下决心，决不能给大家拖后腿。集训由专家上课、自由复习和团队配合模拟三部分组成。甘斌表示，以前从没有这么系统地梳理相关的知识点，自由复习查漏一些知识点之后，中国电科院、南网科研院、中调等专家授课，给甘斌解答了好一部分的疑惑，而在团队配合模拟阶段，实操计算分析、BPA软件做电网稳定分析等，都让甘斌收获良多。
最终，甘斌在大赛中脱颖而出，一举夺得了个人一等奖。据甘斌的同事回忆，当甘斌获得了2015年南方电网公司“创先杯”电力调度（方式、发电、水调）专业技能竞赛个人一等奖的消息传来，梅州供电局一下炸开了锅：南网一等奖！这个原来大家想都不敢想的奖项，真的落到了甘斌的头上！要知道，全省乃至全南网的调度系统中，博士、硕士等高材生比比皆是；梅州的电网架构相对简单一些，珠三角电网技术分析计算的那种常见的复杂运算，梅州供电局的工作人员连接触的机会都少，更别说实践。作为一个山区局的本科生来说，要得到这个奖，非常不容易。
不积跬步，无以至千里。事实上，甘斌取得这个奖，两个月的“奇效”确实是“神话”，但是更与他平时积累的量变有很大的关系。“干一行，钻一行，但不满足于所在岗位的知识。”这是很多同事对于甘斌的评价。正是这种对于岗位知识和技能的“不安分”，才一步步成就了他今天的成绩。
蓄势再发
诸多奖项荣誉只是一个新开端
目前，甘斌被安排在梅州供电局电力调度控制中心运行方式助理专责岗位，负责分析复杂电网，有了更好的平台发挥。
为了更好地调整优化运行方式，甘斌和同事们经常会一起探讨，有的时候甚至会有一些争论，但争论仅局限于工作及技术层面，讨论热烈了有时候部门领导也会参与进来。甘斌很享受这种氛围。
在同事的眼中，甘斌是个头脑灵活、执行力很强的人，“对于同一个问题，他的着眼点和视角往往会有出奇不意的地方，也总能想得比别人更多、更广、更深入。”共事多年的丘演峰如此评价。
“在一个岗位久了，就难免产生惰性，甘斌所取得的成绩，让我们大家都打了个激灵，让我们思考要有勇气来突破，打破自己蜷缩的‘舒适的安全区’。”与甘斌一同入职、又一同来到调度的任萌说道。
“在一个岗位，却从不局限于自己岗位的技能，作为一个年轻人，愿意去涉猎、思考和钻研更多岗位以外的知识和技能，这正是甘斌难能可贵的一面。”这是调度控制中心主任黄翠莲眼中的甘斌。
“偶尔的得奖并不能代表什么，接下来的工作还是要认真做好，毕竟对于电网企业来说，每一个生产环节都是环环相扣的。只有每个岗位的技能人才水平都提高了，整个企业的短板才能变长。”在沉甸甸的奖项面前，甘斌还是如初的谦虚。
不可否认的是，甘斌的一路走来，会成为一个轨迹的榜样，带动企业更多岗位技术的提升，因为他的所为告诉大家，只要肯思考，坚持钻研，一定会有结果。
对年仅31岁的甘斌来说，“中央企业技术能手”的荣誉显然只是他职业生涯的一个新开端。他的不断思考、他的执着勤奋、他的良好心态，将在每天进步一点点的积累下，积累出大踏步前进的巨大能量。",媒体新闻,14305719700551732416_0_1580,在一线岗位上淬炼成钢,电科院,1
"　　2016年净利润猛增169% 仍处5年内低位
　　近日，电科院(行情300215,买入)发布的年报显示，2016年，公司营业收入5.53亿元，同比增长32.58%，净利润7067万元，同比猛涨169.68%。
　　电科院表示，公司业绩的大幅增长，主要因为营业收入的增长和公司规模的扩大，公司检测能力持续提升，检测项目继续拓展和丰富，公司资质继续扩展。
　　虽然电科院的业绩有所增长，但长期来看，其业绩仍处于5年来的相对低位，尤其是净利润，较之2013年和2012年大幅下滑。
　　实控人父子齐抛减持计划夫妻套现均已过亿近
　　5月4日晚间，电科院发布公告称，公司实控人之一胡醇，计划六个月内以大宗交易或集中竞价方式减持公司股份不超1600万股，占总股本的2.11%。
　　就在不久前的2月16日，电科院另一实控人胡德霖，也是胡醇的父亲，曾披露，拟减持公司股份不超1500万股，目前尚未实施。
　　值得注意的是，2016年，胡德霖就已经大量出售过电科院股份。8月23日，胡德霖披露，拟减持不超过1200万股，7个交易日后，就完成1200万股的减持，成交均价16.21元/股，套现近2亿。
　　同样依靠减持成为亿万富翁的还有胡德霖的前妻王萍，据富凯财经了解，2016年，因为离婚财产分割，王萍获得胡德霖无偿转让的3200万股电科院股份，后通过大宗交易出售1500万股，套现2亿左右，目前仍持有电科院1700万股。
　　多股东开启甩卖模式股价腰斩再度探底
　　同样开启甩卖模式的还有电科院的第二大股东，据了解，2016年4月－9月间，中国检验认证集团测试技术有限公司通过大宗交易累计卖出735万股，套现1个多亿。
　　与电科院营收四五亿，净利润不足1亿的情况相比，重要股东动辄过亿的减持套现引得投资者怨声载道，股吧中一片骂声。
　　而电科院的股价也是自高位后经历腰斩，持续萎靡不振，近期，更是出现再次探底的迹象。",媒体新闻,6493139005488732452_0_491374,电科院业绩创近6年第二差 实控人全家齐上阵减持套现,电科院,1
"5月2日，江苏金智科技股份有限公司（以下简称“金智科技”）发布公告称，公司模块化变电站业务呈现良好发展态势，2017年前4个月，该项业务新增订单金额已达1.14亿元，超过2016全年该项业务营收规模（1.12亿元）。以上成绩的取得，标志着公司电力产品业务一二次融合成效突显，工厂预装式模块化变电站市场认可度不断提升，有望成为公司未来重要的业务增长点。
模块化优势明显 提早布局是关键
金智科技一直看好模块化变电站业务方向，早在2015年9月便出资6800万元收购并增资扩股中电新源智能电网科技有限公司（以下简称“中电新源”），持有中电新源51.01%的股份，成为控股股东。
资料显示，中电新源成立于2009年12月，为江苏省高新技术企业，积极致力于35KV――220KV电压等级模块化变电站的研发、制造和销售，在业界处于领先地位。
据中电新源董事长包红旗介绍，模块化变电站是一种变电站建设的新模式，它使变电站的建设具有占地小、可靠性高、施工周期短、性价比高等特点，特别适用于地形复杂、高海拔、高污染、施工周期短、对外出口等情况的应用，目前在新能源领域应用广泛。随着我国电力系统的不断发展，模块化变电站将成为变电站建设的主流选择之一。
值得一提的是，工厂预制式模块化变电站是中电新源的核心产品，分为室内和户外两种，在新能源并网接入领域已得到广泛认可。与传统建设型变电站相比，具有施工周期短、性价比高、运输方便（集装箱运输，可通过高速收费站）、占地面积小、安装便捷（只需基础水泥台）等特点，深受市场投资人青睐，已在多个新能源电站顺利投运。
扩大产能 迎接产业量利齐升
金智科技董秘李剑告诉本报记者，当初收购中电新源就是为了实现一二次融合，在电力产品业务领域实现弯道超车。通过将中电新源的研发、技术实力与金智科技在品牌、资本、产能、渠道、营销、二次设备等方面的优势进行整合，达到优势互补，做大做强模块化变电站业务。
据了解，自收购以来，依托金智科技广泛的销售网络，工厂预制式模块化变电站的推广进度超预期，2016年公司持续中标了“山东莱西风电场220KV升压站”、“景家塬光伏电站110kv升压站”等项目，实现营收1.12亿元，净利润3649万元，同比分别增长102%和563%。
公司公告称2017年前4个月份模块化变电站业务新增订单金额已达1.14亿元，已接近2016全年的订单金额，其良好的发展态势预计对公司2017年度经营业绩产生较大的积极影响。
本次公布的12个新签项目中，有5个来自于“中国华能集团2017年度6.30光伏应急项目”主要设备的采购项目。华能集团此次招标模块化变电站11个，公司中标其中5个。这是我国五大发电集团第一次以集中采购的方式对模块化变电站进行公开招标，且招标模块化变电站数量较多，说明模块化变电站已经为五大四小发电集团占主导的发电市场所接受，得到主流市场的认可。为了应对急速增长的订单需求，公司积极扩大产能，新建的中电新源5号厂房及综合楼项目有望在下半年投入使用，届时产能预计增加一倍，为迎接行业的量力齐升阶段做好准备。
机构调研会上，当被问到金智科技在模块化变电站业务领域真正的核心竞争力时，公司董事长徐兵表示，公司旗下的中电新源是国内工厂预制式模块化变电站的首创者，凭借其自身优良的技术研发实力，外加公司本身的电力设计院，加强了“交钥匙”的能力。所有设备电线出厂前已连好，保证了投运的时效性。目前国内还没有出现真正意义上的同类产品。
由于天生的设计优势，安全性大大增加，变电站管理得以简化，工厂预制式模块化变电站在国外已非常普及，随着国内市场倒逼，模块化变电站不可避免将成为下一代变电站发展的主流方向之一。据闻，国家电网公司正在积极组织模块化变电站方面的调研工作，金智科技还承接了国网电科院的快速组装变电站方面的一个科研项目。此外，金智科技还受邀承接了南方电网公司的一个模块化变电站的示范项目。
谈及模块化变电站2017年发展战略，公司表示，将积极拓展其在海上风电升压站、大型储能变电站、城市电力系统的老旧站改造及新站建设等领域的应用。其中，海上风电升压站产品的问世，将打破该领域长期由西门子、ABB垄断的局面。在城市变电站升级改造方面，利用先进的模块化技术，未来可将变电站建在地下，原有土地因此被空出，由此可产生巨大的附加效应。
随着模块化变电站市场的不断扩大，将不可避免有新的竞争者进入该领域，金智科技的发展战略是由行业“唯一”转向行业“第一”，夯实模块化变电站行业的龙头地位，引领行业方向，驱动产业创新。
近几年，金智科技加速推进“智慧能源+智慧城市”的双轮驱动战略。在智慧能源领域，公司完成了电力自动化业务整个产业链的战略布局，业务贯穿电力产品、电力设计与工程服务、新能源投资运营的全过程。自2010年公司开始向综合解决方案提供商转变，先后收购了乾华科技、金智晟东、中电新源等公司，不断扩大智慧能源版图。在智慧城市业务领域，过去两年由于受房地产市场影响，发展较缓，公司在经营上一方面奉行“做减法”，砍掉毛利率低，回款能力弱的项目；另一方面，公司积极开发新市场，抵御行业周期波动，在新疆、安徽等区域取得重要突破，并积极探索新能源应用、节能环保等新业务方向。
这个源于百年名校-东南大学的企业，正朝着智慧能源+智慧城市之梦大步迈进。",媒体新闻,2168173901892854170_0_66138,金智科技模块化变电站业务受业界认可 迎来量利齐升阶段,电科院,1
"证券代码：300265 证券简称：通光线缆编号：2017-056
    江苏通光电子线缆股份有限公司
    2017年半年度业绩预告
    本公司及董事会全体成员保证公告内容的真实、准确和完整，没有虚假
    记载、误导性陈述或者重大遗漏。
    一、本期业绩预计情况
    1、业绩预告期间：2017年1月1日至2017年6月30日
    2、预计的业绩：同向下降
    3、业绩预告情况表
    项目
    本报告期
    上年同期
    归属于上市公司股东的净利润
    比上年同期下降15%―45%
    盈利6591万元
    盈利3625万元―5602万元
    注：
    （1）2016年，江苏通光电子线缆股份有限公司（以下简称“公司”）完成对江苏通光
    信息有限公司的收购，因发生了同一控制下的业务合并，根据《企业会计准则第20号―企
    业合并》的相关规定，同一控制下的企业合并，应视同合并后形成的报告主体自最终控制方
    开始实施控制时一直是一体化存续下来的，体现在其合并财务报表上，故对上年同期财务数
    据进行追溯调整。
    （2）公司于2017年6月2日召开的第三届董事会第二十三次会议审议通过了《关于以
    现金收购德柔电缆部分股权并增资的议案》，公司与德柔电缆（上海）有限公司原股东于2017
    年6月30日完成资产交割，根据《企业会计准则第33号――合并财务报表》的相关规定，
    公司2017年半年度合并范围中新增德柔电缆（上海）有限公司。
    （3）非经常性损益对净利润的影响约为780万元，主要为套期保值损益及政府补贴。
     
    二、业绩预告预审计情况
    业绩预告未经过注册会计师预审计。
    三、业绩变动原因说明
    报告期内，归属于上市公司股东的净利润下降的原因：
    1、受市场竞争加剧影响，公司产品综合毛利率较上年同期有所下降；
    2、公司扩大融资规模，财务费用较上年同期有所上升。
    四、其他相关说明
    本次业绩预告是公司财务部门初步测算结果，未经审计机构审计。具体数据
    将在公司2017年半年度报告中详细披露，敬请广大投资者审慎决策，注意投资
    风险。
    特此公告。
    江苏通光电子线缆股份有限公司董事会
    2017年7月12日",媒体新闻,2799144765596391132_0_588940,[业绩预告]通光线缆:2017年半年度业绩预告,电科院,0
"北京晨报讯（记者 王刚）日前，“走在世界科技强国征程上的中国科学家主题展”巡展北京电子科技职业学院站启动仪式举行。
    据悉，“走在世界科技强国征程上的中国科学家主题展”是第一次以科学家群体为主题的大型展览，涵盖中国现当代科学家近700位。2017年中国科协组织重新制作了“走在世界科技强国征程上的中国科学家主题展”，在迎接5月30日全国首个科技工作者日之前在北京大学展出，北京电子科技职业学院站巡展是该活动首次进入北京高职院校，此后将继续在北京及全国部分省市巡展。",媒体新闻,15872668864006275976_0_670,中国科学家主题展首次走进电科院,电科院,0
"全国青年文明号
        让青春在服务中闪光
        “谢谢闺女，下次我就知道户号了，你们的服务真好。”窗外寒风袭袭，室内春意暖暖，在国网北京城区供电公司的营业大厅，一位聋哑客户徐奶奶边将电费收据装好，边将写着感谢话的字条递给营业员。
        早上八点半，营业厅刚开门，走进来一位满头白发的老奶奶，她有些手足无措，营业班班长邢颖微笑着主动询问她需要提供什么服务，出乎意料的是，这位老奶奶只是一味地指点、比划着，不说话，小邢马上意识到这是位聋哑人，但是自己不懂手语，怎么与其沟通呢，她拿来一张纸让其把想说的写在纸上，“官园南里，徐荣光，100元。”一张字条连同100元钱递了过来。“请问您是要交费吗？”老奶奶听后连忙点了下头。“麻烦提供下徐荣光的户号？”她接过笔和纸写道“没有。”“没有户号怎么交费呢？她还是一位聋哑的老者，让她回去找户号太不方便了。”小邢默默盘算着帮老奶奶交费的办法。她突然想到找负责这个片区的抄表员来提供户号的办法。她立即联系抄表员说明情况，5分钟后，抄表员就查到了户号，经过有关信息的确认，就是老奶奶家。得到了老奶奶的户号，小邢很快帮徐奶奶完成了交费业务。这也便在有了白纸上感谢的话语。
        一个炎炎夏日，营业厅里客户络绎不绝。忽然，一个焦急的声音打破了营业厅有序办理业务的场景。
        “这是怎么回事！我刚刚充了100元钱的电费，家里为什么还没有电，你们必须给我说清楚，要不就投诉你们！”一位60多岁的老大爷高声说道。营业厅值班员小杨快步迎了上去“大爷，您别着急，有事慢慢说，我们一定会给您解决！”她边说边扶着满头大汗的老人坐到一旁的休息区。
        “我刚充的电，电费票还在这呢，可回家后家里还是没有电，你说我生气不生气。”小杨赶紧微笑着安抚道：“您先别着急，等我给您核实一下。”小杨按照电费票上的客户编号输入售电系统后发现大爷家是磁卡表用户，确实有一笔早上9点32分的购电记录。“大爷，您把电卡插入电表时，电表显示数字了吗？”“买上不就行了吗？还要插电表？”原来之前老人家都是儿子买电，以为只要充值后家里就会有电，根本没有把电卡上的电量输入电表。于是小杨耐心的给大爷讲解电卡的使用方法。听完小杨一席话，大爷的情绪逐渐平静了下来。
        这是两个真实的故事，就是国网北京城区供电公司营销部（客户服务中心）营业班的日常工作。这是一个充满朝气和活力的青年集体，是一支业务、思想双过硬的青年先锋队伍，自2004年成立以来一直肩负着首都核心区范围内所有电力客户用电报装业务，并提供涉电业务咨询等多项便民服务。营业班现有青年员工8名，平均年龄25岁，秉承“你用电，我用心”服务理念，提出“有限青春，无限服务”口号，始终活跃在电力行业为民服务第一线，努力做到“温馨100%，真诚100%，满意100%，祝福100%”。首创开展“服务因您而变，意见换取礼物”主题活动，受到客户的一致好评。
        营业班先后荣获“国家电网公司奥运安全供电和优质服务定点营业场所”，北京市电力公司工人先锋号、红旗班组、青年文明号、十大优秀团队、巾帼标兵岗，北京市青年文明号等多项荣誉，获得北京市、西城区等各级人民政府、国家电网公司等上级领导的充分肯定。近日，被共青团中央、国家发改委、国资委等单位联合授予“全国青年文明号”荣誉称号。
        北京市青年创新工作站
        将“科技+”融入创新基因
        2016年，为了引导青年员工积极投身“创新驱动发展”战略，不断提升自主创新能力，培养造就干事成事的青年创新型人才队伍，国网北京电力科学研究院团委在院党委的带领下，联合科技部门成立了工作组，整合单位内外部资源，广泛动员团干部、青年骨干积极参与建设，组织创建了“国网北京电科院‘科技+’青年创新工作站”。
        青年创新工作站设立了“青年创新工作室”、“青年创新之家”、“创意孵化小屋”等区域，为青年员工提供培训交流、研究攻关、和成果展示、资料查询、灵感冥想等多种活动功能，并且用运行制度体系规范创新，用高水平专家讲师指导创新，用优质实验室资源支撑创新，为青年员工搭建了一个“给力、贴心、实用”的创新工作平台。
        国网北京电科院青年创新工作站创建以来，吸引7个青年创新小组入驻。各小组严格落实工作站管理制度，有效运用实验室资源，在专家讲师的指导下，围绕企业中心工作积极开展创新活动。
        时值公司“青年创新创意大赛”如火如荼开展，青年员工参赛热情空前高涨，开展创新工作需求迫切。
        青年创新工作站的“绿色行动”青年创新小组在工作站进行一次交流研讨时，小组负责人刘秀兰谈起参与的电动汽车直流充电桩检测工作简直是困难重重：
        一是电动汽车充电站建设工期紧任务重，充电桩检测工作人员往往要协调多个汽车厂家派送车辆参与测试，费时费力费神；二是在充电测试环节，车辆电池一旦充满就需放空才能重新测试，只能由工作人员长时间开动车辆放电，占用工时又有安全隐患；三是测试设备笨重、接线复杂、操作繁琐，工作人员需经长期培训，工作中难免出现接线错误，影响工作效率。“咱们的充电桩检测人员真是太辛苦了！”刘秀兰感叹道，“这样一直下去也不是办法，我们创新小组应该做点什么！”
        她的提议引起了小组成员的共鸣，“绿色行动”青年创新小组在讨论后认为，当前公司大力推动电动汽车充电站建设，广大电动汽车用户迫切希望充电更便捷，必须大力提升充电桩检测工作效率，不能让充电桩检测环节成为充电站建设工程的短板。小组成员制订创新计划，注重分工协作，加强现场调研，每日往返于各个汽车厂家之间，研究各种车型充电特性，建立“电动汽车特性数据库”和“充电故障分析诊断库”。
        经过近半年的技术攻关，青年创新小组终于研发了直流充电桩现场智能检测仪。新的检测仪体积只有篮球大小，携带方便、接线简单，能够替代市面全部车型进行模拟充电测试，极大地提高了直流充电桩检测工作的效率，现已逐步推广应用到国网北京市电力公司电动汽车充电设备生命周期的各个环节。
        除了研发直流充电桩智能检测仪，青年创新工作站还形成了“电能计量设备订单式直配体系”“电动汽车智能充电网络系统”等十余项科技产品，正在开展“煤改电”物资检测、“互联网+电动汽车充电”等方面的创新项目研究。
        国网北京电科院“科技+”青年创新工作站的项目成果，在国家电网公司第二届青年创新创意大赛中，取得1金1银的优异成绩。7个项目被国网北京公司选送参加首届“国际创新创业博览会”，在团北京市委展区进行展示，得到了上级团组织领导的高度肯定，受到了多家媒体报道。
        在电科院党委的领导和上级团组织的指导和帮助下，国网北京电科院“科技+”青年创新工作站定将充分发挥自身优势，指导青年深入思考、大胆探索、勇于实践、破解难题，将“科技+”融入创新基因，放飞青春多彩梦想，促进青年员工逐步成长为锐意进取的创新者，为企业科学发展贡献青春智慧和力量。
        北京市青年突击队
        奋战在城市副中心电网建设第一线
        2016年6月，面对北京城市副中心电网建设形势，依据北京市政府、团市委的相关要求，国网北京市电力公司成立了以经研院青年党、团员为骨干的“北京城市副中心电网建设经研院青年突击队”，将突击队建设与企业中心工作相结合，重点推进运河220千伏变电站工程建设任务。2016年6月至2017年4月期间，突击队结合运河220千伏变电站现场实际工作任务，选拔35位优秀青年组成精英团队，涉及前期策划、设计、建设管理等多个专业，圆满完成了建设阶段性目标，为副中心电网的整体建设工作注入“青春力量”。
        自从突击队成立以来，建设管理中心的李豪、孟锴就显得十分忙碌，作为运河220千伏输变电工程的项目负责人，他们不但要与相关的委办局密切协作，还要积极开展工程建设管理工作，真有些“你方唱罢我登场”的感觉。
        为了能够顺利完成相关工作，突击队积极弘扬“五四”精神、发扬光荣传统，主动将关口前移。“一般我们的建设管理工作都是在施工图阶段介入，这个工程由于时间紧张、意义重大，我们在可研阶段就着手介入了，这样虽然增加了工作量，却有利于我们准备后续的工作，争取了宝贵的时间。”李豪解释说，“这也是特殊工程特殊对待，运河站紧邻地铁，施工难度大，周边情况复杂，协调起来也不容易，北京公司、经研院和属地单位都非常重视，也非常支持。我们自己作为项目负责人更是要迎难而上，见招拆招，克服一切困难把这个活儿干好。”李豪一边说着整理着资料。
        据李豪介绍，运河220千伏变电站位于副中心商务服务区内，是副中心范围内配套开工的第一座220千伏变电站，由于用地紧张，采用了地下站设计布局，基坑深度超过20米。又因为临近地铁和温榆河，作业空间有限，并未采用常规的基坑外的土钉桩支护，而是采用了基坑内支撑的方式进行基坑支护。“这个变化对我们的科研、设计、建管等提出了全新的挑战，因为没有经验，设计人员就要反复进行论证、优化，确保方案可行。而由于内支撑使得并不宽敞的作业空间变得更加狭小，我们又要确保安全施工和质量要求，在工期已经确定的情况下，压力可想而知。”李豪介绍起来，依然心有余悸，“幸亏我们依靠着智慧工地管控平台，实现了全过程的视频监控，能够实现对工程的24小时监控。依托智慧工地管控系统的工程进度管理、安全管理、质量管理、队伍管理、综合管理5项模块，我们还能实现劳务实名制系统、环境监测系统、视频监控系统、基坑沉降观测系统、塔吊运行监控系统、移动终端APP 6项功能，有效保证了变电站的施工进度和质量要求。”
        “正是由于运河220千伏变电站工程建设任务艰巨，我们才加快了智慧工地管控系统的投入进度，反过来，这一系统的应用，也为运河站的建设管理工作提供了有效帮助。”李豪总结道。
        解决了变电站的施工问题，沟道施工又成了突击队员的拦路虎，运河的外电源隧道工程全场3.5千米，全部采用暗法挖施工，下穿温榆河、地铁6号线市政管线等地貌设施，需要协调市政、交通、水务局、地铁公司等多个部门单位。“每一方的要求都不一样，我们必须制定出一套合理的进场施工方案，最大限度满足各方的需求，并形成最终的统一意见。为了这个目标，我们从2017年元旦以后，已经组织28次工程协调会，才确定了最终的进场方案，并于4月上旬顺利实现了工程进场施工。”同为突击队员的孟锴介绍说，言语里不无激动。
        目前，运河220千伏输变电工程正在按照国家电网公司里程碑计划进行施工，经研院的青年突击队员们也和广大建设者们一起，发挥青年力量，展现青年创造力，全力保障城市副中心电网的高标准、高质量建设。
        在运河220千伏输变电工程现场，新一代电网建设青年突击队员正以“青年甘为社会作奉献”的高度责任感，夜以继日地奋战在建设一线，他们爱岗，所以能把突击队大旗一扛到底；他们敬业，所以能把突击队精神代代流传；他们奉献，所以能把突击队战歌越唱越嘹亮。
        北京市青年突击队
        全面打赢北京城市副中心电网建设攻坚战
        在北京市第十一次党代会上，北京市委、市政府明确提出要聚焦通州战略、打造功能完备的城市副中心。按照国家发展战略，国网北京通州供电公司在国家电网公司和国网北京市电力公司的坚强领导下，发挥党员引领作用，集中优势力量，成立北京城市副中心电网建设青年突击队，率先打响了高水平规划建设城市副中心电网，服务京津冀协同发展的战役。
        城市发展，电力先行。2016年1月26日，北京城市副中心配套电力迁改工程启动，国网北京电力成为行政办公区第一家开工建设的单位，同时标志着城市副中心配套电网建设全面开展，北京城市副中心电网建设青年突击队成为了这支建设军团中的主力军。
        除了迁改工程，应急抢修分中心建设、副中心各配套变电站建设施工现场都留下突击队员们奔忙的身影。工程建设期间，青年突击队员积极发挥自己的才能，在安全、质量、项目管理、技术创新、绿色施工等方面精益求精，并在工作过程中不断学习提升自身专业素养。
        2017年3月，行政办公区配套电网项目“1+3”变电站中的辛安屯、东夏园、新胡各庄110千伏输变电工程建设相继启动。3个110千伏变电站甲方项目经理的重任就落在3名平均年龄未满30周岁的突击队队员的肩上。
        蒋晨就是这3名项目经理中的一员，他所承担的110千伏辛安屯输变电工程是3个配套站中第一个开工、也是建设时间最紧张的一个站。“2017年底，四大市级机关就将率先入驻行政办公区，3个配套110千伏站都是未来保障行政办公区正常运转的重点站所，必须按期投运。除此之外，辛安屯站还承担着切倒在运的胡各庄站负荷的任务，因为胡各庄站在行政办公区其他规划的地块上，必须先退运拆迁才能保障办公区下一步的建设进度，因此，对辛安屯站工期的要求就更紧张了。”蒋晨如是说。
        无独有偶，辛安屯站站址在前期文勘环节，勘探出古墓，为了有效地进行文物保护，辛安屯站的开工时间被一推再推。回忆开工前那段时间，蒋晨说“那段时间真的很着急，因为工程的关门时间是定死的，晚一天开工，整个工程工期就压缩一天。我们一方面每天到现场对接文保局工作进度，一方面动态调整工程里程碑计划，做好前期准备工作，力争文勘结束后立即开工。”
        在辛安屯输变电施工现场，施工车辆、人员井然有序，深达4.5米的基坑四周立起了安全围挡，基坑坡面裸露土壤部分已经都用防尘网遮盖到位，整个工程现场处处整洁、规范。蒋晨说：“工程开工已经近两周了，为了确保工程实施进度，我们现在采取‘日巡视’、‘周例会’的工作机制。每天至少来现场巡视两次，发现问题随时协调施工方和监理方共同解决，每周会进行一次例会，就一周内发现的问题集中进行总结，吸取经验和教训，为后续更复杂更繁琐的施工打好基础。”
        2017年，国网北京通州公司将有15项输变电工程处于建设期，年内计划投产10项。蒋晨说，他只是参与这些工程建设的青年突击队员中最普通的一个，既然身为青年党员，就该在这样关键的节点冲锋在前，发挥青年人的活力和热情，展示通州青年供电人的责任和担当。正是因为有了这样的勇担重担、乐于奉献的青年突击队，全面打赢北京城市副中心建设攻坚战的信心才会更足，脚步才会更坚实。
    来源：中国青年报（
              2017年05月05日
              08
              版）",媒体新闻,2524041725895082038_0_426,穿梭在电网中的青春,电科院,0
"　　<IMAGE SRC=""http://mmbiz.qpic.cn/mmbiz_gif/Qyn3PDJxmHhwfT8mWQPlMvIib4d8LK0Qict7YlB77JgTHAyaClbzna4ykOUTKgeXicnquQ9qqb15r6EH6obnfXt1Q/0?wx_fmt=gif"" >
　　&市场迎反弹
　　创业板首当其冲
　　------
　　周二，市场出现了反弹行情，早盘沪市一路走低；午后，在创业板带领下出现了反弹行情。两市共计成交4124亿元，较上个交易日减少1572亿元；主力合计净流出954亿元。截止收盘，沪指涨0.35%报3188点，深成指张0.48%报10104点，创业板指涨0.67%报1667点。矿物制品、多元金融、钢铁等板块涨幅居前，电器仪表、家用电器、银行等板块跌幅居前。
　　龙虎榜营业部
　　资金净买入前三是中天金融、博深工具、同花顺，金额分别达1.05亿、1.02亿、0.44亿元。中天金融（000540）突破底部平台区域以及较低的市盈率受到市场追捧。
　　龙虎榜数据
　　睿能科技（603933）：一机构席位买入841万
　　高升控股（000971）：一机构席位买入1485万，一机构席位卖出351万
　　民和股份（002234）：国元上海周家嘴路及万和成都蜀汉路游资封板，三机构卖1792万
　　金安国纪（002636）：华泰绍兴府山及浙商临安万马路游资封板，一机构卖出660万
　　昊华能源（601101）：申万武汉武大园一路及东兴邵武五一九路游资封板
　　多喜爱（002761）：浙商深圳蛇口工业七路及中信浙江分公司游资封板
　　洪汇新材（002802）：华泰孝感长征路及华泰广州番禹东环路游资封板
　　敦煌种业（600354）：东兴邵武五一九路及华泰无锡解放北路游资封板
　　四通股份（603838）：中信上海漕溪北路及海通上海福州路游资封板
　　上峰水泥（000672）：浙商湖州双子大厦及国君上海福山路游资封板
　　任子行（300311）：东兴上海肇嘉滨路及国联杭州中山北路游资封板
　　中国武夷（000797）：中投无锡清扬路及东兴福州杨桥中路游资封板
　　腾邦国际（300178）：万联广州东风中路及兴业福州湖东路游资封板
　　华鹏飞（300350）：东方桂林中山中路及天风成都双成三路游资封板
　　高兴发展（000628）：中投无锡清扬路及浙商湖州双子大厦游资封板
　　电科院（300215）：光大佛山季华六路及国君上海福山路游资封板
　　博深工具（002282）：光大佛山绿景路及长江惠州下埔路游资封板
　　康跃科技（300391）：华鑫深圳分公司及华泰成都南一环游资封板
　　龙虎榜精选
　　<IMAGE SRC=""http://mmbiz.qpic.cn/mmbiz_jpg/fEAB2Xs0XiccACGjuTxRiaCaVYlryib4xBeo60qao9YEHsr3kUXHt3MEhYiaZbWDNFQUV2v4kYqjTfYQ2xrHccJZEg/0?wx_fmt=jpeg"" >
　　电科院为业绩预增股，不过这次上榜明显走的是反弹路线，业绩预增+人气股，才涨停；任子行打涨停直接带动市场人气，电科院作为人气股+业绩股被资金首先关注也属于情理之中。
　　龙虎榜席位
　　佛山季华六路+国泰上海福山路主导
　　季华六路主导的暴力板，果然是佛山暴力板游资，专打弱市板主力。
　　国泰君安上海福山路一般打板以低吸操作为主，最近活跃度下降了不少。这次也掺合上打反弹板了。看来真是弱市多枭雄啊！谁都想在这个弱势行情大胆分羹！
　　电科院连二板可能性不大，不过可以趋势关注，两次板了，人气还是可以的，加上业绩和趋势还是不错，还有一点是电科院昨天承接人气打的板，后面持续性也不太好判断。且看且行吧！
　　关注“一股通”一个专业、靠谱、严谨的A股内参资讯平台，周一至周五，每交易日早盘前准时送上最新、最全、最高效A股相关资讯！关注订阅即可免费获取~
　　*A股头条资讯、市场研读、热点题材；
　　*龙虎榜、个股公告、大事件、解禁表；
　　*解股解盘、咨询推荐、操作建议、合作共赢；
　　合作相关
　　<IMAGE SRC=""http://mmbiz.qpic.cn/mmbiz_jpg/Qyn3PDJxmHiarw15DrjF3xwEe0Oh3cudHicYgMLMoBB3jbblo1VzI9bH5uI7tersT2P45lsYfibobwTWMjf6DDHsw/0?wx_fmt=jpeg"" >
　　【微信号：1578088704】
　　长按二维码添加好友 了解合作细节~
　　点击屏幕顶部“一股通”轻松订阅每日A股资讯；盘前5分钟，炒股更轻松~
　　季华六路再次暴力出击，打板反弹业绩人气股电科院！",微信,weixin_622767070,季华六路再次暴力出击，打板反弹业绩人气股电科院！,电科院,1
"　　坚定不灭的信念，哪怕失败了也不能怀疑自己的模型！这是对自己最大的鼓舞，自己给自己足够的信心.......
　　因为股市投资必须要有自己的模型，不然就会随波逐流，找不到方向与出口...........
　　尽早就在荔枝电台上跟大家说过了，昨天最大的失误与遗憾就是没有按照规划模型去狙击冲天模型超级强势股0009333神火股份，盈利卖出300215电科院之后，然后在盘中发现强势股600326西藏天路当时正好处在规划模型买点附近徘徊所以就没有认真看看就直接去执行操作12.71元成交买入，收盘价正好又收在12.72元，因此昨天的操作打成了平手，失去拥有盈利空间的主动权，所以今天只有高开继续冲高才能实现盈利，结果只给了瞬间机会，又没有很好把握住卖点，所以只能以亏损出局！
　　然后耐心等待机会尾盘以集合竞价11.42元成交买入300215电科院，11.42元也就是今天它的最低价，我再次以今天的最低价再次接回来，能否实现一只股票能多次连续盈利，就看周一的具体情况了，因为今天又打成平手，丝毫没有拥有主动权，很被动的，这种情况就只能听天由命了..........
　　<IMAGE SRC=""http://mmbiz.qpic.cn/mmbiz_png/Xs7n1LsLgiaPGh2rjB2Ej7G2ou3YFxFYChcHG6g1Gd7ZAiaxQuWRtOFg4v7t89mdiczMFDtDldBdOibicol6xEBNPmg/0?wx_fmt=png"" >
　　<IMAGE SRC=""http://mmbiz.qpic.cn/mmbiz_png/Xs7n1LsLgiaPGh2rjB2Ej7G2ou3YFxFYCv5YhCeTicpOwVLVh6K6Cg1eAsQ7trZdsHjKLJGKY4t3PguNxQk3Et0A/0?wx_fmt=png"" >
　　<IMAGE SRC=""http://mmbiz.qpic.cn/mmbiz_png/Xs7n1LsLgiaPGh2rjB2Ej7G2ou3YFxFYCutG4r3IFGJnLEZB6m1fzrnaBXTxibILu1ND9USmXM5dZmZQOAdAdC2w/0?wx_fmt=png"" >
　　<IMAGE SRC=""http://mmbiz.qpic.cn/mmbiz_png/Xs7n1LsLgiaPGh2rjB2Ej7G2ou3YFxFYCicLE5iaHD687XUicJfb7IhdsMcpfsSMM42AZOQwzLAkePOJdZ2Y0libvBw/0?wx_fmt=png"" >
　　其实今日规划买点11.42元不是很标准的买点，但是也是其中的买点之一，所以到了买点就去执行操盘纪律，哪怕亏了也要去执行......不然往往会错过一些机会的......
　　<IMAGE SRC=""http://mmbiz.qpic.cn/mmbiz_png/Xs7n1LsLgiaPGh2rjB2Ej7G2ou3YFxFYCq1RZIQlxVbcf2CqFka9gUzIZeibHJDBXamY4g9V02ohVQcGOFGrNdjw/0?wx_fmt=png"" >
　　坚定不灭的信念，哪怕失败了也不能怀疑自己的模型！（300215电科院）",微信,weixin_631000060,坚定不灭的信念，哪怕失败了也不能怀疑自己的模型！（300215电科院）,电科院,1
"　　电科院基层党支部与集团公司调控中心党支部携手“涉网安全专项检查”
　　<IMAGE SRC=""http://mmbiz.qpic.cn/mmbiz_jpg/Tf9mv0CPsfeCpSnTAFwbMiapicZ6YAwQnCQcPKEhKuAQvFvsUMZ7bvovB75xaCicYpg0llbf1wiaboZo4xuzX8p81Q/640?wx_fmt=jpeg"" >
　　5月17日，电科院生产管理、继电保护、热控技术、汽机技术四个党支部，联合集团公司调控中心第四党支部深入神华准格尔有限责任公司矸石发电公司，开展“涉网安全专项检查回头看”主题党日活动，做实做细机网协调、推动党员生产示范作用、促进党建服务中心工作。
　　<IMAGE SRC=""http://mmbiz.qpic.cn/mmbiz_jpg/Tf9mv0CPsfcA4uPhNkmgJVUZpApLknC4To5mch9s0QLlWJqoGOJRLSzDibayLHYZCaic6FuE2UQAbWA0mKCAmLEw/0?wx_fmt=jpeg"" >
　　<IMAGE SRC=""http://mmbiz.qpic.cn/mmbiz_jpg/Tf9mv0CPsfcA4uPhNkmgJVUZpApLknC4IHgC2Y0P1pqG2vTaTcOputcgyn5BZUYnqVAMZVyeXBnwROWk7Lfs0Q/0?wx_fmt=jpeg"" >
　　调控中心第四党支部书记、运行处副处长齐军传达了国家能源局、国调中心和集团公司调控中心 “开展并网电厂涉网安全专项检查回头看活动”精神；讲解并网电厂开展涉网安全专项检查工作的重要性和必要性；介绍了涉网安全专项检查工作对加强发电企业机网协调参数和无功电压设备管理、提升电源侧的可观性和可控性起到的作用和意义。
　　<IMAGE SRC=""http://mmbiz.qpic.cn/mmbiz_jpg/Tf9mv0CPsfcA4uPhNkmgJVUZpApLknC4OaUwNmuHWnEyH8fu061oibZJZ58gPxTUibzCwoz2dibNYVordwjEAicP9w/0?wx_fmt=jpeg"" >
　　电科院生产管理党支部书记、生产技术处处长张振民传达了内蒙经委技术监督工作精神，介绍了电科院技术监督能力建设和2017年技术监督工作新形势，交流了全面落实党支部“一对一”联络机制、党支部基础管理工作、“两学一做”学习教育体会、党支部在技术监督工作中的作用，了解了准能矸电在技术监督、技术服务工作中存在的疑点难点问题，表示要进一步加强沟通、提升服务，发挥技术监督保障电力生产的重要作用。
　　<IMAGE SRC=""http://mmbiz.qpic.cn/mmbiz_jpg/Tf9mv0CPsfcA4uPhNkmgJVUZpApLknC4WDuhLnAibzItjXkqwMCzzic7QQWE5HtxCKQlSRPXoyibGLAiat7PD4C2zw/0?wx_fmt=jpeg"" >
　　电科院生产技术处副处长高军与调控中心人员交流沟通了机网协调工作，并汇报电科院2017年机网协调工作开展的总体思路和目前存在的困难。与准能矸石电厂生产部门进行“机网协调工作效果和需求”的沟通交流活动，并对各电厂提出的问题和存在的困难给予解答和帮助。电科院各专业技术人员具体交流了专业技术工作。继电保护、热控技术、汽机技术党支部书记与调控中心、准能矸电党务工作者围绕“党建促中心工作”进行了交流。
　　<IMAGE SRC=""http://mmbiz.qpic.cn/mmbiz_jpg/Tf9mv0CPsfcA4uPhNkmgJVUZpApLknC4AlLq8Zb53DFhukt3tL2daT92aNYULyBuQDy5Bic2YyT7YsSQNEUUcRg/0?wx_fmt=jpeg"" >
　　神华准能矸电副总经理、总工程师邢有文介绍 “机网协调工作”存在的困难和问题，提出了利于涉网安全检查工作开展的意见和建议，对调控中心、电科院专项技术监督工作的部署和具体实施表示肯定，希望进一步加大技术监督人员的培训力度和监督工作的精细度。
　　<IMAGE SRC=""http://mmbiz.qpic.cn/mmbiz_jpg/Tf9mv0CPsfcA4uPhNkmgJVUZpApLknC4kCpOPwdbefQ7cmSMuSmT54Al57pd4Q0fT4Je9MwoMHOOmylCMUdn2A/0?wx_fmt=jpeg"" >
　　会后，调控中心、电科院人员参观了准能矸电党建活动室。
　　此次现场主题党日活动紧密结合中心工作，推进了机网协调工作的扎实有序开展，发挥出基层党支部在中心工作中的思想引领、动力保障作用，对提升专项技术监督工作、保障厂网安全运行具有积极的作用。
　　审核：赵捷
　　高丽娟
　　编辑制作：王芳
　　<IMAGE SRC=""http://mmbiz.qpic.cn/mmbiz_png/Tf9mv0CPsfeCpSnTAFwbMiapicZ6YAwQnC1B0kFa63l8wvkgM4AaG1F8D9x0WKmDXjeT78gQibibShkicOsLMDO8ywA/640?wx_fmt=png"" >
　　电科院基层党支部与集团公司调控中心党支部携手“涉网安全专项检查”",微信,weixin_516132486,电科院基层党支部与集团公司调控中心党支部携手“涉网安全专项检查”,电科院,1
"　　近日，为落实党中央协调推进“四个全面”战略布局特别是全面深化改革的战略部署，按照集团公司党组全面深化改革的要求，按照院党委统一部署，党委书记邹自立主持召开中共中国电科电子科学研究院委员会务虚研讨会，研讨会以“推动总体院改革发展，加快建成世界一流研究院”为主题，院长吴曼青，副院长李建明、安志怀、李超强、周彬、程静、张龙，首席科学家陆军，综电所所长高斌等领导参加会议，相关部门主要负责人，各党（总）支部书记等列席会议。
　　<IMAGE SRC=""http://mmbiz.qpic.cn/mmbiz_jpg/KAUia9vsdMrl9MJw8jcl99mvQHsxibAw6vQBm4TNV6fic12JiasCrqp9u2DEwiaK0vMVaLgKhDRI0y6quRKhXAgcVNw/0?wx_fmt=jpeg"" >
　　为把此次党委务虚研讨会开成既重务实、又善务虚的一次会议，党委成员落实领导班子联系点制度，围绕如何抓好党建工作，发挥总体院的思想、战略、模式和市场引领作用，深化“三项制度”改革、激发人才活力，推进法治建设和内部控制体系建设，推进企业文化建设等方面深入基层一线调研共12轮，为此次务虚研讨会的顺利召开奠定了良好基础。
　　<IMAGE SRC=""http://mmbiz.qpic.cn/mmbiz_jpg/KAUia9vsdMrl9MJw8jcl99mvQHsxibAw6vZTluuDBgoEEYsGJeDqEFGYUbhXM4gbY4RCmujWb9SMVHU4IdhT1cSQ/0?wx_fmt=jpeg"" >
　　吴曼青指出，全面深化改革是当今时代的主旋律，对电科院来说，不创新不行，不改革不行。去年科技大会，集团公司提出了建设世界一流创新型领军企业的目标。在此背景下，电科院的战略定位进一步凸显。吴曼青强调，要聚焦主业、聚焦创新、聚焦人才，在网信事业上形成国内外领跑之势。既要顶天，又要立地。“顶天”承担国家使命、责任，干好关乎国家安全的大工程大项目，“立地”就是做好科技创新，抓手是人才，朝精益化发展。
　　<IMAGE SRC=""http://mmbiz.qpic.cn/mmbiz_jpg/KAUia9vsdMrl9MJw8jcl99mvQHsxibAw6vZ5LSr635BYfHDiatBH6eicZGoiaaH3UuVQicGZhtMPx9mJh2zChT5B6jMw/0?wx_fmt=jpeg"" >
　　邹自立指出，按照集团公司党组2017-2020年总体方案中在网络信息体系等关键领域建设“世界一流”科研院所的目标要求，电科院作为总体院，一定要朝着这个目标谋划自己的改革发展，做好战略定位，聚焦到主业，要有更高的战略和更加广阔的视野。邹自立强调，全面深化改革的问题集中于电科院如何定位、创新工作如何开展、人才如何培养等关键问题，对关键问题要聚焦聚焦再聚焦，梳理梳理再梳理，理顺理顺再理顺。院党委要进一步研究深化改革，思考在体制、机制及环境营造上如何有利于人才辈出的局面出现。人才与创新是改革的重中之重，人才是全部事业最重要的基础、是做好全部工作的保障和前提。
　　<IMAGE SRC=""http://mmbiz.qpic.cn/mmbiz_jpg/KAUia9vsdMrl9MJw8jcl99mvQHsxibAw6v0xHEFwwClsRaehWHhmXBmH6IqAD8Z6UAjSaEguyibViagPGroM9Wzxxg/0?wx_fmt=jpeg"" >
　　与会人员深入学习了集团公司党组2017-2020年全面深化改革总体方案，深化了对方案的理解认识，明确了集团公司党组的相关要求。综合运营处汇报院全面深化改革工作建议。党委委员结合工作实际，进行务虚研讨，就院定位战略、人才建设、组织架构、创新环境等方面分别提出了意见、建议及改革措施，研讨会上气氛热烈，各位党委委员提出的意见是在前期深入一线调研基础上形成的深入思考，凝聚了全体职工尤其是一线基层员工的智慧结晶。
　　此次务虚研讨会，在院党委的部署安排下，各位党委委员前期进行了深度调研和思考，务虚研讨达到了预期效果。会上各位党委委员或从全局角度考虑，或聚焦具体专业方向，均提出了具有建设性的意见、建议，为进一步落实中央及集团公司党组的要求，全面积极地开展全面深化改革工作，理顺关系、突破瓶颈奠定了坚实的基础。
　　要闻 | 集智慧之策 促改革发展 创一流院所 ,电科院召开党委务虚研讨会",微信,weixin_616894568,"要闻|集智慧之策促改革发展创一流院所,电科院召开党委务虚研讨会",电科院,1
"　　电科院：“电亮先锋”数据为先 “1+X”模式助力“降损利剑”
<IMAGE SRC=""http://mmbiz.qpic.cn/mmbiz_jpg/QXFibWLv2g5INHnfXfumt2qrWPkCbsQA48kX5icXTxWF2Mgh0or4jXwWzlnxAEDBlcpBR9npPL8VmrFTicXHGKHDg/0?wx_fmt=jpeg"" >
　　自今年3月公司制定下发“电量先锋”品牌建设行动计划以来，电科院党委结合公司年度中心工作和自身重点难点任务，采取了以计量党支部为总抓手，系统、高压、自动化等相关支部协同配合的1+X模式，合力推进“降损利剑行动”，目前已取得阶段性成效。
　　年初经过多方调研，电科院配合公司制定了《贵州电网2017年计量自动化系统精益管控及降损“利剑行动”技术支持工作方案》，明确了认真落实计量自动化系统“建设好、运维好、应用好”的工作实效，确保“以运用促运维，以运维提效率”的总体工作思路，提出了到2017年底，实现公司所属单位线损等高级功能应用率达100%的工作目标。
　　通过组织各地市供电局集中办公、编写计量自动化系统运维周报月报、对异常监视数据下发预警通知单、督促责任单位整改完善等方式，截止到6月24日，全省计量自动化系统馈线线损计算率从年初的70.97%提升到95.44%、异常率从73.12%降低到61.88%；台区线损计算率从年初的60.57%提升到74.58%、异常率从80.41%降低到64.18%；母线电量不平衡计算率从年初的76.3%提升到95.3%、异常率从33.31%降低到19.2%，其中10kV母线电量不平衡异常率从年初的39.61%降低到20.73%。同时，通过开展全网500kV、200kV和220kV及以上分压网损的统计和监测，截止到5月底，全网500kV分压网损率为0.80%、220kV分压网损率为0.99%和220kV及以上分压网损率为1.02%。
　　接下来，电科院将继续指导各地市供电局做好以下几方面工作：一是做好计量自动化系统运维管理；二是加强计量装置运维管理。同时，该院计量中心将充分利用技术优势确保计量装置准确、可靠；应用科技成果指导现场诊断；完善计量自动化系统自动搜表、台区自动识别功能；加强电能计量设备入网检测与抽检工作，严把质量关，确保CSGII系统与计量自动化系统档案一致、10kV馈线线损计算率达到100%、低压集抄已覆盖的台区线损计算率达到100%。
　　鸣谢 计量所",微信,weixin_603516095,电科院：“电亮先锋”数据为先 “1+X”模式助力“降损利剑”,电科院,1
"　　电科院年中工作会议快速通道
　　2017-08-04浙电科苑 浙电科苑
　　8月4日，国网浙江电科院召开2017年年中工作会议暨党建工作会议，贯彻落实国网公司和省公司年中工作会议精神，总结上半年工作，分析面临形势，部署下半年工作，动员广大干部员工进一步提振精神，开拓创新，深入推进全年各项目标任务，全面推进国内一流创新型电科院建设。
<IMAGE SRC=""http://mmbiz.qpic.cn/mmbiz_jpg/r1V2mgYIFwIfibPuH4zicVWcEu0tiaL2YOU0s8Nv5WtOALm5Dic2j2oSVsjlVo3DApNiaJAUBtAXMiaSs3OsN5Id04dw/0?wx_fmt=jpeg"" >
　　会上，院党委书记吴常苗传达了省公司2017年年中工作会议暨党建工作会议精神。
　　院长戴彦在会上作题为 《 找准定位  开拓创新 深入推进全年各项目标任务 》的工作报告，报告指出我院全体干部员工同心协力，奋力拼搏，各方面工作都取得了新进展、新突破。
<IMAGE SRC=""http://mmbiz.qpic.cn/mmbiz_jpg/r1V2mgYIFwIfibPuH4zicVWcEu0tiaL2YOUQUR2nRWabXZqr3yeQVtRmD06EVXUsfTdjLe5iaSpxMnDT1AWOt0NJibw/0?wx_fmt=jpeg"" >
　　上半年，我院在省公司“两个率先”目标的指引下，做到了安全生产可控在控，技术支撑坚强有力，科技创新硕果累累，经营管理持续优化，三个建设有效加强。在重要且关键的战略发展机遇期，我们要紧跟形势变化，围绕省公司“一体两翼”战略布局、“两个一流”奋斗目标，探索具有电科院特色的人才发展模式，切实做好科技创新和技术支撑，全面推进党建工作三年登高计划。
　　报告明确下半年工作的总体要求是： 认真贯彻省公司年中工作会议精神，按照院一届五次职代会暨2017年工作会议的部署，找准定位，开拓创新，重点突破，切实做好科技创新和技术支撑，全面完成年度任务，力争“对标作标杆、业绩进三甲”，努力建设国内一流创新型电科院。
　　下半年，
　　全院上下要重点做好的五方面工作：
　　确保安全生产。 做好电网、电厂安全生产技术保障工作，以现场为重点，确保自身业务的安全生产。
　　推进科技创新。 着力推动重点项目攻关、重大成果培育，持续推进科研支撑能力建设。
　　是强化技术支撑。 深化“大运行”支撑，细化“大检修”支撑，优化“大营销”支撑。
　　加强经营管理。 深化依法治企建设，规范集体企业管理，拓展电源技术服务。
　　深入推进“三个建设”。 加强党的建设，加强队伍建设，加强企业文化建设。
　　院党委书记吴常苗在总结讲话中强调：
　　   要深刻认识公司党建工作新形势新任务，进一步增强全面从严治党的责任感和紧迫感。
　　   严抓基层基础，确保国网公司、省公司党建工作会议精神落在实处、取得实效。
　　  以人为本，加强队伍建设，为创新发展提供强大的力量支持。
　　   以高度的政治责任感抓好安全稳定工作，夯实本质安全基础。
　　   准确把握工作定位，切实做好科技创新与技术支撑，争做创新发展领头雁。
　　幸福与你此刻相遇 
　　供稿部门：党群工作部
　　本期编辑：刘广扩  
<IMAGE SRC=""http://mmbiz.qpic.cn/mmbiz/r1V2mgYIFwKfmiaSb7LD1UUoWXVPQCrXPBEL56F9Ow0TryygLsJNVWDtPtciaVeuu4ML37r9IxERmuxMu1NLmHpQ/0?wx_fmt=jpeg"" >",微信,weixin_666229858,电科院年中工作会议快速通道,电科院,1
"　　行业标准源自行业一流企业――国家电网12KV预装式变电站标准化设计建议集中编写会在森源电气召开
　　<IMAGE SRC=""http://mmbiz.qpic.cn/mmbiz/cUav3WXkEKGFjPL95b7wuL7f3wLHduhJCdFYApaqHY5VDW9Lbmgn68pnCmxtBcE2xC0oArbPmgB5brz8zTZXWg/0?wx_fmt=gif"" >
　　行业标准源自行业一流企业
　　国家电网
　　12KV预装式变电站
　　标准化设计建议集中编写会
　　在森源电气召开 <IMAGE SRC=""http://mmbiz.qpic.cn/mmbiz_jpg/cUav3WXkEKGZgMxBuOlWY6R4qcTicia1Aum0j36mGRrLiboSDuDscR3ziafsjla8LclBnvic8Yp74GJzWjrEcoPOlUw/0?wx_fmt=jpeg"" >
　　4月26日到27日，由中国电力科学研究院组织的国家电网12kV预装式变电站标准化设计建议集中编写会在我公司召开，会议由中国电力科学研究院高电压研究所冯英主任主持，我公司是本次编写组主要单位，副总经理兼总工程师马炳烈、总经理助理司贞员、箱变项目组成员，十多家行业箱变制造企业的技术人员等参加了会议。
　　<IMAGE SRC=""http://mmbiz.qpic.cn/mmbiz_png/cUav3WXkEKGZgMxBuOlWY6R4qcTicia1AuQNywDQLAYyUj01vQVYxzw0hjfxufGEOJUbs0WePibGFuw9ia9DN8Bcsw/0?wx_fmt=png"" >
　　<IMAGE SRC=""http://mmbiz.qpic.cn/mmbiz_jpg/cUav3WXkEKGZgMxBuOlWY6R4qcTicia1Au9HBun2wCCkSib3Eic8lmvMHfWBrQF47sKP4ovDCAYf2ZyO00c95jIEhA/0?wx_fmt=jpeg"" >
　　中国电力科学研究院高电压研究所
　　冯英主任
　　<IMAGE SRC=""http://mmbiz.qpic.cn/mmbiz_jpg/cUav3WXkEKGZgMxBuOlWY6R4qcTicia1Auqphl2ESHoRTOrZX5GY9cWRHYX35w584tVE2T4XLq8ttqaTriasiaQBibA/0?wx_fmt=jpeg"" >
　　森源电气副总经理兼总工程师
　　马炳烈
　　<IMAGE SRC=""http://mmbiz.qpic.cn/mmbiz_png/cUav3WXkEKGZgMxBuOlWY6R4qcTicia1AuQNywDQLAYyUj01vQVYxzw0hjfxufGEOJUbs0WePibGFuw9ia9DN8Bcsw/0?wx_fmt=png"" >
　　近两年，国家电网大力推动设备标准化工作，电科院组织相关部分制造企业先后进行了中压开关柜、低压柜、箱变等标准化设计工作，我公司均作为重点企业参与。其中，12kV手车式开关柜标准化设计方案确认后，有近20家企业制造了样机，并于2016年12月份集中到国网天津平高工厂进行了并柜安装和展示。我公司参展样机的外观和品质具有显著优异性，受到国网领导和电科院专家一致称赞，并被电科院作为最优典型案例列入其总结材料。
　　<IMAGE SRC=""http://mmbiz.qpic.cn/mmbiz_jpg/cUav3WXkEKGZgMxBuOlWY6R4qcTicia1AutBiagtNEQztusRxVpJkcaM0fiaOTrxn5IoarmLBsibuAIa3lhZlibHMxqA/0?wx_fmt=jpeg"" >
　　此次，针对12kV预装式变电站，相关专家在前几次会议基础上，主要针对低压室典型接线图及方案图、低压开关、无功补偿装置及容量、美变结构优化布置方案、土建基础与起吊方案等进行了充分讨论，完成了12kV预装式变电站标准化设计建议。我公司新式美变的低压侧方案等被直接采入设计建议，而成为行业新标杆。
　　<IMAGE SRC=""http://mmbiz.qpic.cn/mmbiz_jpg/cUav3WXkEKGZgMxBuOlWY6R4qcTicia1Aur7RjouM6eDE9dOSlQfGOLUIiboricej1qYnzQxibriaF52a5TqcTFqSoBQ/0?wx_fmt=jpeg"" >
　　<IMAGE SRC=""http://mmbiz.qpic.cn/mmbiz_jpg/cUav3WXkEKGZgMxBuOlWY6R4qcTicia1AutFwppRQuII61H0wWdwo1yaz1YU1ZoBSiczqbM40alW3e32rfsjRwk8g/0?wx_fmt=jpeg"" >
　　专家组成员与公司技术人员现场讨论
　　多年来，我公司一直致力于输配电装备的研发，产品广泛应用于全国重点工程项目，受到行业和社会的普遍认可，去年五种产品通过国际最权威的KEMA认证，并取得complete级证书，这是对我们产品品质的最有力、最客观的评价。突出的行业影响力使森源逐渐成为行业标准的拟定者、起草者，有曹宏、马炳烈、司贞员、过金超等多位标委会委员，先后主持或参与了20多项行业标准的拟定，真正应和了“一流企业做标准”的社会共识。
　　<IMAGE SRC=""http://mmbiz.qpic.cn/mmbiz_jpg/cUav3WXkEKGZgMxBuOlWY6R4qcTicia1AuicrjItxqvEAbBV1JqJlM1vZZC0kHzSsvkTunIG8tZib4jNUjWI8TtEYQ/0?wx_fmt=jpeg"" >
　　专家组成员参观森源综合展厅
　　<IMAGE SRC=""http://mmbiz.qpic.cn/mmbiz_jpg/cUav3WXkEKGZgMxBuOlWY6R4qcTicia1AunorLsHj3ia3e6iaDbYuOvzAUYqEX9TucLMXrZVy7pdsl2tWIWe3PMIEQ/0?wx_fmt=jpeg"" >专家组成员参观森源数字化车间
　　会议结束后，参会人员对我公司进行了参观，了解企业发展历程，对我公司快速发展表示赞赏。
　　（森源电气・宣教科）
　　<IMAGE SRC=""http://mmbiz.qpic.cn/mmbiz_gif/cUav3WXkEKHorzvLRn63kFWZnkUSiaLqzmRE7AXYBo60SFj47Wf6a9veNcshtibASKPhtS2S2EqHRFgxV64TfbBg/0?wx_fmt=gif"" >
　　行业标准源自行业一流企业 ―― 国家电网12KV预装式变电站标准化设计建议集中编写会在森源电气召开",微信,weixin_488601830,行业标准源自行业一流企业――国家电网12KV预装式变电站标准化设计建议集中编写会在森源电气召开,电科院,1
"　　上市公司正负面新闻：万科A4月销售金额418.9亿元，*ST钒钛连续三年净利为负5日起暂停上市
　　香港万得通讯社整理
　　――――正面新闻――――
　　万科A：4月销售金额418.9亿元
　　东吴证券：获准新设6家证券营业部
　　许继电气：控股股东许继集团中标6亿元
　　棕榈股份：公司参与的联合体中标19.79亿元PPP项目
　　江特电机：全资子公司九龙汽车签下26.55亿元采购合同
　　华贸物流：间接控股股东拟向两家央企转让全部持股
　　巨星科技拟1.25亿美元收购美国Arrow公司
　　雅百特实控人拟增持不低于5000万元公司股票
　　必康股份实控人拟增持1%-3%股份
　　――――负面新闻――――
　　*ST钒钛：连续三年净利为负5日起暂停上市
　　电科院实控人计划减持不超1600万股
　　浩丰科技遭股东孟丽平减持250万股
　　金力泰遭股东纳路香港减持590万股
　　巨力索具：实控人5月2日减持1065万股
　　万里石遭股东上海祥禾清仓减持7.13%股份
　　凯发电气：终止定增
　　新华百货：10转8提案未获通过
　　*ST鲁丰：董事会8人辞职
　　无应披露而未披露重大事项
　　上市公司正负面新闻：万科A 4月销售金额418.9亿元，*ST钒钛连续三年净利为负5日起暂停上市",微信,weixin_490319697,上市公司正负面新闻：万科A4月销售金额418.9亿元，*ST钒钛连续三年净利为负5日起暂停上市,电科院,1
"京运通300MW的分布式光伏电站是如何管理的？
2017年，分布式光伏正迎来全新的发展高潮。然而，相对于中国庞大的光伏产业来说，目前分布式光伏所占比例依然极小，其依然面临诸多挑战。传统的解决方案已无法满足分布式光伏大发展的现实需求，阻碍着分布式光伏产业的健康发展。
挑战一：  电站分散，运维困难
分布式电站分散且数量多，日常维护的工作量非常大。故障定位困难，一旦发现问题，需要携带运维设备工作爬上屋顶作业，非常不便，且高空作业，危险性高。
   挑战二： 安全隐患
光伏系统如果不能做到绝对安全，再高的发电量和补贴都只能算是“0”。屋顶光伏的安全事故国内外并不罕见。据统计，现在80%以上的电站着火是因为直流侧的故障，特别是组件热斑、直流短路、直流配电柜的质量问题、熔丝问题等。
 
挑战三： 屋顶资源稀少，环境复杂，影响发电量
如今屋顶已经成为稀缺资源，非但理想的屋顶难找，而且屋顶的租金逐年攀高。伴随租金上涨，如何充分利用环境较为复杂的屋顶资源，保障投资效益是投资者需要考虑的问题。
智能光伏助力分布式业主赢未来
2015年，京运通科技股份有限公司以浙江海宁为中心向外辐射，在整个嘉兴地区开始建设近300MW分布式电站，其后2年内陆续实现并网发电，项目全部采用华为智能光伏解决方案。其中FusionSolar智能营维系统，全方位管理京运通旗下浙江、安徽、山东、吉林、宁夏等省的全部电站。包括8个地面电站，共计370MW，170多个分布式电站，共计320MW。堪称智能光伏在分布式项目应用中的典范。
京运通海宁300MW分布式光伏电站
那么智能光伏解决方案在分布式电站场景有哪些独特优势呢？为何受到业主的如此青睐？
分散管理不再难-数字信息实现分布式电站精细化、高效管理
分布式电站规模小、分散、距离远，如果采用传统电站定点值守运营，将需要庞大的运维队伍。为应对分布式项目分散，运维困难的情况，京运通采用分布式FusionSolar智能营维云中心管理系统、智能运维终端及APP，结合智能光伏控制器的组串级高精度的监测，可以对电站精确监控，实施查看各类数据，精确定位组串级故障并提供维护建议。比如通过离散率分析，可以精确定位低效组串，快速查勘处理。同时利用区域监屏实现了全过程的记 录与监控管理。借助智能光伏整体解决方案实现了分布式光伏电站运维精细化、高效管理，运维效率提高50%-75%。
简言之，华为的智能化方案通过云平台把分散的电站统一管理起来。第一，可以实现全量集中精准管理，故障精确定位。第二，通过智能化的手段，实现远程的运维，专家资源集中配置，把现场运维人员的技能要求大幅降低。第三，实现预防维护和故障主动报知，无需人员上站巡检，从被动响应变成主动预防性维护。
京运通四合一智能光伏营维云中心
打造最安全可靠的分布式方案
分布式智能光伏解决方案在系统安全方面和电网友好性方面也具有独特优势，其 奉行“大道至简”的理念， 无直流汇流箱，无熔丝等易损部件，最大程度的减少直流侧的线缆和设备， 从根源上消除隐患，实现被动安全到主动安全。 同时，IP65防护，自然散热，无需日常维护，25年放心使用。
无功补偿是分布式并网的一个大问题，华为率先获得了电科院的无功补偿及电能质量测试检测报告，电站并网技术性能优异，谐波优于标准，采用华为智能光伏解决方案，并网一路绿灯。
持续高效发电，保障投资受益
据多个项目的实际验证，采用智能光伏相比传统组串式发电量高1%~3%。25年，每MW可提升收益84万。
其主要有以下3个原因：
1. 设备可靠，放心无忧： 无熔断器，无外置散热风机等易损件，设备故障率低，可用度高达99.996%以上。比如京运通与华为合作的项目目前累计并网超过530MW，年故障率仅有0.29%，远远低于业界水平。
2. 效率高，行业领跑：采用华为领先的拓扑技术和算法，中国效率高达98.49%以上。
3. 4路MPPT/台，提升发电量：相比传统组串式每台多1路以上，有效降低阴影遮挡和组件朝向不一致发电量的影响，显著提高发电量。
“相比传统方案，智能光伏解决方案不仅发电量提高1%-3%，并且设备可用度高，故障率低，电站免维护，保障了光伏电站25年生命周期的稳定发电。”京运通的项目负责人告诉记者。
事实上,智能光伏已大规模应用于大型地面电站，而在分布式光伏领域，其价值更是获得了众多客户的高度认同，广泛应用于大型厂房、仓库、渔光/农光/滩涂、学校、医院、商场、办公楼、小型厂房等各种场景，而且优势更明显，不仅高效，而且安全，更让运维简单省心。我们期待更多的智能化创新技术让分布式光伏蓬勃的发展，使业主收益得到坚定的保障。
浙江绍兴3 MW水泥屋顶项目
浙江海宁会展中心1.2 MW屋顶项目 
马来西亚吉隆坡1 MW屋顶项目
江苏苏州万农9.8 MW渔光分布式项目
责任编辑：晓光伏 （GF-Solarbe）  思考者都在看
国家电网：小型户用光伏发电系统并网技术规定
违章建筑？城市装光伏电站要注意什么问题？
五省5KW光伏电站投资成本分析及光伏收益详解！
收藏 光伏行业认证标示大全！
四月 分布式、扶贫、补贴、电站政策全在这里了！
赞赏
长按二维码向我转账
受苹果公司新规定影响，微信 iOS 版的赞赏功能被关闭，可通过二维码转账支持公众号。
阅读   投诉",微信,weixin_494962251,京运通300MW的分布式光伏电站是如何管理的？,电科院,1
"　　电科院参加呼和浩特市“5.20世界计量日”活动
　　<IMAGE SRC=""http://mmbiz.qpic.cn/mmbiz_jpg/Tf9mv0CPsfeCpSnTAFwbMiapicZ6YAwQnCQcPKEhKuAQvFvsUMZ7bvovB75xaCicYpg0llbf1wiaboZo4xuzX8p81Q/640?wx_fmt=jpeg"" >
　　<IMAGE SRC=""http://mmbiz.qpic.cn/mmbiz_png/Tf9mv0CPsfcA4uPhNkmgJVUZpApLknC4QQScicy7feNXDTibicTrtVsWk7BibGNlngI8FpWFmjWzC3p9g9hZ5Rk1NA/0?wx_fmt=png"" ><IMAGE SRC=""http://mmbiz.qpic.cn/mmbiz_png/Tf9mv0CPsfcA4uPhNkmgJVUZpApLknC4UroUm4KGxSLJPGEgGqTiabhu7KF1Nf1kmNKcCuvXgPlnbpibUs4qjovg/0?wx_fmt=png"" >
　　<IMAGE SRC=""http://mmbiz.qpic.cn/mmbiz_jpg/Tf9mv0CPsfcA4uPhNkmgJVUZpApLknC4cEZCTefALQcnc5vposib8ib4YYVqqLvzR0vhN2lctLxh3BOtZWsVZ7ibA/0?wx_fmt=jpeg"" >
　　胡宏彬
　　摄
　　<IMAGE SRC=""http://mmbiz.qpic.cn/mmbiz_png/Tf9mv0CPsfcA4uPhNkmgJVUZpApLknC4nXqrLibTTLJjXsOibO8kicGmCia2AZZQqBumIYQzGdFPibpUYEric3KfQCyg/0?wx_fmt=png"" ><IMAGE SRC=""http://mmbiz.qpic.cn/mmbiz_png/Tf9mv0CPsfcA4uPhNkmgJVUZpApLknC4UdPy59TWz6Za2kicLFbcPPxHog9Kj5bu6dqpCAgwbfuP1wZbwXHvHJA/0?wx_fmt=png"" >
　　近日，电科院电能计量监督中心参加了自治区质量技术监督局计量处主办、呼和浩特质量技术监督局承办的“5.20世界计量日”之“计量走进校园服务宣传活动”。此次活动在呼和浩特职业技术学院举行，电科院计量专业技术人员在活动中进行了日常用电计量宣传。
　　<IMAGE SRC=""http://mmbiz.qpic.cn/mmbiz_jpg/Tf9mv0CPsfcA4uPhNkmgJVUZpApLknC4kP0dPYrQADia6wgkdiaOR7L4Rria2xFkWhS1mCQCaINQgcpmf6UtwnDjA/0?wx_fmt=jpeg"" >
　　5月20日是“世界计量日”，2017年的“世界计量日”宣传主题是“计量与交通”，计量在交通、工业、科技、国防等领域大量应用，现已走入人们的日常生活。参加活动的企业为老师同学们发放了计量知识宣传册、《消费与质量》杂志，量血压测眼底、检测眼镜、计量日常用电、计量汽车加油、计量日常菜品。职业技术学院老师带领参会人员参观了学校的铁路信号实训室、高速铁路车厢、和谐号火车驾驶模拟室，讲解了现代铁路系统技术发展趋势。
　　<IMAGE SRC=""http://mmbiz.qpic.cn/mmbiz_jpg/Tf9mv0CPsfcA4uPhNkmgJVUZpApLknC4chGKFohBMWJwH4qr6NPP5hTDrYe8g69jZDyEVFicNaibwqZVmNzKVyzw/0?wx_fmt=jpeg"" >
　　审核：赵捷
　　高丽娟
　　编辑制作：王芳
　　<IMAGE SRC=""http://mmbiz.qpic.cn/mmbiz_png/Tf9mv0CPsfeCpSnTAFwbMiapicZ6YAwQnC1B0kFa63l8wvkgM4AaG1F8D9x0WKmDXjeT78gQibibShkicOsLMDO8ywA/640?wx_fmt=png"" >
　　电科院参加呼和浩特市“5.20世界计量日”活动",微信,weixin_516637750,电科院参加呼和浩特市“5.20世界计量日”活动,电科院,1
"　　【行业资讯】国电南瑞获265亿元资产注入南瑞集团及国网电科院核心资产将整体上市
　　<IMAGE SRC=""http://mmbiz.qpic.cn/mmbiz/BSes1Oxjm4Hh3OrXwz4oW9mYibG4hoI20gHhwXvsbZRicJQWkH9QEdvg8v33d5MRrdDibLpsAre4gNmLQRuAUFPLA/0?wx_fmt=gif"" >
　　5月16日晚间，国电南瑞发布重组预案称，拟通过发行股份及支付现金方式，向控股股东南瑞集团收购总价约为265亿元的标的资产。
　　<IMAGE SRC=""http://mmbiz.qpic.cn/mmbiz_png/fgnkxfGnnkTicsrX1MficjcdwBlzDp9Jq7G82JJcwrFpjEAerRIibKpV2iacJCfnFVTzZfgy65UBKSibg0hznZHKYEA/0?"" ><IMAGE SRC=""http://mmbiz.qpic.cn/mmbiz_png/fgnkxfGnnkTicsrX1MficjcdwBlzDp9Jq7SckoB5GWmdPEf2MDnXHiaaSJZaW5LvGgPp02pOgtNibDoQLb1qpxWuHg/0?"" >
　　通过本次资产注入，国电南瑞将新增继电保护及柔性输电、电网信息通信等领域的业务，大幅提升在全球能源互联网、智能电网、配电网、电动汽车充换电等投资领域以及“一带一路”等国际市场的竞争力。
　　根据重组预案，国电南瑞此次拟分别向国网电科院、南瑞集团、沈国荣、云南能投发行股份及支付现金购买资产，其中
　　以发行股份方式购买国网电科院所持普瑞特高压100%股权、设计公司100%股权、江宁基地及浦口房产土地；
　　以发行股份方式购买南瑞集团持有的主要经营性资产及负债；
　　以发行股份方式购买南瑞集团所持信通公司100%股权、普瑞工程100%股权、普瑞科技100%股权、北京南瑞100%股权、上海南瑞100%股权、印尼公司90%股权、巴西公司99%股权、瑞中数据60%股权、云南南瑞65%股权；
　　以发行股份方式购买云南能投所持有的云南南瑞35%股权；
　　以发行股份及支付现金方式购买南瑞集团所持有的继保电气79.239%股权，其中现金支付比例为继保电气79.239%股权交易作价的14.60%；
　　以发行股份方式购买沈国荣所持有的继保电气7.761%股权。
　　上述交易中，16家标的资产交易价格总额约为264.79亿元，根据本次重组的交易方式，将通过发行股份购买资产的股份发行数量约为17.21亿股，现金支付金额为24.99亿元。
　　此外，本次重组中国电南瑞向特定投资者非公开发行股票募集配套资金总额约为61.03亿元，定价原则为询价发行，发行价格不低于定价基准日前20个交易日国电南瑞股票交易均价的90%且不低于13.93元/股，定价基准日为上市公司募集配套资金发行期的首日。
　　这将是国电南瑞历年来最大的一次重组，收购标的资产规模和质量甚至都超过了上市公司。
　　截至2016年12月31日，国电南瑞总资产为175.32亿元，2016年全年营业收入为114.15亿元，归属于母公司所有者净利润为13.82亿元；截至2016年12月31日，标的资产总资产为276.49亿元，实际上，对于国电南瑞此次资产重组，外界早有预期。
　　2013年，南瑞集团曾出具承诺函，通过业务整合、股权转让、资产注入等合法合规的方式解决普瑞特高压、中电普瑞、南瑞继保和国电南瑞之间存在的同业竞争问题。
　　国电南瑞表示，本次交易为落实国家积极推进的国有企业整体上市和积极推进混合所有制改革的精神，以国电南瑞作为上市平台，将国网电科院、南瑞集团下属主要资产注入，以实现南瑞集团及国网电科院核心业务资产的整体上市。
　　需要一提的是，国电南瑞是A股市场智能电网二次设备龙头，及国内轨道交通综合监控领域最大供应商，亦是全球能源互联网战略最大受益电力设备领域上市公司。
　　全球能源互联网是以特高压电网为骨干网架、全球互联的坚强智能电网，是清洁能源在全球范围大规模开发、输送、使用的基础平台。实质就是“智能电网+特高压电网+清洁能源”。而国电南瑞作为国家电网公司旗下上市公司，在智能电网设备和技术方面拥有强大的实力。
　　中投证券分析师张镭表示，当前我国正大力推进能源革命，加强储能和智能电网建设，推行节能低碳电力调度。国家电网公司将加快建设以特高压为骨干网架、各级电网协调发展的智能电网，而国电南瑞是智能电网的行业龙头，有望借助此次战略机遇，进一步提升公司核心竞争力。
　　（来源：证券日报 作者：李春莲）
　　<IMAGE SRC=""http://mmbiz.qpic.cn/mmbiz/BSes1Oxjm4Hh3OrXwz4oW9mYibG4hoI20ROThovFDrmUYQ7HOjRYXFDaj4IuBSzURV9YPT2NGC20AlWHFOTyYjA/0?wx_fmt=gif"" >
　　北京远诚时代文化传媒有限公司
　　地址：北京市朝阳区博大路三号
　　联系人：吴勇
　　手机：13720049737
　　电话：010-87678195
　　传真：010-87678195
　　邮箱：gaoyashidai@163.com
　　网址：www.gaoysd.com
　　邮编：100176
　　<IMAGE SRC=""http://mmbiz.qpic.cn/mmbiz/BSes1Oxjm4EZEQATjr40ZdPax3p52toZwgZJjDO1WfgdZrhg1BslvsCLDTYrT2deuftbV1vMdkI43icobeFwibGw/640?wx_fmt=jpeg"" >
　　<IMAGE SRC=""http://mmbiz.qpic.cn/mmbiz/BSes1Oxjm4Hh3OrXwz4oW9mYibG4hoI209AJjm1U7MTY0lSMicSCUuQYpANeA6QiaJdb2GcJhldxp2BYSh9LlhaXg/0?wx_fmt=gif"" >
　　【行业资讯】国电南瑞获265亿元资产注入 南瑞集团及国网电科院核心资产将整体上市",微信,weixin_510240070,【行业资讯】国电南瑞获265亿元资产注入南瑞集团及国网电科院核心资产将整体上市,电科院,1
"　　【喜讯】电科院电能计量检测中心顺利通过自治区质量技术监督局计量授权复查考核
　　2017-08-05董永乐内蒙古电力科学研究院 内蒙古电力科学研究院
<IMAGE SRC=""http://mmbiz.qpic.cn/mmbiz_jpg/Tf9mv0CPsfeCpSnTAFwbMiapicZ6YAwQnCQcPKEhKuAQvFvsUMZ7bvovB75xaCicYpg0llbf1wiaboZo4xuzX8p81Q/640?wx_fmt=jpeg"" >
　　7月21日，内蒙古自治区质量技术监督局法定计量检定考核组对电科院电能计量检测中心进行授权复查考核，该中心工作能力和管理水平满足法定计量检定机构的要求，顺利通过本次法定计量检定机构授权考核。本次计量授权考核的顺利通过，电能计量检测中心将继续行使蒙西地区法定计量检定机构权利，对供电单位和发电企业的计量器具进行检定和校准。
　　 考核组成员对体系文件的运行、技术档案、人员档案、设备档案、内部审核和外部评审、质量记录及试验记录等内容进行了审核。在考核过程中，考核组对标准实验室检定流程进行了监控和审核，一致认为该中心实验室工作环境符合检定规程要求，计量标准器具齐全完备，检定人员业务水平熟练标准，管理体系相关文件运行有效，符合JJF1069-2012检定和校准工作要求，能够独立承担法定计量检定机构的各项职责，并针对质量手册中人员职责和外来文件评审提出了整改意见。
　　电能计量检测中心经过4年的运行，特别是JJF1033-2016计量标准考核规范改版运行以来，该中心始终坚持“管理科学、公平公正、操作规范、数据准确、安全保密、廉洁自律”的质量方针，形成了一套完整的质量管控体系。该中心以此次考核为契机，认真总结考核组专家提出的意见和建议，进一步强化管理，努力提高电能计量检测中心的综合管理水平。
　　投稿部门审核：董永乐
　　审核：赵捷 高丽娟
　　校对：孔德冉
　　编辑制作：王芳
<IMAGE SRC=""http://mmbiz.qpic.cn/mmbiz_png/Tf9mv0CPsfeCpSnTAFwbMiapicZ6YAwQnC1B0kFa63l8wvkgM4AaG1F8D9x0WKmDXjeT78gQibibShkicOsLMDO8ywA/640?wx_fmt=png"" >",微信,weixin_669263702,【喜讯】电科院电能计量检测中心顺利通过自治区质量技术监督局计量授权复查考核,电科院,1
"　　<IMAGE SRC=""http://mmbiz.qpic.cn/mmbiz/yqVAqoZvDibG3130Y2hAXktGHLUh928RJFfAZPicibZ6D7qia9ib5106dmKVbiaIB1iavVAFFcFOLWoEwPsuaI2FC3Y9Q/0?"" >
　　2017年6月16日，国家认证认可监督管理委员会组织技术专家组在江苏苏州对苏州电器科学研究院股份有限公司申请的“国家汽车电气产品质量监督检验中心”筹建进行了可行性论证。论证会技术专家组由来自中科院电工所的中国工程院顾国彪院士担任组长，专家组成员还包括来自国家 汽车质检中心（长春）的魏学颜研究员级高工、清华大学苏州汽车研究院的郑郧教授级高工、中国机械工业联合会的裴二阳高工及国家汽车质检中心（襄阳）的陈蓓高工。专家组听取了苏州电科院的可行性论证报告，认真审核了相关资料，并进行了现场考察。经过质询答辩，专家组一致认为：苏州电科院在汽车整车电磁兼容、环境及可靠性、汽车电气性能、新能源汽车（电动汽车）动力电池、充电桩、电机和电控、汽车灯具、汽车材料的有毒有害物质检测、汽车噪声检测等主要项目已具备了较强的检测能力，且具有多年的服务经验。目前正在规划建设汽车强电磁脉冲等试验系统，以继续完善和提升汽车电气产品的检测能力。苏州电科院在设备、人员、技术方面具有筹建国家产品质检中心的基础。专家组一致建议批准筹建，并按照批准后的方案抓紧实施。
　　<IMAGE SRC=""http://mmbiz.qpic.cn/mmbiz_jpg/ttFsULKkdy9wBdZm30mK8FSDpFXfs2EPAo4LarjmO2mGpXke2ZpjWMQouGC0ekzUUuiaUGCP8G1ico4OIO0Q7J8A/0?wx_fmt=jpeg"" >
　　<IMAGE SRC=""http://mmbiz.qpic.cn/mmbiz/yqVAqoZvDibGMEA8vvxgFGXlBuKlBYGsGMpJCYbdz93Xtz6hsukWCHkyogaXLscNTLNRvVQ8yvreo9y79DkAY8w/0?"" >
　　苏州电科院顺利通过“国家汽车电气产品质量监督检验中心”的筹建论证会",微信,weixin_596400392,苏州电科院顺利通过“国家汽车电气产品质量监督检验中心”的筹建论证会,电科院,1
"　　<IMAGE SRC=""http://mmbiz.qpic.cn/mmbiz_jpg/Tf9mv0CPsfeCpSnTAFwbMiapicZ6YAwQnCQcPKEhKuAQvFvsUMZ7bvovB75xaCicYpg0llbf1wiaboZo4xuzX8p81Q/640?wx_fmt=jpeg"" >
　　<IMAGE SRC=""http://mmbiz.qpic.cn/mmbiz_jpg/Tf9mv0CPsfcKVJVnUAogickFhUrqH9OOzFkibEpR9EhCXtyYR8PDgdzfN71bs3LtAyjfxKg9MT8dujOa9DSqYmog/0?wx_fmt=jpeg"" >
　　张轶鹏
　　摄
　　6月20日，电科院生产技术处、高电压技术研究所、继电保护及综自研究所、电能计量监督中心技术监督人员深入内蒙古首个渔光互补电站一一土左旗敕勒川通威渔光――体现代渔业产业园10兆峰瓦光伏电站，开展项目并网前技术监督工作。依据《内蒙古电力工业新能源场站并网前技术监督实施细则》，各专业技术人员对电站初次带电的一、二次设备进行现场检查，保证电站6月30日前成功并网；计量专业技术人员同时在现场进行互感器现场校验工作，确保计量精确、结算顺利。
　　近年来，电科院积极开展新能源技术研究，加强新能源技术监督工作，解决新能源发电及并网技术难题，为提升场站经济效益、保证电网安全运行、推动环保新能源产业发展提供了有力的技术支撑。
　　审核：赵捷
　　高丽娟
　　编辑制作：王芳
　　<IMAGE SRC=""http://mmbiz.qpic.cn/mmbiz_png/Tf9mv0CPsfeCpSnTAFwbMiapicZ6YAwQnC1B0kFa63l8wvkgM4AaG1F8D9x0WKmDXjeT78gQibibShkicOsLMDO8ywA/640?wx_fmt=png"" >
　　【技术监督】电科院技术监督推动新能源产业发展",微信,weixin_589699623,【技术监督】电科院技术监督推动新能源产业发展,电科院,1
"　　电科院-底部双涨停
　　一、大盘
　　趋势线蓝色。小仓位
<IMAGE SRC=""http://mmbiz.qpic.cn/mmbiz_png/Da2t8gkSPSzNFYH79ThiaD5oic3In6YNtfzLAALDo6fRI4leSItX7NiafmPRuaZ7WcUasiaXAekNJ0OHC8c6yYiciaOw/0?wx_fmt=png"" >
　　二、异动
<IMAGE SRC=""http://mmbiz.qpic.cn/mmbiz_jpg/Da2t8gkSPSzNFYH79ThiaD5oic3In6YNtf9xzk5F054dSFpFpZA5QwjzzseK2UU6uqMxFJ56Jv3FicDOtwhqYG99A/0?wx_fmt=jpeg"" >
　　三、个股
<IMAGE SRC=""http://mmbiz.qpic.cn/mmbiz_png/Da2t8gkSPSzNFYH79ThiaD5oic3In6YNtf3wcxLvxpdghmteTnahPKCqsrDfZ5iatetHd8p2n78WXUtJatStibgz0Q/0?wx_fmt=png"" >
　　中国电力科学研究院主要从事超/特高压交直流输变电技术、电网规划分析及安全控制技术、输变电工程设计与施工技术、配用电技术以及新能源、新材料、电力电子、信息与通信、能效测评及节能等技术的研究
　　 截至2016年10月，中国电力科学研究院共获国家级科技奖励85项（其中科技进步特等奖1项、一等奖9项、二等奖35项，技术发明二等奖1项），中国专利金奖4项、优秀奖10项，省部（行业）级科技奖励715项（其中一等奖76项），累计拥有有效专利2930项，出版专著364部，发表学术论文6883篇。
　　 公司获得中国人民解放军总后勤部颁发的“后勤军工产品检测试验机构证书”，并被中国人民解放军总后勤部授牌为“后勤军工产品检测试验机构”。经中国人民解放军总后勤部批准，公司被列入后勤军工产品检测机构名录。检测试验范围涵盖高低压电器、风力发电设备、光伏发电设备、整机保护设备、机车车辆电器、核电及船用电器、电磁兼容性等。公司表示，成为中国人民解放军总后勤部批准的后勤军工产品检测试验机构，将有效提升公司在国内检测领域的公信度。
<IMAGE SRC=""http://mmbiz.qpic.cn/mmbiz_jpg/Da2t8gkSPSzSH9H9SQu06u9zpIoeBddAg1jznCZ7gbocC64q988wPm16vxPcJqrGH399p2FZgGNRuX7wzOJyfw/0?wx_fmt=jpeg"" >",微信,weixin_639824420,电科院-底部双涨停,电科院,1
"　　<IMAGE SRC=""http://mmbiz.qpic.cn/mmbiz_jpg/cM6a8gKOIXZ68ibJI7YrUSlwvMMlzqUbLlx3UUCmXwGL5kdjDY4hic8pCXUvRJ3joWz9SyfAHY7Cc2UjjdTX6xqg/0?wx_fmt=jpeg"" >
　　6月29日、30日，公司纪委书记孙国宇带领督导组，先后来到电科院、烟台供电公司，对两家单位巡视巡察自查自纠工作进行督导调研。
　　29日上午，孙国宇一行参加了电科院巡视巡察自查自纠督导调研会，电科院汇报了巡视巡察自查自纠工作开展情况，相关部门和单位汇报了自查自纠工作开展情况。
　　孙国宇在听取汇报后指出，一要深刻领会国家电网公司舒印彪董事长和6月28日公司电视电话会议蒋斌总经理重要讲话精神，正确把握自查自纠工作方向，认真传达学习会议精神，强化管党治党责任意识。二要紧密联系电科院实际情况，深入查找和解决存在的问题，正确认识和对待问题，以解决问题为目的，精准发现典型问题。电科院要密切配合巡察组开展现场巡察工作，认真整改巡察和自查中发现的突出问题。对自查不到位、发现问题隐瞒不报，被国网巡视和公司巡察发现严重问题的，要严肃问责考核。
　　调研会上，公司副总工程师、电科院院长苏建军表示，电科院一定严格按照公司党委的部署，进一步落实责任、加大力度，全面做好排查整改等相关工作，把巡视巡察工作要求贯彻落实到电科院改革发展的全过程，让公司党委放心，为公司争创“四个最好”作出新的更大贡献。
　　<IMAGE SRC=""http://mmbiz.qpic.cn/mmbiz_jpg/cM6a8gKOIXZ68ibJI7YrUSlwvMMlzqUbLVAc9Y27d2Sm7zJYEy5XDnricoqF8icib6LyyHorqgMap36tyB16K7u0Dw/0?wx_fmt=jpeg"" >
　　30日，孙国宇一行参加了烟台公司巡视巡察自查自纠督导调研会，听取了烟台公司自查自纠工作开展情况汇报及相关部门、单位的整改情况汇报。
　　孙国宇在听取汇报后要求，一要进一步提高对巡视巡察工作的认识，强化责任意识，突出问题导向，把握好自查自纠的重点和方向，对巡察发现的典型问题，举一反三，有针对性做好自查自纠，同时深入查找深层次问题，纵深推进自查自纠工作全覆盖。要以更高标准、更严要求做好立查立改、即查即改，整改问题提升工作，推进公司依法治企和管党治党能力不断提升。二要自觉把巡察工作当做查找工作不足的一次“会诊”、促进企业发展的一次良机，以认真的态度进行问题整改。通过规范管理等有效手段，消除发展风险隐患，明确整改时限，在规定时间内完成销号，做好自查自纠回头看工作。对整改不力、拒不整改的，更要从严、从重问责考核，确保把巡视巡察自查自纠工作抓牢、抓实、抓出成效。
　　会上，烟台公司负责人表示，烟台公司一定进一步压实责任，加大力度，传递压力，建立问题、任务、责任三个清单，切实消除各类风险隐患，促进烟台公司健康发展。
　　督导调研期间，孙国宇来到烟台公司变电检修室党支部，看望慰问迎峰度夏一线干部员工，听取该党支部开展“两学一做”学习教育情况汇报，对该党支部开展的“先我”主题活动的做法给予了充分肯定，并要求齐心协力共同做好当前安全生产、迎峰度夏各项工作。
　　在电科院、烟台公司督导调研期间，孙国宇到巡察组办公地点看望了巡察组全体成员，要求巡察组要不负信任、不负重托，高标准、严要求完成巡察任务。
　　公司监察部负责人，公司第一巡察组、第四巡察组负责同志参加督导调研活动。（段德咏
　　聂卫东
　　张博文
　　车怡）
　　信息来源：监察部
　　媒体业务部
　　电科院
　　国网烟台供电公司
　　<IMAGE SRC=""http://mmbiz.qpic.cn/mmbiz_jpg/cM6a8gKOIXYlzmwzEfg6Jtic6bwEibxlA3vUnmaWNo2PXDQgX0A7cicskGS1J6icrLsRgkZ8LlImsTVHuiaqkpdK94w/0?wx_fmt=jpeg"" >
　　孙国宇到电科院烟台公司督导巡视巡察自查自纠工作",微信,weixin_605412299,孙国宇到电科院烟台公司督导巡视巡察自查自纠工作,电科院,1
"　　【党建】电科院党委深入推进党建工作落地生根
<IMAGE SRC=""http://mmbiz.qpic.cn/mmbiz_jpg/Tf9mv0CPsfeCpSnTAFwbMiapicZ6YAwQnCQcPKEhKuAQvFvsUMZ7bvovB75xaCicYpg0llbf1wiaboZo4xuzX8p81Q/640?wx_fmt=jpeg"" >
<IMAGE SRC=""http://mmbiz.qpic.cn/mmbiz_jpg/Tf9mv0CPsfdIiclOkxiaIyhEtvnD3DeovbaEP8USfMTzDV7YibYOqDnCibXo1kYTZy47KPg1Xibx7YWE18RuhedJuNA/0?wx_fmt=jpeg"" >
　　王芳  摄
　　6月28日，电科院党委召开党委中心组学习会，围绕公司印发的《关于在深化企业改革中坚持党的领导加强党的建设的实施方案》进行学习讨论。党委书记张新宇强调，下一步电科院要积极落实中央自治区文件精神，在企业管理中坚持党的领导，党委成员要加强学习，深入领会文件精神，将文件内容真正落实到实际工作中，使理论要求真正落地生根。
<IMAGE SRC=""http://mmbiz.qpic.cn/mmbiz_jpg/Tf9mv0CPsfdIiclOkxiaIyhEtvnD3Deovbhia6QFypKxhBia5h4Pu6FroMASU8FkNur9ujjdx4rVOPaib0Gvjac3ic9w/0?wx_fmt=jpeg"" >
　　电科院党委落实全国、自治区党建工作会议精神，针对自身改革发展需求，对标自治区党委巡视组的反馈意见，抓主要矛盾，攻重要环节，切实把从严治党的各项任务落实到位。延伸打基础，重点抓巩固，在实施“五提五促”的同时，抓好五方面的工作，全面推进从严治党，以党建工作新局面促进改革发展新突破。加强党委班子建设，党委委员带头深化理论学习，提高党性修养，接受党内监督，落实主体责任，提高履职能力, 深化“两学一做”学习教育成果；推行“四定学习法”，真正使理论学习进基层一线和工作前沿，以点带面，形成上下联动、梯次跟进的格局；实施“强基连心”工程，强化基层党组织建设，发挥基层党支部的战斗堡垒作用。
　　投稿部门审核：赵捷 
　　审核：赵捷  高丽娟
　　编辑制作：王芳
<IMAGE SRC=""http://mmbiz.qpic.cn/mmbiz_png/Tf9mv0CPsfeCpSnTAFwbMiapicZ6YAwQnC1B0kFa63l8wvkgM4AaG1F8D9x0WKmDXjeT78gQibibShkicOsLMDO8ywA/640?wx_fmt=png"" >",微信,weixin_604100072,【党建】电科院党委深入推进党建工作落地生根,电科院,1
"国电科院赴中国信通院就人工智能领域合作进行交流
    2017-08-04郝悦 郝悦
    
     7月28日下午，中国电科院副院长王继业带队赴中国信息通信研究院开展交流，中国信通院院长刘多出席，双方就加强人工智能领域合作达成意向。
    会上，中国电科院介绍了人工智能与电网领域结合的技术需求，中国信通院介绍了其在人工智能领域的研究基础及人工智能产业发展联盟筹建情况。双方展望了人工智能技术在电力领域的应用场景，结合两院前期的战略合作协议，确认双方进一步加强在人工智能领域的深度合作，联合开展人工智能领域的科技项目研究、国家标准编制及产业发展联盟组建等工作。
    院科技部、信通所、战略中心相关人员参加交流。      
    
    
    
    鸡年大吉
    
    长按二维码识别关注",微信,weixin_663230429,中国电科院赴中国信通院就人工智能领域合作进行交流,电科院,0
"中国电科院成为首批“国家级标准验证检验检测点”
    2017-07-31电力标准快讯 电力标准快讯
    
    
    7月24日，国家标准委下达第一批国家级标准验证检验检测点试点的通知，首批试点单位共20家，中国电科院成为首批“国家级标准验证检验检测点”试点单位之一，是电力行业唯一入选单位。
    根据国家标准委通知，本次试点工作的周期截至2017年12月31日，试点结束后，国家标准委将组织对试点工作进行考核验收。试点工作的时间短，任务重，难度大，要求高，中国电科院要积极细化试点实施方案，分解试点工作任务，在标准制修订和实施过程中为标准的核心内容、关键技术指标提供实验验证服务，逐步探索形成标准验证点的运行模式，不断完善标准验证工作机制，为标准验证工作在全国推广积累经验，并对标准验证工作与国家标准立项、技术委员会考核评估、中国标准创新贡献奖评选等工作的结合机制提出意见建议。
    相关链接
    2015年底，国务院办公厅发布实施《国家标准化体系建设发展规划(2016-2020年)》，首次提出要开展国家级标准验证检测检验点建设工作，并明确了“十三五”时期建设50个以上标准验证点的目标;2016年7月，国家质检总局印发《质检科技创新“十三五”规划》，提出要开展标准验证点建设，为标准研制过程中关键技术指标、核心参数的确定提供试验验证、符合性测试等技术支撑，提高标准的科学性、合理性;即将由科技部、质检总局、国家标准委联合发布的《“十三五”技术标准科技创新规划》也将建设标准验证点作为重要任务。标准验证点建设工作对保证标准质量，提高标准内容的科学性、合理性以及推动中国标准“走出去”具有积极意义
    来源：互联网
    全国输配电技术协作网，简称“EPTC”，致力于为电力技术工作者职业发展提供服务、为专家智库搭建沟通平台、为产业创新协作构建渠道，目前已建立了六大职能服务体系。
    
    长按识别二维码，关注EPTC",微信,weixin_651344935,中国电科院成为首批“国家级标准验证检验检测点”,电科院,0
"中国电科院新获批筹建电力市场专业委员会等三个专业委员会
    
    6月9日，从中国电机工程学会文件通知获悉，电力市场专业委员会、新能源并网与运行专业委员会、电力储能专业委员会获批筹建，这3个专委会的挂靠单位均为中国电科院，目前共有10个中国电机工程学会专委会挂靠在中国电科院。
    电力市场专业委员会挂靠在电力自动化研究所，主要负责组织电力市场机制与模式、电力市场运营技术、电力市场评估与分析、市场成员竞价决策和电力市场实验模拟等方面的研究。该专委会的成立，有利于形成广泛而系统的电力市场学术交流环境，促进电力市场理论研究不断创新、突破和发展；有利于整合电力市场学科专业的研究力量，研究解决电力市场运营面临的各种重大问题，为我国电力市场的建设提供技术支撑。
    新能源并网与运行专业委员会挂靠在新能源研究中心，主要负责开展新能源发电的大规模并网与运行在电力系统规划、分析、运行、控制、调度等各方面的技术研究。该专委会的成立，对提高新能源发电调度运行控制水平，保证电网安全稳定运行具有重要意义，将促进我国可再生能源发电及并网的健康、可持续发展。
    电力储能专业委员会挂靠在储能与电工新技术研究所，主要负责组织国内外高水平、高质量的电力储能学术交流活动，促进电力储能技术进步，业务范围涵盖电力储能本体与装备、储能系统并网仿真与分析，储能系统集成与控制、储能系统试验与评估四个学科方向。该专委会的成立，有利于整合国内储能专业学科的科研力量，推进技术创新；有利于培育市场环境，促进大规模储能技术的应用与推广；有利于引领储能技术发展方向，提高国际话语权。
    提供：任勇 编辑：周卓娜
    
    贵州省电机工程学会
    阅读原文",微信,weixin_637719355,中国电科院新获批筹建电力市场专业委员会等三个专业委员会,电科院,0
"2017年7月21日，中国电科院配电所一行六人与哈表所国际标准工作站人员针对国际、国内标准化工作情况进行了交流与研讨。针对全国标委会管理、标准化需求跟踪、标准编写工作的组织协调等方面展开讨论，并深入探讨了国际标准化技术委员会秘书处应如何更高效开展工作、如何组织申请新项目提案、以及如何实质性参与国际标准化工作等问题。
    通过此次交流，加强了相互之间的学习，为双方在未来标准化工作中开展合作奠定了基础。
    
    
    注：凡转载本站原创内容或直接引用本站内容，请注明出处并@全国电工仪器仪表标委会
    全国电工仪器仪表标委会
    （http://www.bwh.tc104.org/）
    长按左侧二维码关注我们！
    中国电科院配电所与哈表所开展标准化工作交流",微信,weixin_631000011,中国电科院配电所与哈表所开展标准化工作交流,电科院,0
"点击高压开关资讯关注我哟
    ? 定期推送高压开关行业新闻，优秀企业，资讯热点等诸多优质内容，关注我们妥妥没错！（联系电话：010-58950788）
    7月7日，ECCO国际公司总裁、首席执行官和创始人Alex Papalexopoulos博士，电力领域知名专家吴复立教授到访中国电科院，院长郭剑波、副院长陈梅参加接待。
    到访期间，Alex
    Papalexopoulos博士作了题为《可持续发展的能源市场设计架构面临的挑战及解决方案》的技术讲座，中国电科院名誉院长周孝信院士主持。Alex
    Papalexopoulos博士在讲座中分析了全球能源发展趋势，探讨了电力批发市场和输电侧批发市场的构成和公共事业公司的新功能，阐述了在配电侧建立和实施局部能源市场的必要性，重点介绍了新一代电力批发市场和局部市场设计架构面临的挑战及解决方案。讲座结束后，Alex
    Papalexopoulos博士与参加讲座人员进行了技术交流。
    背景链接：
    ECCO国际公司成立于1998年，是专业化能源咨询公司，为全球客户提供咨询和软件服务，包括政府机构、监管机构、公用事业公司、独立系统运营商、发电商、市场参与者、交易者和软件供应商等。业务范畴包括工业重组、公共政策分析、电力交易、能源市场设计、市场机制实施、审计实践、新能源和分布式能源、智能电网发展、电力系统运行和规划、发电和输电工程、能源管理系统和软件系统等。ECCO提供的软件服务领域广泛，包括能源市场仿真、能源市场预测、利用ECCO先进和专有的优化软件平台开展新能源并网、收入和投资分析。
    
    欢迎关注高压开关资讯
    宗旨：
    传播资讯
    传播价值
    传承发展
    理念：
    精选资讯立身
    创造价值立本
    促进电力发展立意
    
    长按二维码关注
    微信号：gykg1982
    ECCO国际公司总裁一行到访中国电科院",微信,weixin_620684541,ECCO国际公司总裁一行到访中国电科院,电科院,0
"中国电力企业联合会标准
    6月26日，从国家认证认可监督管理委员会网站获悉，中国电科院牵头的三项认证认可行业标准获批立项，中国电科院成为电力系统首家认证认可行业标准牵头编制单位。获批立项的标准包括《新能源电站并网及运行服务认证
    光伏发电站认证要求》《电池储能电站并网及运行服务认证 客户侧电池储能系统要求》和《高压电气设备产品认证 变压器认证要求》。
    为促进认证认可事业的持续健康发展，健全认证认可标准体系，国家标准委于2012年3月31日正式批准设立认证认可行业标准，主管机构是国家认监委科技与标准管理部(认证认可标准化技术委员会(SAC/TC261))，负责组织开展认证认可国家和行业标准制修订，对口国际标准化组织合格评定委员会(ISO/CASCO)的技术工作等。目前，认证认可标准主要包括国家标准、行业标准以及认证技术规范和认可规范等标准类技术文件。
    来源：互联网
    全国输配电技术协作网，简称“EPTC”，致力于为电力技术工作者职业发展提供服务、为专家智库搭建沟通平台、为产业创新协作构建渠道，目前已建立了六大职能服务体系。
    长按识别二维码，关注EPTC
    【行标】中国电科院牵头的三项认证认可行业标准获批立项",微信,weixin_606743151,【行标】中国电科院牵头的三项认证认可行业标准获批立项,电科院,0
"【电力新视界】中国电科院魏斌等：无线电能传输技术解析
    欢迎关注电网技术，留言参与讨论 ↑↑
    相关阅读
    【电力新视界】中国电科院盛万兴等：能量路由器―构建能源互联网的神经元（上）
    【电力新视界】中国电科院盛万兴等：能量路由器―构建能源互联网的神经元（下）
    无线电能传输技术
    引言
    提起用电设备的供电，人们脑海中往往第一印象便是用电设备拖着的一条长长的电线“尾巴”。生活中，电缆走线杂乱无章、电源插头频繁插拔、充电接口标准不一等问题长期困扰着人们的生活。与脱离有形介质束缚的无线通信技术一样，摆脱“线”的困扰，实现电能的无线传输是人类多年的一个美好追求。
    
    手机充电现状
    无线电能传输技术
    无线电能传输技术（Wireless Power Transmission，WPT）正是在这一背景下应运而生，它能有效解决一些便携式电器如笔记本电脑、手机、音乐播放器等移动设备电源的便捷接入问题，避免传统依靠导体直接接触供电所带来的安全隐患。而在一些特殊环境，譬如矿井、水下等不宜拖带电线的场所，孤岛、山间基站等难以架设电线区域，该技术提供了一种安全可靠的供电方式。
    可以说，无线电能传输技术是能源传输和接入的一种革命性进步，因而被美国《技术评论》杂志评选为未来十大科研方向之一。
    无线电能传输的历史
    无线电能传输的历史要追溯到1901年，享有无线电能传输之父美誉的塞尔维亚裔美籍科学家尼古拉・特斯拉（Nikola Tesla）在纽约长岛建立了第一座无线供电塔--沃登克里弗塔，并对此开展无线供电试验，虽然项目最后以失败告终。
    一个多世纪后的今天，为适应时代需求，无线电能传输研究又迎来了新的活力，该技术实际生活中的应用也层出不穷--小到电动牙刷、智能手机、家居电器，大到电动汽车、太阳能电站等，各行各业的巨头们都纷纷加入到了研发行列。
    
    图1
    Tesla建造的沃登克里弗塔
    无线电能传输技术的几种方式
    从具体的技术原理及解决方案来说，目前无线电能传输技术主要有电磁感应式、磁共振式、电场耦合式、微波式四种基本方式。这几种技术分别适用于近程、中短程与远程电力传送。
    （1）电磁感应式
    当前最成熟、最常见的是电磁感应式。其根本原理是利用电磁感应原理，类似于变压器，在供电端和受电端各有一个线圈，初级线圈上通一定频率的交流电，由于电磁感应在次级线圈中产生一定的电流，从而将能量从传输端转移到接收端。这种技术供电距离较近，一般控制在厘米级别，是目前市面上比较成熟的技术，采用这种原理的一些手机和小型电子元器件的无线充电已经开始商业化应用。
     图2
    电磁感应式无线电能传输技术在手机充电中的应用
    （2）磁共振式
    磁共振式也称为近场谐振式，由能量发送装置，和能量接收装置组成，当两个装置调整到相同频率，它们就可以彼此交换能量。其原理与声音的共振原理相似，当供电线圈和受电线圈谐振频率相同时，可以实现从一个向另一个供电。该技术传输功率大，传输距离远，传输效率能达到90%，以上优势让其成为了一些科技企业追逐的热点，在近几年发展较快，目前主要研究应用于电动汽车以及其他一些大功率设备中。
    
    图3
    磁共振式无线电能传输系统结构原理示意图
    
    图4
    磁共振式无线电能传输技术在电动汽车充电中的应用
    （3）电场耦合式
    电场耦合式基于电场耦合原理，通过正对放置的送电侧电极与受电侧电极，利用两电极间产生的感应电场来供电，具有抗水平错位能力强的特点。电容耦合式无线充电时，为了提高效率需要在耦合过程中升高电压，如图5所示，耦合电极之间的电压最大达1.5~2kV，高压增加了用户触电的风险，因此，电容耦合式无线电能传输技术目前还没有广泛被大众所接受，其研究还处于初步阶段，虽在一些手机平板中已有应用案例，但其安全性能还有待进一步提高。
    
    图5
    电场耦合式无线充电系统工作原理图
    （4）微波式
    微波式无线电能传输原理是将电能转换为微波，然后由天线发射出去，电磁波通过自由空间传播后被接收天线收集。由于微波的波长比较短，其定向性好，可用于电能的远程传输。微波式无线电能传输能够实现几十公里距离的无线能量传输，但其成本昂贵、传输效率极低，可靠性也有待进一步验证，随着未来科技的进步，该技术有望成为远距离输电的一个重要发展方向。
    
    图6
    太阳能电站微波无线电能传输示意图
    无线电能传输未来发展和应用重点关注的问题
    近些年，随着关键技术的研究和技术突破，无线电能传输技术已经取得了良好的发展。除了上文中提到，该技术还在小型家电、智能电网、移动式机器人、无线传感器网络、人体植入式医疗仪器、军事领域等方面具有广泛的发展前景。但是要实现无线电能传输技术在更广泛领域的应用，还应在以下几个方面有所突破：
    （1）提升传输性能
    就现有技术水平而言，无线电能传输系统的有效传输距离、效率、功率等技术指标尚不能满足大规模推广应用的需求。目前无线供电端还无法达到无线网络那么大的覆盖范围，虽然供电端和受电端不存在物理接触，但是彼此还是不能距离太远，不然传输效率会大幅下降甚至无法传输。更高的传输效率、更大的传输功率和更远的传输距离是其需要重点突破的方向。
    （2）消除公众对电磁暴露疑虑
    就像现在人们对Wi-Fi无线信号和高压输电电缆是否存在干扰和辐射等副作用一样，对于无线电能传输技术，仍有不少人谈“无线”而色变。尽管无线电能传输中所产生的电磁波对人体的辐射伤害尚无权威论证，但公众对这种涉及人体健康的问题必然会非常重视，如果不解决该问题，会在很大程度上影响公众对无线电能传输技术的信任度。针对无线电能传输系统电磁安全方面研究空白，2017年，中国电科院联合国家电网公司、科研院校、中国医学科学院等单位立项了针对大功率无线充电系统电磁安全评价及测试方法研究科技项目。相信随着科研深入，能够尽早消除公众对无线电能传输电磁暴露的疑虑。
    （3）无线电能传输标准的统一
    无线电能传输技术的普及，需形成一个国际通用标准，不同厂家的产品之间要满足兼容和互操作性。针对小功率无线充电领域，目前市场上逐渐形成了以Qi、PMA及A4WP为代表的三大主流标准，但随着手机、平板电脑、笔记本电脑等大量无线充电产品走向市场，三种标准对于普通消费者来说仍有所不便。在大功率无线充电领域，2016年5月美国标准化组织SAE发布了第一个插电式混动车以及纯电动车无线充电技术的行业标准-SAE TIR J2954，意在全行业里推行统一标准，以加强行业管理与指导；2016年在国标委和中国电力企业联合会的支持下，中国电科院牵头承担了3个电动汽车无线充电国家标准编制工作，预计2018年发布。随着各个功率等级无线电能传输技术日趋成熟，无线电能传输标准的市场竞争将逐渐凸显，业界出台统一的标准更是大势所趋。
    无线电能传输研发团队
    
    中国电科院储能与电工新技术研究所无线电能传输研究团队目前在职人员12人，其中博士5人、硕士5人，专业背景涉及电力系统、电磁场分析与计算、高频电力电子、新型电磁材料、自动控制、机械与自动化等多学科领域，是一支学历水平高、年龄结构合理、知识结构全面、专业水平高的战略性前瞻技术领域的科技创新队伍。是目前国家电网公司系统内唯一立足于电网行业背景、专业从事无线电能传输基础理论及应用技术研究、关键装置开发、工程咨询服务、试验测试等的研发团队，研究范围涵盖无线电能传输及其应用科学与技术相关领域的各个方面。
    团队研制出公司系统内首套六组多共振频率中短距离百瓦级电磁共振式无线电能传输试验样机，主持开展了国家电动汽车无线充电标准体系研究、规划及标准制定路线图的绘制，牵头编制若干项电动汽车无线充电国家标准，先后成为“全国家用电器标准化技术委员会无线电能传输家电分技术委员会”、“大中华区无线充电产业联盟” 和“大功率无线输电产业联盟”会员单位，实验室相关骨干人员是国际电工委员会电动汽车无线充电系列标准工作组成员。
    团队在中短距离磁共振无线电能传输系统优化设计、磁传输部件研发制造以及电动汽车汽车静止式和移动式无线充电关键部件研发、系统集成及工程设计及实施领域中取得了令人瞩目的成绩，具有较高的行业地位。
    供稿：中国电科院电工所魏斌、王松岑
    欢迎分享转发，底部留言参与讨论！
    电网技术
    微信有你“材”精彩！
    《电网技术》微信公众平台开通【电力新视界】专栏，旨在介绍电力行业新概念、新理论、新方法、新技术、新思路等，为广大科研人员提供一个活泼开放、自由交流的平台。
    微文投稿邮箱：pst@epri.sgcc.com.cn联系电话：010-82812980、82812543
    Power System Technology
    Hello，伙伴们长按二维码关注我们吧！
    【电力新视界】中国电科院魏斌等：无线电能传输技术解析",微信,weixin_506419095,【电力新视界】中国电科院魏斌等：无线电能传输技术解析,电科院,0
"创新|上海电科院推进电能表状态轮换策略实施
    “上海电科院和上海市质量技术监督局共同参与的上海市地方标准《电子式交流电能表使用中检定规程》于去年年底发布，将于今年6月1日正式实施。”上海电科院技术质检室主任朱彬若话语中充满了欣喜与期待。
    上海即将启动电能表状态轮换运行管理策略，以抽样统计对在网电能表进行运行性能确认。该规程是上海电科院配合地方政府在强检计量器具管理方面的重大创新举措，将开创国内电能表状态轮换的先河。
    传统模式：到达轮换周期电能表性能尚且完好
    一直以来，上海市对在用贸易结算电能表的管理方式是按照电能表检定周期这一固定时间段进行电能表的到期轮换。无论电能表在轮换周期内的质量水平如何都需在规定的时限全部更换。这种传统管理模式存在着一定弊端。
    传统模式具体实施中无视产品质量水平，临近轮换周期后不论好坏统统一刀切，但随着电能表生产制造水平的不断加强，电子式电能表,尤其是智能电能表的质量性能已大大提升。朱彬若介绍：“现有电能表寿命一般已普遍达到10~15年以上，而轮换周期仅为6~8年，这意味着即使到达轮换周期后实际上仍然有大量在用电能表质量性能完好。”传统模式难以实现对在网电能表运行质量水平的监督。电能表在网使用后，受到产品元器件的寿命影响，以及各种环境的作用，都会影响到电能表的计量特性和质量水平，要保证轮换周期内电能表100%的合格率几乎是不可能的。当前管理模式只是将到期电能表全数调换，无法准确获知轮换周期内电能表质量水平变化等数据，无法提前发现电能表运行质量隐患。
    传统模式损耗浪费大，成本高。由于电能表到达轮换周期后不论好坏一律更换，引发旧表拆卸处理、新表购置安装等一系列工作，大量明明质量完好的电能表被提早报废，不仅人力物力成本巨大，而且不利于节能降耗。
    严谨论证：各运行年限电能表总体合格率超过99.5%
    针对问题，上海电科院与上海质监局成立项目组开展专题研究，旨在通过电能表状态调换策略创新提升，探索一套更符合实际情况和管理要求的电能表状态调换模式。
    在研究过程中，上海电科院成立了一支12人的技术团队，详细分析了上海在网电能表的总体运行质量水平，以抽样统计理论  基础和数学模型为研究出发点，梳理比对各类抽样方案，探讨方案边际水平和质量风险管控最佳平衡点，确立了适用于上海电能计量工作实际的运行抽样方案和电能表寿命试验方案。
    这些方案的验证需要积累大量的试点运行数据，为此，上海电科院计量中心组织5个班组，花了3个多月的时间收集数据。性能试验班班长黄亮说：“我们先后累计回收检定了上千只运行中的电能表开展试验论证工作，每个电能表里积攒了近十年的数据。上海地区各运行年限的电能表质量状态良好，基本误差曲线皆在可控范围内，总体合格率超过99.5%，这说明实施以抽样检验为基础的状态轮换策略条件成熟、基础可靠。”
    效果可观：预计每年平均减少8000余万元电能表采购费
    4月12日，上海电科院参加上海质监局牵头组织召开的《电子式交流电能表使用中检定规程》配套落地实施管理办法专题讨论会议，拟定好相关抽检计划，报上海市质监局批准实施。
    该规程实施后，将率先在全国范围内创新性地实现基于抽样检测方式的电能表状态轮换策略。这个轮换策略相较于以往基于固定周期轮换的电能表调换模式更具科学性和经济性，具备明显的示范引领效应。每块电表上将安装安全采集终端，用电信息采集系统一定时间间隔采集电能表数据，将信息统一上传至主站，对主站上获取到的电表信息进行分析，准确掌握电表质量水平。
    记者算了笔账，上海居民电能表保有量接近1000万只，按照8年检定周期的到期调换要求，平均每年需至少调换125万只。以每只电能表200元测算，每年仅用于调换电能表的采购金额即达到2.5亿元。另一方面，基层供电公司还将消耗大量人力物力实施调表工作，由此带来的人力成本等也相当可观。
    基于抽样检测的电能表状态轮换策略可有效评估运行中电能表的批次质量水平，按照预期电能表能普遍实现延长50%使用的周期来测算，平均每年产生的各项成本可以下降三分之一，降低三分之一调表工作量，每年平均减少8000余万元电能表采购费。
    未来，基层供电公司不需要再消耗大量人力物力实施调表工作，避免换表而可能产生客户投诉的服务风险下降，客户满意度上升。此外，调表数量的下降可大大减少设备报废工作成本，预估每年可减少200吨电子垃圾的产生，符合绿色环保理念。因此，状态轮换模式既可实现社会资源的最优化，从而节能降耗，也可及时发现电能表质量隐患，从而推动淘汰劣质电能表和引导技术进步。
    来源/ 中国电力报
    中国电工仪器仪表信息网（www.tc104.org）
    如有合作意愿 请咨询 0451-86659398 
    中国电工仪器仪表信息网
    长按识别二维码更多精彩
    赞赏
    长按二维码向我转账
    受苹果公司新规定影响，微信 iOS 版的赞赏功能被关闭，可通过二维码转账支持公众号。
    阅读   投诉",微信,weixin_497189204,创新|上海电科院推进电能表状态轮换策略实施,电科院,0
"观点】中国电科院姚志强等：面向智能电网的主厂站一体化关键技术探讨
    ????? 提示：点击""电力系统自动化""↑关注本刊微信
    原文发表在《电力系统自动化》2017年第41卷第8期，欢迎品读。
    温馨提醒: 进入《电力系统自动化》微信号首页, 点击右下角“微文微站”, 可分类搜索、阅读历史好文。本文引文信息
    姚志强, 吴艳平, 徐歆, 等. 面向智能电网的主厂站一体化关键技术探讨 [J]. 电力系统自动化, 2017, 41(8): 179-185. DOI: 10.7500/ AEPS20161013003.
    YAO Zhiqiang, WU Yanping, XU Xin, et al. Discussion on Key Technologies in Integration of Dispatching Center and Substation for Smart Grid [J]. Automation of Electric Power Systems, 2017, 41(8): 179-185. DOI: 10.7500/ AEPS20161013003.
    面向智能电网的主厂站一体化关键技术探讨
    DOI: 10.7500/AEPS20161013003
    姚志强，吴艳平，徐歆，任浩，耿明志，窦仁晖
    一、研究背景
    随着智能电网快速发展，尤其是新技术的不断应用，给主站和变电站自动化技术提出了新的要求：从现阶段电网生产管理的业务需求来看，因调控一体化模式实施，使得电网设备监控业务需要从远端掌握更多的变电站设备运行状态信息，仅仅依靠告警直传、远程浏览等方式还无法满足监控业务需求；从未来整个电网自动化技术发展趋势来看，总体呈现“物理分布、逻辑统一”的集散式架构特征，其典型的特点就是基于网络实现服务、功能分布可定制、远端资源按需访问等。这些需求都使得主厂站间数据通信需打破点对点逐级转发模式，采用更加灵活、高效，并兼容现有通信体系的主厂站交互技术，打通两端的交互瓶颈，将主站自动化系统与变电站自动化系统从应用功能的维度紧密结合在一起，实现主厂站自动化系统的互联互通。
    本文所提出的主厂站一体化是在变电站在和主站之间信息交互更加紧密的基础上，从数据交互和应用功能方面实现主站和厂站的互补或协调互动。通过采用开放的基础平台和服务化的通信协议，在数据交互方面实现主站对厂站数据的按需访问，在功能方面实现对按需提供式服务、订阅推送式服务、请求响应式服务的支持。
    二、主厂站一体化总体架构
    
    2.1
    总体架构
    首先给出智能电网框架下的主厂站一体化接入逻辑图，如图1所示。主站侧是两个地区的调度主站，调度主站的前置通过服务代理接入调度数据网，其中灰色的线是各地区前置和变电站远动网关的连接关系示意，代表已有的实时远动数据传输。蓝色的线则是主厂站网络化连线。在权限许可条件下，接入网络的各节点可获取全网各变电站的任意数据。以地区1的调度主站为例，主站通过域管理服务获取全网域信息，连接到指定的地区变电站节点，建立与变电站的连接后即可获取子站模型、数据等，可实现对地区2的变电站数据访问，图中是用红色的虚线来表示对应的连接关系。对于变电站而言，作为电网中的服务节点，成为各级主站系统访问对象，通过服务代理为客户端提供所需的各类信息。
    
    图1
    主厂站网络化接入逻辑图
    主厂站间交互的方式包含三种类型：其一、保持主厂站间的直连数据不变，以直采直送方式为主站SCADA系统提供实时数据；其二、通过网络化的数据服务为电网各节点上的客户端提供数据访问服务，主站各业务系统可直接获取目标节点的实时/历史数据、曲线、报表、模型、图形等；其三、通过服务的发布和订阅，主厂站可实现应用功能的服务化，从业务上将主站与厂站端更加紧密的联系在一起，提升电网生产管理效率和水平。
    
    2.2
    关键技术
    为了实现主厂站互联互通的目标，在当前的主厂站交互技术基础上，以主站和变电站的数据需求和业务需求的导向，分别从通信协议、变电站基础平台、交互的模型、图形和数据三个方面的关键技术开展研究。
    1）电力系统通用服务协议
    通信协议是主厂站交互的基础，承载了变电站自动化系统与调度主站自动化系统之间的所有信息传输，可以说通信协议直接决定了通信两端的耦合程度和交互水平。电力系统通用服务协议是一套基于服务架构的主厂站通信体系。通用服务协议将通信服务及其报文结构直接映射到TCP/IP或以太网协议栈上，吸收并扩展IEC 60870-5-104和DL476等协议实时性强的特性，建立基于面向对象技术的实时数据传输机制，在确保电网实时监视和控制数据的实时性和可靠性的同时，借鉴IEC 61850自描述特性，增加自定义通信服务和自定义报文结构的功能，采用二进制协议结构、数据单元、服务机制及服务原语，实现各级电网调度控制中心，各类发电厂、变电站相互间的静态和动态服务数据交换。
    通用服务协议的基础交互框架考虑采用基于代理的服务模式，通过变电站的本地服务代理和远端服务代理之间进行交互。一方面兼顾了电力设备不允许上网直连的问题，另一方面通过基于代理的交互模式来解决调度数据网通信安全问题，所有的数据和功能都通过代理进行转发，最大程度减少对现有系统的冲击。
    2）一体化业务平台
    除了解决主厂站之间通信手段的问题之外，还需考虑作为服务端的变电站如何适应这种面向服务的架构。国家电网公司在2013年新一代智能变电站中明确提出了一体化业务平台，采用开放的软件体系架构，通过标准化的服务接口和访问模型，将平台与应用软件解耦，实现应用功能模块化与不同业务功能的集成，具备了对外开放的服务接口，使得以基于服务为框架的电力系统通用服务协议在变电站侧有了实践的基础。
    一体化业务平台采用可扩展式的基础平台、访问模型和服务接口来支撑各种扩展式业务插件，为变电站以及主站各类业务提供统一的模型、数据、网络通信、人机界面、系统管理以及基本计算等服务。平台与应用的交互模式是采用由接口+数据类型+模型实例三者结合的方式。
    ①访问模型规定了应用与平台间交互的访问模型数据格式，采用xml文件以类似视图方式映射到一体化业务平台的内在业务模型中，平台仅需通过接口对外提供访问服务，支持多种变体数据结构；
    ②实例化数据模型则是应用功能掌握变电站拓扑关系的桥梁，可提供全面的变电站的拓扑关系以及全数据，第三方应用功能通过导入实例化数据模型实现对平台的按需访问；
    ③服务接口是提供各类基本的服务功能，包含实时数据、历史数据、文件、模型、告警、日志、进程管理、总线、权限等一系列的函数功能。
    
    图2
    一体化业务平台与外部交互结构图
    3）统一的模型、图形与数据
    根据主站和变电站的自动化系统构建流程来看，业务功能决定了模型，模型决定了数据结构，要实现一体化，必须将主站和子站间的模型统一，规范数据索引和描述，才能从电网业务功能和数据层面上实现主厂站一体化，否则变电站将成为信息孤岛，只能为主站提供各类数据而已。本文所提出的统一模型和数据，是以业务需求为导向，按照主站电网的各类业务功能建立所需的CIM模型，通过电力系统数据标记语言（E语言规范）将电力系统传统的面向关系的数据描述方式与面向对象的模型相结合，实现SCD文件分解到各业务CIM/E模型的转换。考虑实际工程中，变电站SCD文件并未随着调试过程来更新模型中的数据描述、索引等内容，可考虑直接由一体化业务平台导出调试修改后的CIM/E模型文件，并且模型中的数据描述需遵循电力系统数据描述规范的要求，使得具体数据的索引和描述方式能够建立主厂站模型间的关联索引，进而支撑调度主站各业务系统对变电站数据和功能的访问。在图形方面，通过采用规范的CIM/G图形格式，在变电站侧绘制主厂站所需的图形，并将图形中的数据索引与CIM/E模型中的索引进行映射关联，可实现主站直接导入CIM/E模型和CIM/G图形文件入库，避免重复画图连库工作，达到图模一体化的目标。
    
    图3
    主厂站统一模型转换与标准化数据接入
    三、结语
    随着技术的发展进步，主站与厂站间的交互将更加紧密，要求也将进一步提高。本文提出的主厂站一体化技术发展将意味着长期以来，仅从主站或子站视角独立建设系统的方法将可能发生改变，变电站一体化接入可全面改变现有的调度主站与子站之间的运行模式，提升并改变调度系统对电网的运行维护和管理水平。同时，主厂站一体化的实施，开放了变电站自动化系统基础平台，更多的第三方可以参与到具体的业务功能开发，促进高级应用功能的实用化和专业化，为主站对无人值守变电站的远程运维和管理提供技术支撑手段。随着技术的发展会逐步深入，可将主厂站一体化分为三个阶段分步实施：
    1）初级阶段。采用通用服务协议，基本实现变电站SCD模型的自动传输和解析，自动按照配置完成远动网关的通信设置，实现远动数据的自动对点、主接线图生成和入库，满足基本的远动四遥的现阶段业务需求。
    2）发展阶段。在实现远动四遥的基础上，实现主站系统对站内间隔层装置（测控、保护等）的参数和定值配置，支持基本的远程运维功能，按需调取变电站数据、文件等需信息，支持调控业务需求。
    3）成熟阶段。即主厂站一体化实用化阶段，子站通过服务的方式为主站系统提供高级应用的支持，子站智能应用可提供包括熟数据、曲线、报表、录波等分析结果类信息供主站调用，主站系统按需调用子站侧的功能模块，实现主厂站间的业务功能级协同。
    任何新技术的发展进步都离不开实际工程的应用，本文所提出的变电站与调度主站之间的通信一体化解决方案也会在实际应用过程中面临新的问题。特别是在电网实时业务方面，由于安全性、可靠性的要求，需要考虑如何用动态数据集替代四遥点表、遥控对象索引映射等具体的操作机制和流程，兼顾电网运行管理单位的责任风险管控要求，这也将是下一步重点要解决的工程化技术难点问题。
    轻点蓝字, 查看相关微文
    《电力系统自动化》2017年第8期新鲜出炉啦！
    【精彩论文推荐】湖南大学 帅智康等：基于奇异值分解理论的谐波放大分析方法
    主要作者及团队介绍
    
    姚志强，硕士，就职于中国电力科学研究院电力自动化研究所。主要研究方向：变电站自动化技术。
    
    吴艳平，硕士，中国电力科学研究院电力自动化研究所副主任。主要研究方向：电力系统保护与控制。
    
    窦仁晖，硕士，中国电力科学研究院电力自动化研究所主任。主要研究方向：电力系统保护与控制及变电站自动化系统。
    郑重声明：根据国家版权局相关规定，纸媒、网站、微博、微信公众号转载、摘编本微信作品，需包含本微信名称、二维码等关键信息，并在文首注明《电力系统自动化》原创。个人请按本微信原文转发、分享。
    关于《电力系统自动化》
    
    点击左下方“阅读原文”获取原文摘要
    【观点】中国电科院 姚志强等：面向智能电网的主厂站一体化关键技术探讨",微信,weixin_496239513,【观点】中国电科院姚志强等：面向智能电网的主厂站一体化关键技术探讨,电科院,0
"【行业信息】8家充电桩企2016业绩比拼特锐德胆超国网
    近日，特锐德、易事特、科士达、许继电气、中能电气、通合科技、和顺电气等8家涉足充电桩业务的上市公司陆续发布了2016年报。
    在这8家上市公司的年报中，许继电气在营业收入和净利润方面都远高于其他7家企业，在净利润增速方面，中能电气净利润同比增长285.32%，高于其他企业，通合科技净利润同比下降3.98%。
    
    充电桩业务已成各上市公司盈利新利器。特锐德2016年新能源汽车及充电业务实现营业总收入16.72亿元，占营业收入比重的27.38%，同比增长1016.91%，毛利润3.00亿元。许继电气2016年电动汽车智能充换电系统营业收入8.97亿元，占营业收入比重9.34%，同比增长62.67%。
    在国家大力推广新能源汽车的当下，充电桩设备将成为电动汽车产业链中确定性最高的一块“蛋糕”。2017年，国家能源局规划2017年新增充电桩目标80万个，其中专用桩70万个、公共桩10万个，同比增长超过3倍。届时，这些上市公司的充电桩业务将为公司创造更大的利润。
    
    特锐德：新能源汽车及充电业务实现营业总收入16.72亿元
    特锐德4月16日公布2016年度报告，2016年实现营业收入61.09亿元，同比增长103.48%，归属于上市公司股东的净利润2.52亿元，同比增长72.74%。报告期内，公司在新能源汽车及充电业务实现营业总收入16.72亿元，占营业收入比重的27.38%，同比增长1016.91%，毛利润3.00亿元。2016年公司应收新能源汽车补贴约9.77亿元。
    报告期内，公司累计获得专利336项；同时，在国家电网及各省公司的大力支持下，公司继续加大电动汽车充电设施的投资，截止报告期末，公司累计签约城市78个、成立子公司58个、项目落地城市219个，全国累计投建充电站11608个、充电桩154196个，上线运营充电站5650个、充电桩41743个。
    截至报告期末，云平台运行累计充电量约1.5亿度，支持终端13万余个，平台服务企业437家在线运营；在大数据方面，云平台提供了43组监控面板，1500+监控元数据，1700+监控项，300+预警项，可以支撑每天多达50TB的充电数据。公司云平台实现开放、共享、协同的社会效益，促进新能源汽车产业的快速发展。
    存在的风险：特锐德电动汽车充电的商业模式是免费投资汽车充电系统，通过收取充电服务费盈利，由于汽车充电系统前期投入较大，而资金的来源主要是通过银行融资解决，融资的财务成本较高，电动汽车市场又处于培育期，充电系统的投入速度要远大于电动汽车发展的速度，短期内设备空置率很高，很难盈利，存在着较大亏损的风险。
    国电南瑞：节能环保业务实现营业收入14.37亿元
    国电南瑞2016年实现营业收入114.15亿元，同比增长17.54%，归属于母公司净利润14.47亿元，同比增长11.36%，每股收益0.60元。
    公司本期节能环保业务高速发展，本期实现营业收入14.37亿元，同比增长30.79%，营业毛利率23.61%。公司大力推广电网节能、港口岸电、电动汽车充换电市场，签订浙江、福建、安徽等地区配电网节能改造、电能量提升项目，实现发电厂及工业废水零排放整体解决方案零突破，高压岸电、充电桩在南网成功推广应用，陆续签订神华富平水处理、珠海、中山港高压岸电、南网充电桩集招等项目，与大众、宝马、福特等众多车企签订充电桩供货协议，成功中标国网电动汽车公司车联网和贵州全省电动车运营监控平台。
    点评：业绩表现持续稳健
    电网自动化业务中地调16 年开始更新周期，节能环保业务中充电桩和配网节能业务增速明显。发电及新能源营收毛利下滑严重，轨交板块大单确认，今年增速有望翻倍。上市公司已经与大股东签订框架，静待方案进一步细化。
    节能环保板块营收14.37 亿元，同比增长25.56%，毛利率23.61%，同比增加3.18 个点，充电桩业务占比提升，电网节能业务上半年签订浙江、安徽等地区配电网节能改造设备、电能量提升等项目，节能业务主要面向系统内，由国网节能公司自行招标，价格好于国网统招，同时南瑞也在探索金融租赁模式开展配网的建设模式，值得持续关注。
    盈利预测与估值：我们预计在16年业绩平稳的表现下，在资产注入的历史性阶段，公司业绩仍然处于稳健上升期，2017-2019年归母净利润为17.05/19.46/22.19亿元，EPS为0.702/0.801/0.913元,同比增长18%/14%/14%，给予2017年30倍PE，目标价21元，维持买入评级。
    风险提示：电网投资不达预期；新业务拓展不达预期。
    通合科技：充电桩销售收入较上年同期增长63.60%
    通合科技3月21日晚披露年报，公司2016年营收为2.23亿元，同比增长20%；净利为4104万元，同比下降3.98%。其中，充换电站充电电源系统(充电桩)及电动汽车车载电源收入1.24亿元，同比增长16.85%，占总营业收入比重55.63%。
    说明：1、新能源汽车行业包含充换电站充电电源系统(充电桩)和电动汽车车载电源两类产品，充换电站充电电源系统(充电桩)销售收入较上年同期增长63.60%，电动汽车车载电源销售收入较上年同期降低32.45%，两者合计销售收入较上年同期增长16.85%。
    2、充换电站充电电源系统(充电桩)的计量单位为“套”，电动汽车车载电源的计量单位为“台”，两者计量单位不同。表中新能源汽车行业销售量、生产量、库存量为以两者各自计量单位的自然数量相加结果。
    报告期内，双向隔离功率变换器首版样机开发完成，是储能微网系统中的重要组成设备，可采用冗余设计，平滑扩展，系统可靠性高；新一代水冷车载DC-DC产品采用适用于汽车应用的扁平化设计，功率密度显著提升；一代车载电机控制器作为技术平台完成上车自测，二代电机控制器处于设计转换阶段；新一代电动汽车充电机处于开发阶段中的原理样机测试环节。
    点评：充电桩收入占比过半，2017年蓄势待发
    公司收入稳定增长，净利润略有下滑。行业竞争激烈致使毛利率回落，充电桩收入占比保持五成以上。
    快充桩望引领潮流，公司优先受益：我们认为今年充电桩行业望在以下三方面发生积极变化，1)政府及社会(公交车出租车)等招标方对快充桩需求的崛起，虽然不及国网招标数量集中，但是全国范围内基于各地充电桩十三五规划与新能源公交车的替换需求，几十至几百万的订单数量今年有增多迹象，充电桩的销路更将广泛；2)充电运营模式的利润兑现，我们认为在公交快充领域会率先实现盈亏平衡；3)电池技术革新，大功率快充桩的需求会逐步成为主流，较高毛利率的直流充电桩厂商持续受益。在近日公告的国网充电桩一标招标中，大功率快充桩成为招标占比最大的产品已初步印证以上判断。公司以电源模块起家，独有的“谐振电压控制型功率变换器”技术可有效提升生产效率，降低生产成本，最近两年充电桩收入占比都过半，在快充桩充电模块制造领域有充足的技术优势，望受益快充桩的广泛铺设。
    投资建议：我们首先看好公司在新能源车充电桩及车载电源领域的优势布局，并期待公司在快充桩放量的未来充分受益。同时公司在充电站建设和运营领域已经取得的部分成果，布局电机电控也望在未来体现收入，我们预测公司2017-2019年EPS分别为0.61/0.74/0.85元；给予增持评级，目标价区间为82-84元。
    风险提示：充电桩业务毛利率下滑风险，充电桩行业发展不及预期。
    许继电气：电动汽车智能充换电系统营业收入8.97亿元
    许继电气2016年实现营业收入96.07亿元，同比增长30.77%；实现归属于母公司股东的净利润8.69亿元，同比增长20.58%。其中，电动汽车智能充换电系统营业收入8.97亿元，占营业收入比重9.34%，同比增长62.67%。
    点评：业绩反转，持续关注特高压直流与智能充换电业务
    报告期内，公司六大业务皆同比正增长，使得营业收入实现96.07亿元，同比增幅达30.77%。
    特高压直流业务进入收获期。2016年公司直流输电系统业务实现营收15.91亿元，同比增长51.7%。2017、2018年预计国内将分别有2-3条、3-4条直流特高压线路建设投运，公司能够集中完成换流阀和直流控制保护系统的供应，此块业务将继续保持高速增长。
    充电设施业务增速最为可观。2016年公司智能充换电系统业务实现营收约8.97亿元，同比增长62.7%。公司在2015、2016年国网充电桩招标中市场份额达10%左右，竞争力强劲。2017年国网预计新接入2.6 万个以上充电桩，加上各类社会运营商及地方政府的需求，我们预计公司充换电系统业务将继续实现高速增长。
    维持“推荐”评级。我们预计公司2017年-2019年将实现收入114.0/131.4/150.8亿元，实现净利11.88/13.98/16.95亿元，对应PE分别为15/12/10倍。考虑到公司配网业务逐步反转，特高压直流业务快速增长，我们看好公司中长期的发展前景，维持“推荐”评级。
    风险提示：1.特高压建设进度不及预期；2.电网投资增速不及预期。
    易事特：新能源汽车及充电设施、设备营业收入1334.4万元
    易事特2月28日晚间披露2016年年报，公司2016年实现营业收入52.45亿元，同比增长42.44%；实现归属于母公司股东的净利润4.72亿元，同比增长69%；基本每股收益0.90元/股。其中，新能源汽车及充电设施、设备营业收入1334.4万元，占营业收入比重的0.25%，同比减少85.98%。
    报告期内，公司在原有500V/15KW,750V/15KW高频充电模块的基础上成功开发出了输出电压范围为200-750V的宽输出范围充电模块，输出功率同样达到15KW，实现了一款模块涵盖了目前充电桩行业的所有充电电压要求，大大增强了产品的普适性；针对2016年新国标的发布，成功完成了这个充电桩系统产品的产品升级换代，并大规模的推向市场；针对快速充电大巴车完成一体式300KW充电桩研发并推向市场；进一步优化电动汽车充电运营监控系统，提高了系统的安全性、可靠性、人性化、允许第三方平台接入。
    点评：收入利润高速增长，一季报仍望维持高增速
    公司收入利润高速增长，一季报仍望维持高增速。充电桩受政策持续催化，公司充电桩业务网回暖：能源局、国网态度积极，探索合理商业与补贴模式有望成为今年充电桩市场政策的新方向，将自上而下保障充电桩市场快速发展。能源局全年目标建设充电桩 90 万(公共 10 万，专用80 万)，国网计划建设充电桩 2.9 万(同比 30%增速)等规划继续提升全年充电桩市场预期
    投资建议：我们看好光伏业务向系统集成和运营转型，形成“设备+工程+运营”一体化的发展模式，并积极看好 IDC 产业发展和电力、轨交细分行业的稳步发展，期待公司充电桩业务逐步回暖，同时与国网电科院合作的微电网技术及售电业务望为公司提供更多利润增长点。预计 2017-2019EPS 分别为 1.03、1.27、1.53 元(未考虑转股摊薄),给予增持评级，12 个月目标价区间 46.5-47.2元。
    风险提示：光伏业务竞争加剧，充电桩业务不及预期，微网项目不及预期。
    科士达：电动汽车充电桩产品实现营业收入7085万元
    科士达3月28日发布2016年年度报告，全年实现营业收入17.50 亿元，同比增长14.67%，实现归母净利润2.96亿元，同比增长26.75%，EPS 为0.67元。其中，电动汽车充电桩产品实现营业收入7,084.60万元，同比增长74.27%。
    以上各项利润指标增长的原因主要是报告期内新能源光伏发电业务及电动汽车充电桩业务受政策引导和市场需求的影响，业绩大幅提升；同时公司数据中心业务受产品结构调整及公司微模块产品市场份额增大的影响，毛利率较高的中大功率UPS、精密空调等产品业绩明显提升。
    新能源产品(新能源充电设备)生产量较上年同期增长838.88%、销售量较上年同期增长345.42%，库存量较上年同期增长741.12%，主要是报告期内公司在国家充电设施发展规划的引导和市场需求的影响下，通过技术研发创新提高产品市场竞争力，充电桩业务销售订单增加导致生产量、销售量、库存量随之大幅度增长。
    2016年度公司在充电桩方面，完成了一体式直流快速充电机15KW~150KW系列产品、小型化60KW一体式直流快速充电机产品、移动式30KW/60KW一体式直流快速充电机产品、分体式直流快速充电机90KW~360KW系列产品、壁挂式交流充电机与立柱式交流充电机产品开发、15KW充电机模块(200-500V；300~750V)等。
    点评：充电桩建设全面提速，业绩增长具备高弹性
    2016年，公司新能源充电设备业务实现营业收入0.71亿元，同比增长74.27%，毛利率保持42.51%的高位。随着新能源汽车进入健康发展期，车桩比高企倒逼充电桩建设全面提速。2017年，能源局规划全年充电桩建设目标90万个(公用桩10万个，专用桩80万个)，国网全年建设目标亦有30%以上的增长。公司充电桩产品技术与传统电力电子产品一脉相承，掌握充电模块等核心技术，作为充电桩领域后起之秀，在手订单充沛，在充电设备市场的快速扩张中，业绩具备极高的成长弹性。
    结论：我们看好国内IDC市场快速发展下公司大功率UPS等配套设备收入的持续增长，以及新能源汽车、光伏行业高速增长带动下公司新能源产品的巨大增长潜力。预计公司2017 - 2019年的营业收入分别为21.3亿元、25.3亿元和29.2亿元，归母净利润分别为3.6亿元、4.6亿元和5.6亿元；EPS分别为0.81元、1.03元和1.26元，对应PE分别为25.3、20.0和16.3，首次覆盖给予公司“强烈推荐”评级。
    风险提示：数据中心市场发展不及预期，充电桩行业建设不及预期，光伏逆变器市场需求下降。
    和顺电气：充电桩等相关销售收入为1.15亿元
    和顺电气发布年报，公司实现营业收入4.07亿元，同比增长34.94%；归属于上市公司股东的净利润为0.30亿元，同比增长31.56%。报告期内，公司充电桩产品相继中标国网和南网，本期充电桩等相关销售收入为1.15亿元，较上年同期上升44.14%。2017年在充电桩建设获得国家政策大力支持下，行业将迎来快速的发展，将带动公司新能源车充电桩及相关产品收入迅速提升。
    点评：转型顺利，充电桩毛利率仍维持较高水平
    公司转型取得初步成效，并为未来的可持续发展奠定良好的基础。收购艾能特全部股权，充电桩毛利率维持高位。公司目前已100%控股充电桩细分行业重点公司艾能特。子公司去年实现营业收入9743万元，实现净利润1262 万元。在全行业毛利率下行情况下，公司桩产品能够维持在48.01%的较高水平。
    高低压成套与电力电子产品扩展市场，从华东走向全国。公司的传统产品以往大部分销往华东地区，并未向其他地区布局。公司去年在全国搭建5 个分公司，力图将产品推向全国市场。并且已经在五大发电集团及山东、湖北、山西及陕西等多个省级电力公司获得订单。
    光伏EPC 成为新的利润增长点，未来保持稳中有升。去年完成内蒙古达茂旗10.5MW 地面光伏电站项目，目前有在手临潭20MW 光伏发电项目EPC 承包合同。新能源领域已成为公司新的利润增长点，未来公司将继续拓展光伏EPC 总承包业务及屋顶分布式光伏发电项目。
    公司研发投入持续增加，新产品或将在未来产生效益。2014-2016 年，公司研发投入分别为1.0、1.2、2.4 千万元，占比营收分别为3.06%、4.06%、6.00%。主要加大对充电桩及电能计量装置等产品的研发投入力度，从而增强自身竞争力。
    盈利预测：预计2017-2019 年营收分别为7.20、9.56、12.17 亿元，归母净利润0.70、0.92、1.19 亿元。给予“增持”评级。
    风险提示：大盘风险，充电桩销售、传统业务市场扩展不及预期。
    中能电气：新能源充电服务事项营业收入725万元
    中能电气发布2016年报，2016年公司实现营业收入10亿元，较上年同期增长36.86%；实现净利润8796.7万元，较上年同期增长249.69%；实现归属于上市公司股东的净利润7843.6万元，较上年同期增长285.32%。其中，新能源充电服务事项营业收入725万元，占营业收入比重的0.72%。
    2016年，公司启动非公开发行股票事项，部分募集资金拟投入“充电桩研发与制造项目”，该项目建设充电桩研发中心、完善充电桩研发系统。同时，部分募集资金拟投入“研发中心项目”，该项目拟在上海建设一个技术先进、行业领先的新能源研究开发中心，建设具备开发、运营、控制、维护、分析等多功能的智慧能源云平台以及相应的大数据中心，行业提供多维度的数据服务。目前，非公开发行股票事项尚处于中国证监会审核受理阶段。
    微信来源号： 电能革新
    免责声明本文部分文字图片来自网络，若涉及版权请告知我们，我们会在第一时间处理。我们对文中观点保持中立，仅供参考、交流之目的。
    【关于我们】
    》如果您喜欢本文
    ・ 请轻点右上角按钮发送给朋友或分享到朋友圈
    》如果您想关注我们
    ・ 请点击标题下方蓝色文字：瑞盛智能电网
    ・ 搜索微信号：rizner_jx 关注
    》如果您想了解更多关于我们的信息
    ・ 请网页搜索：嘉兴瑞盛智能电网科技有限公司
    ・ 公司网址：www.rizner.net
    期待分享您工作、生活中的喜怒哀乐！
    【行业信息】8家充电桩企2016业绩比拼 特锐德胆超国网",微信,weixin_489008695,【行业信息】8家充电桩企2016业绩比拼特锐德胆超国网,电科院,0
"电科院汤涌：特高压交直流互联电网安全稳定运行面临的挑战与技术措施
    
    2017年4月27日，中国电力科学研究院在北京举行“第五届中国电力发展和技术创新院士论坛暨中国电力科学研究院‘二零八科学会议’”，邀请能源、材料、物理、岩土工程等多个技术领域的院士、专家出席论坛并作专题报告，面向我国电力科研前沿，启迪学科交叉融合思维，促进协同创新。
    中国电力发展和技术创新院士论坛是中国电力科学研究院于2008年发起的高端学术论坛，自创办以来，已有四十三位院士出席，共作学术报告133人次。“二零八科学会议”是中国电力科学研究院面向电力科学前沿问题的常设性学术研讨会，于2014年创立，邀请相关领域包括两院院士在内的顶级专家、学者共同研讨重大科学问题和共性关键性技术问题。
    会上，中国电力科学研究院汤涌总工程师作了题为“特高压交直流互联电网安全稳定运行面临的挑战与技术措施”的报告，小编征得汤总同意，与您分享。
    报告PPT",微信,weixin_487862791,电科院汤涌：特高压交直流互联电网安全稳定运行面临的挑战与技术措施,电科院,0
