中兴通讯,　　证券时报网（www.stcn.com）08月07日讯　　中兴通讯(行情000063，诊股)公司官网报道，公司8月3日携手新加坡电信在新加坡市中心滨海湾部署了2.6GHz Pre5GMassive MIMO的实验网，此举能及时提升在滨海湾举行的新加坡国庆中的Singtel4G用户体验,0,媒体新闻,c,1
中兴通讯,中兴通讯：PRE 5G产品首次突破东南亚最大跨国电信运营商,0,媒体新闻,t,1
中兴通讯,　　近日，IEEE 5G国际峰会在上海交通大学举行，中兴通讯作为金牌赞助商参加会议，并对业界广泛关注的非正交多址(NOMA)技术专题进行了深入的讨论，助力NOMA的技术标准研究的推进,1,媒体新闻,c,1
中兴通讯,　　在本次会议上，由中兴通讯牵头组织的NOMA技术的专题讨论受到了参会成员的极大关注,1,媒体新闻,c,1
中兴通讯,中兴通讯5G标准专家与业界专家一起，对NOMA技术的应用场景、NOMA相对于正交多址的优势、发射机和接收机关键技术的特征、理论分析、标准化进程、以及测试计划和进展等话题进行了深入的探讨，同时，针对NOMA设计中的一些关键技术问题和性能指标也提出了建议,1,媒体新闻,c,1
中兴通讯,中兴通讯作为NOMA技术的第一报告人，牵头NOMA标准核心项目的研究工作，积极组织NOMA技术相关专题的讨论，推进NOMA标准研究进展，为5G标准领域技术的研究推进做出积极的贡献,1,媒体新闻,c,1
中兴通讯,　　中兴通讯是5G全球技术和标准研究活动的主要参与者和贡献者,1,媒体新闻,c,1
中兴通讯,中兴通讯积极参与5G标准的讨论制定，目前已经加入40多个标准化组织、联盟和论坛，是ITU、3GPP、IEEE、 NGMN、ETSI、OpenFog、CCSA、IMT-2020、5GMF、5GIA、5GAA等国际标准组织、行业联盟的成员,1,媒体新闻,c,1
中兴通讯,中兴通讯组织IEEE 5G峰会NOMA专题讨论 推进标准制定,1,媒体新闻,t,1
中兴通讯,"<IMAGE SRC=""http://hqpick.eastmoney.com/k/0000632.png"" >　　近日，中兴通讯与巴西圣保罗市签署智慧教育合作协议，将为巴西圣保罗市的公立学校提供两套完整的“智慧教室”设备",2,媒体新闻,c,1
中兴通讯,　　圣保罗市长若昂多里亚在签约仪式上表示：“中兴通讯是全球领先通讯企业，在全球包括巴西在内的160多个国家和地区都有分支机构,2,媒体新闻,c,1
中兴通讯,通过此次协议的签订，中兴通讯将与圣保罗市政府进行教育信息化领域的合作，我们对与中兴通讯的合作充满了信心，未来我们还有望在智慧医疗以及交通领域与中兴通讯展开更多的合作,2,媒体新闻,c,1
中兴通讯,”　　中兴通讯提供的“智慧教室”设备致力于提高圣保罗市整体教育信息智能化水平，每套“智慧教室”均由电脑一体化投影仪、智能摄像头、麦克风、影音录像系统、服务器、文件阅读器等设施组成,2,媒体新闻,c,1
中兴通讯,中兴通讯与巴西圣保罗市签署智慧教育合作协议,2,媒体新闻,t,1
中兴通讯,　　虽然是服务器、存储领域的“小角色”，中兴通讯(行情000063，诊股)近年来在此领域的增长速度却很快，2012-2016年，中兴通讯服务器、存储营收增长8倍，远超市场平均增长水平,3,媒体新闻,c,1
中兴通讯,　　近日，中兴通讯举办服务器与存储发布会，推出同步英特尔最新一代至强可扩展处理器（Skylake系列）的多款升级产品,3,媒体新闻,c,1
中兴通讯,新产品在性能、可扩展性、灵活性等方面均有显着优化和升级，无疑将会再次提升中兴通讯在服务器、存储市场上的表现力,3,媒体新闻,c,1
中兴通讯,　　中兴通讯服务器、存储产品总经理郭树波　　其实早在2005年中兴通讯就成立了服务器存储产品线，但最近几年来，中兴通讯对这条产品线的投入和研发力度开始提速，谈及目标，中兴通讯服务器、存储产品总经理郭树波表示，“未来三年，中兴通讯希望成为政企市场的服务器存储主流供应商，成为运营商市场的‘主要’供应商，并进入运营商市场的前三名,3,媒体新闻,c,1
中兴通讯,”　　中兴通讯的机会　　以云计算、大数据、人工智能、5G为核心特征的数字化浪潮正在席卷全球，在这样的时代变幻中，中兴通讯更愿意自己给自己机会,3,媒体新闻,c,1
中兴通讯,回顾中兴通讯服务器存储产品线发展的历程，大致经历三个阶段：2005-2009年主要以OEM为主，定位为内部自用，应用于中兴的设备配套和IT系统；2009-2012年以自研产品+OEM为主，主要为内部自用加局部市场扩展；2012-2017年全面自研，目前已经发布了数十余款自主研发的服务器存储产品，中兴通讯并开始发力外部市场，全面进入国内外的政企、运营商市场,3,媒体新闻,c,1
中兴通讯,　　自从全面自研发力市场后，中兴通讯目前已经在运营商、政府、金融、教育、互联网等领域全面突破，尤其在两个领域增长明显，一是智慧城市，二是运营商市场,3,媒体新闻,c,1
中兴通讯,　　毫无疑问，在智慧城市领域，中兴通讯已是国内第一品牌,3,媒体新闻,c,1
中兴通讯,郭树波指出，“自2014年至今，中兴通讯的服务器存储产品已经进入18个智慧城市项目,3,媒体新闻,c,1
中兴通讯,”可以想象，随着中兴通讯智慧城市项目的持续推进，对于其服务器、存储产品出货量将有很大的拉动,3,媒体新闻,c,1
中兴通讯,　　智慧城市之外，运营商市场是对中兴通讯服务器存储贡献最大的市场，这也是其发力和寻求突破的市场,3,媒体新闻,c,1
中兴通讯,事实上，几年来中兴通讯服务器存储从单产品进入已经完成多产品、多个运营商进入,3,媒体新闻,c,1
中兴通讯,”　　当然，突破运营商市场，中兴通讯有自己的天然优势,3,媒体新闻,c,1
中兴通讯,一是服务于运营商的基因，中兴通讯更了解运营商，如郭树波所说，“中兴通讯是一家整体产品线非常长的公司，我们给客户解决的并不是简单的服务器问题，而是一个系统问题，这是很多公司做不到的,3,媒体新闻,c,1
中兴通讯,另外，随着运营商提供ICT服务，包括云服务等，中兴通讯服务器存储也将迎来巨大机会,3,媒体新闻,c,1
中兴通讯,　　中兴通讯服务器存储对品质的坚持　　持续扩大市场份额，无论是做“主流”还是“主要”供应商，中兴通讯靠什么,3,媒体新闻,c,1
中兴通讯,主板比别人厚零点几毫米、采用更高品质的电子元器件等，很多看不到的东西中兴通讯却花了不少功夫去“雕琢”,3,媒体新闻,c,1
中兴通讯,”　　此外，中兴通讯的优势还体现在定制化层面，例如很多厂商只是给了BIOS/BMC厂家支付了一笔费用，而中兴通讯买的源代码，这些源码重构后可以满足客户的差异化需求,3,媒体新闻,c,1
中兴通讯,因为掌握了这些能力，在严格的性能测试中中兴通讯能够体现出优势,3,媒体新闻,c,1
中兴通讯,在中国移动2016年存储集采中中兴通讯是第三名，就得益于这些品质和定制化的能力,3,媒体新闻,c,1
中兴通讯,　　凭借着中兴通讯对产品的钻研和产品品质的追求，中兴通讯服务器存储不断敲开高端市场，除了运营商、政府，还包括爱奇艺、苏宁云商(行情002024，诊股)、邮储银行等互联网、金融市场,3,媒体新闻,c,1
中兴通讯,以运营商、智慧城市切入 中兴通讯发力服务器与存储市场,3,媒体新闻,t,1
中兴通讯,　　近日，中兴通讯(000063，股吧)发布2017年上半年业绩快报，实现营业收入540.11亿元，较去年同期增长13%,4,媒体新闻,c,1
中兴通讯,　　RCS行业领跑者及生态系统的推动者　　中兴通讯率先在全球范围内部署了基于公有云的RCS Hosting创新方案（亚太、欧洲、非洲、美洲四大Hosting中心），为全球电信运营商、虚拟运营商等提供RCS一站式、低成本解决方案，并在2017年IMS世界论坛上斩获“Most Ambitious Solution for Rich Communications”大奖,4,媒体新闻,c,1
中兴通讯,　　为促进RCS业务的发展和互联互通，中兴通讯在亚太、欧洲、非洲、美洲部署了RCS HuB服务，支持全球RCS业务的互联互通，已完成中国三大运营商RCS业务的互联互通测试，加快了中国三大运营商商用部署RCS的步伐,4,媒体新闻,c,1
中兴通讯,　　作为行业领导者，更关注RCS行业健康发展和生态系统的建设，中兴通讯保持了与GSMA紧密合作，参与大量的RCS新规范制定和推广，引领了行业和生态系统的发展方向,4,媒体新闻,c,1
中兴通讯,　　持续创新，技术领先，巩固大视频行业领导者地位　　作为大视频领域的领导者，中兴通讯始终致力于在大视频技术上的创新和持续的研发投入，不断增强产品核心竞争力，在上半年中国移动融合CDN集采和中国联通(600050，股吧)集采测试中，技术排名均排名居首,4,媒体新闻,c,1
中兴通讯,　　在新技术应用中，中兴通讯敢于探索和实践,4,媒体新闻,c,1
中兴通讯,中兴通讯发布的大视频VR端到端直播解决方案已经成功应用于南京艺术学院毕业典礼及2017年MWC中兴上海展现场直播,4,媒体新闻,c,1
中兴通讯,　　云计算及大数据蓬勃发展，坚持重点行业深耕细作　　中兴通讯持续在云计算和大数据领域加大研发投入，积累了深厚的技术实力，并发挥科技创新型企业的能力，在新的技术领域如分布式数据库、区块链、人工智能持续探索和创新，为行业客户打造了基于区块链、人工智能的创新数字化行业解决方案,4,媒体新闻,c,1
中兴通讯,在云会议技术创新方面，上半年中兴通讯率先提供H.265端到端云会议方案，并重磅发布业内首家集视频会议、投影和白板功能的三合一“智会一体机TCS310”,4,媒体新闻,c,1
中兴通讯,　　在政务云领域，中兴通讯致力于面向政务数字化转型打造新型的政务云、政务大数据解决方案，上半年已建成湖南省政务云、政务大数据中心等多个省级政务大数据中心项目，首个政务视讯云方案在武汉市政府正式使用,4,媒体新闻,c,1
中兴通讯,在金融行业，中兴通讯自主研发的分布式数据库产品助力中信银行(601998，股吧)、建设银行(601939，股吧)成功开展分布式架构转型，在农业银行(601288，股吧)建成业界领先规模的金融大数据平台,4,媒体新闻,c,1
中兴通讯,上半年，中兴通讯已为中国22个省的学校提供云桌面服务，并成为国内教育领域前三的品牌,4,媒体新闻,c,1
中兴通讯,　　人工智能时代悄然来临，中兴“智”得先机　　2017年MWC上海展，中兴通讯发布uSmart AI“智能机器人”整体解决方案,4,媒体新闻,c,1
中兴通讯,中兴通讯已经开展了多年的自然语言理解、知识库与知识图谱、推理与决策等智能化技术的研究,4,媒体新闻,c,1
中兴通讯,大视频领跑 中兴通讯云计算及IT产品上半年稳步增长,4,媒体新闻,t,1
中兴通讯,　　2017年7月27日，中兴通讯(000063.CH/人民币23.25，买入)以7.272亿元向南昌高新转让所持控股子公司努比亚10.1%股权,5,媒体新闻,c,1
中兴通讯,　　资料图片　　中兴通讯近日公布2017年半年度业绩快报，上半年实现营业收入540.11亿元人民币，较上年同期增长13.09%；营业利润32.94亿元，同比提升564.83%；净利润22.94亿元，较上年同期增长29.85%，在市场竞争激烈、同行业承压情况下，实现业绩大幅增长,6,媒体新闻,c,1
中兴通讯,整体经济改善背景下，核心技术竞争力提升对中兴通讯业绩增长起到关键作用,6,媒体新闻,c,1
中兴通讯,　　自成立以来，中兴通讯坚持将每年营收的10%以上用于研发创新，累计投入近1000亿元,6,媒体新闻,c,1
中兴通讯,目前，中兴通讯在世界各地共设有20个研发中心，在全球拥有107个分支机构、3万余名研发人员,6,媒体新闻,c,1
中兴通讯,截至去年6月30日，中兴通讯全球专利申请量超过6.8万件，其中90%以上为发明专利；已获得授权专利超过2.5万件，欧美终端专利授权2000件,6,媒体新闻,c,1
中兴通讯,目前，中兴通讯已成为中国唯一一家连续6年专利申请量居全球前三的企业,6,媒体新闻,c,1
中兴通讯,2016年12月，中兴通讯工业智能装备电信级实时操作系统，凭借创新技术与规模化商用，成功替代全球领先的美国风河公司产品，获得中国工业领域最高奖项――第四届中国工业大奖,6,媒体新闻,c,1
中兴通讯,　　“硬实力”开拓“数字丝路”　　今年5月，中兴通讯领导作为企业代表，受邀参加在北京举办的“一带一路”国际合作高峰论坛,6,媒体新闻,c,1
中兴通讯,　　作为中国最大的通信设备提供商之一，中兴通讯着力服务“一带一路”国际合作，业务已进入参与“一带一路”的50多个国家，不仅为包括巴基斯坦Telenor在内的多家公司提供3G和4G移动网络，有效填补发展中国家和发达国家之间的数字鸿沟，还同包括西班牙电信和日本软银在内的多家运营商建立合作，与西班牙Telefonica共同宣布完成第一次Pre5G Massive MIMO测试，积极推进5G的商用化进程,6,媒体新闻,c,1
中兴通讯,2012年，中兴通讯独家中标跨国运营商Telenor在巴基斯坦的全资子公司TP（Telenor Pakistan），承建包括无线、承载、核心网、电源、运维等项目,6,媒体新闻,c,1
中兴通讯,2015年及2016年，中兴通讯分别中标TP One Asia无线和承载5年框架合同，续签至2020年,6,媒体新闻,c,1
中兴通讯,在这方面，中兴通讯大有可为,6,媒体新闻,c,1
中兴通讯,”中兴通讯相关负责人表示,6,媒体新闻,c,1
中兴通讯,目前，中兴通讯正着力建设完善全球销售和服务平台，全力为“一带一路”参与国家和企业数字化转型提供动力支持,6,媒体新闻,c,1
中兴通讯,终端机顶盒发货量同比去年增长超过15%，国际发货势头强劲，已经超过2016年全年发货；在云计算及IT领域，中兴通讯助力国内三大运营商完成RCS互联互通测试，在新加坡完成RCS HUB1.0部署，率先推出与人工智能结合的RCS MaaP解决方案，成为业内首家发布基于GSMA MaaP规范的应用解决方案厂商,6,媒体新闻,c,1
中兴通讯,　　“软实力”实现质量增长　　2017年上半年，中兴通讯聚焦主营业务，持续强化公司治理，在研发产出、成本管控等方面不断优化，企业管理制度日益成熟， “软实力”有效推动公司经营实现质量增长,6,媒体新闻,c,1
中兴通讯,　　在内部管理上，中兴通讯公司治理水平和国际化程度不断提升，管理效益开始显现,6,媒体新闻,c,1
中兴通讯,近年来，中兴通讯下决心强化合规运营、优化治理结构，向管理要效益,6,媒体新闻,c,1
中兴通讯,一直以来，中兴通讯在5G研发上保持先行优势，尽管如此，公司坚持加大关键技术投入，在管理导向上，强化市场对资源配置的决定性作用，以科学管理、效率生产、持续创新，不断巩固拓展市场空间,6,媒体新闻,c,1
中兴通讯,目前，中兴通讯研发强度正快速逼近欧美同行，人均营收上也正加快赶超竞争对手,6,媒体新闻,c,1
中兴通讯,为有效留住人才、用好人才，目前中兴通讯已推出新一轮高标准股权激励计划，覆盖近2000名核心骨干员工，努力依靠合规治理、加强内控、关注员工和股东利益，实现企业长远健康发展,6,媒体新闻,c,1
中兴通讯,中兴通讯“中考”全线告捷,6,媒体新闻,t,1
中兴通讯,　　消费者市场由运营商主导变成市场主导，公司在转型中承受压力不断尝试，成功遏制了亏损继续扩大的趋势：　　2016年年初加大公开市场投入，希望打造品牌、提高销量；　　2016年10月份，调整战略，遏制了巨额亏损继续扩大的趋势；　　2016年10月24日，中兴通讯任命公司执行董事殷一民为公司手机业务负责人,7,媒体新闻,c,1
中兴通讯,5G的全球建设是中兴最重要的机遇，为迎接5G，中兴通讯需要做充分的提前布局，要保持领先的技术优势，需要持续大量的研发投入,7,媒体新闻,c,1
中兴通讯,　　中兴通讯（00763-HK）公布，全资附属公司中兴通讯荷兰控股有限公司与 OEPTurkey Tech. B. V.（OEP）於去年12月6日签署《SHAREPURCHASE AGREEMENT related to NETA,8,媒体新闻,c,1
中兴通讯,中兴通讯(00763-HK)收购Neta?股权利於推动土耳其业务拓展,8,媒体新闻,t,1
中兴通讯,　　中证网讯（记者张玉洁）中兴通讯(行情000063，诊股)7月28日晚间发布公告，去年12月份公告的，通过荷兰子公司以不高于1.01亿美元收购土耳其电信设备上市公司NETA,9,媒体新闻,c,1
中兴通讯,　　中兴通讯此前表示，标的公司的业务领域和方向与公司的M-ICT战略契合，本次收购有助于利用标的公司的优势资源，推动本公司在土耳其的业务拓展,9,媒体新闻,c,1
中兴通讯,中兴通讯表示，Netas作为土耳其最大的系统集成商之一，拥有丰富的客户资源，该公司NetasS的业务领域和方向与中兴通讯的M-ICT战略契合，本次收购有助于利用Netas的优势资源，推动中兴通讯在土耳其的业务拓展,9,媒体新闻,c,1
中兴通讯,中兴通讯收购土耳其电信设备公司48%股权事项已完成交割,9,媒体新闻,t,1
中兴通讯,　　中兴通讯(行情000063，诊股)晚间公告，去年12月份公告的，通过荷兰子公司以不高于1.01亿美元收购土耳其电信设备上市公司NETA48.04%的股权事项，已于7月28日（土耳其时间）完成了交割，公司认为收购NETA股权有利于推动本公司在土耳其的业务拓展,10,媒体新闻,c,1
中兴通讯,中兴通讯收购土耳其电信设备公司股权事项已完成交割,10,媒体新闻,t,1
中兴通讯,　　智通财经APP讯，中兴通讯（00763）发布公告，于2017年7月28日，该公司全资附属荷兰控股收购Neta,11,媒体新闻,c,1
中兴通讯,中兴通讯完成收购土耳其Neta?股权,11,媒体新闻,t,1
中兴通讯,　　每经记者 王晶 每经编辑 赵庆　　7月27日晚间，中兴通讯(行情000063，诊股)（00763）发布公告称，中兴通讯签署了《努比亚技术有限公司股权转让协议》及《努比亚技术有限公司股东协议》,12,媒体新闻,c,1
中兴通讯,　　值得注意的是，在该公告中，中兴通讯披露了努比亚2016年及2017年1-4月的主要财务数据,12,媒体新闻,c,1
中兴通讯,　　对于本次转让的目的，中兴通讯称，本次转让引进新的投资者，有助于努比亚未来发展,12,媒体新闻,c,1
中兴通讯,　　7月19日晚，中兴通讯发布了2017年半年度业绩快报，公司上半年实现营业收入人民币540.11亿元，较上年同期增长13.09%，实现归属于上市公司普通股股东的净利润人民币22.94亿元，较上年同期增长29.85%,12,媒体新闻,c,1
中兴通讯,财报还显示，中兴通讯今年二季度单季营收和净利润分别为282.7亿元和10.8亿元，同比分别增长9%和32%，单季度利润实现快速增长,12,媒体新闻,c,1
中兴通讯,　　对于业绩增长的原因，中兴通讯归结于国内运营商在4G项目传输和接入系统的持续投入，无线通信及固网和承载系统营业收入及毛利均有增长,12,媒体新闻,c,1
中兴通讯,此前，努比亚的亏损会给中兴通讯业绩带来负面影响，但转让股权后，中兴不仅获得4亿元的投资收益，而且也不用合并报表了,12,媒体新闻,c,1
中兴通讯,甩掉亏损包袱 中兴通讯7.27亿元出售努比亚10.1%股权,12,媒体新闻,t,1
中兴通讯,　　瑞信调高中兴通讯(00763)目标价，由16.3港元升至21.8港元，惟评级维持「中性」,13,媒体新闻,c,1
中兴通讯,　　瑞信称，中兴通讯公布有意分拆智能手机品牌努比亚(Nubia)，并会出售其中10.1%股权，作价7.37亿元人民币，若出售完成，中兴通讯为此将确认16.8亿-24亿元人民币投资收益,13,媒体新闻,c,1
中兴通讯,　　瑞信认为，自与美国达成和解协议，中兴通讯企业监管均改善，估计努比亚业务在2016年录得6.5亿-7亿人民币的净亏损，分拆有助改善下半年的纯利表现，16.8-24亿人民币投资收益亦有利2017年第三季纯利，估计季度盈利、新海外订单及来,13,媒体新闻,c,1
中兴通讯,瑞信升中兴通讯目标价至21.8元 努比亚出售及分拆利好,13,媒体新闻,t,1
中兴通讯,   在2015年获得苏宁云商19.5亿元战略投资后，中兴通讯（000063，SZ）旗下手机品牌努比亚又将引来南昌国资的入股，而入股后目前仍处于亏顺状态的努比亚的估值将达到72亿元,14,媒体新闻,c,1
中兴通讯,努比亚官方称，这款搭载全球首款8GB RAM新一代无边框旗舰树立了2017年旗舰手机新标杆，　　在新旗舰手机发布不到两个月，努比亚控股股东中兴通讯宣布出售努比亚10.1%股权,14,媒体新闻,c,1
中兴通讯,中兴通讯7月27日晚公告称，7月27日中兴通讯与南昌高新新产业投资有限公司（以下简称南昌高新）签署《股权转让协议》，以7.272亿元向后者转让所持控股子公司努比亚10.1%股权,14,媒体新闻,c,1
中兴通讯,　　2016年努比亚亏损近亿元　　上述转让完成后，中兴通讯仍将持有努比亚49.9%的股权，为最大单一大股东，但是努比亚不再纳入中兴通讯的合并报表范围,14,媒体新闻,c,1
中兴通讯,　　《每日经济新闻》记者注意到，本次转让的比例为10.1%，刚好使得中兴通讯的持股比例低于50%，而使得转让后努比亚不必纳入中兴通讯财务报表，这或与努比亚自身的业绩也算不上靓丽有关,14,媒体新闻,c,1
中兴通讯,　　不过，根据7月20日中兴通讯发布业绩快报显示，其自身业绩还算不错,14,媒体新闻,c,1
中兴通讯,　　中兴通讯表示，本次转让引进新的投资者，有助于努比亚未来发展,14,媒体新闻,c,1
中兴通讯,中兴通讯旗下努比亚获南昌国资入股  估值超70亿但前4月亏损7000万,14,媒体新闻,t,1
中兴通讯,　　评论：　　1、努比亚不再并表统计，亏损减少对母公司形成实质利好　　努比亚之前是公司控股子公司，中兴通讯持股比例为60%，英才投资持股比例为6.67%，苏宁云商持股比例为4.9%，南京恒勉持股比例为28.43%，在此次出售10.1%的股权之后，公司在努比亚持股比例下降到49.9%，不再纳入并表范围,15,媒体新闻,c,1
中兴通讯,　　4、低估值龙头价值重发现，维持“强烈推荐-A”评级，12个月目标价31.0元-37.2元　　未来5G技术我国将力争主导，中兴通讯是A股龙头，当前950亿市值对应动态PE21倍，距离历史平均估值30倍、估值中枢25-30倍，尚处于底部区间,15,媒体新闻,c,1
中兴通讯,　　中兴通讯（00763-HK）公布，于2017年7月27日，公司签署了《努比亚技术有限公司股权转让协议》及《努比亚技术有限公司股东协议》,17,媒体新闻,c,1
中兴通讯,中兴通讯(00763-HK)拟7.272亿元出售努比亚10.1%股权,17,媒体新闻,t,1
中兴通讯,　　人民网(行情603000，诊股)7月25日电 （记者朱传戈）近日，中兴通讯(行情000063，诊股)发布2017年半年度业绩快报，上半年实现营业收入人民币540.11亿元，较上年同期增长13.09%；营业利润32.94亿元，同比提升564.83%；净利润人民币22.94亿元，较上年同期增长29.85%,18,媒体新闻,c,1
中兴通讯,　　今年是中兴通讯A股上市20周年，中兴通讯正在迎来新的发展契机,18,媒体新闻,c,1
中兴通讯,在内部管理上，中兴通讯推出新一轮高标准股权激励计划，公司坚持合规治理，加强内控，重点关注员工和股东利益,18,媒体新闻,c,1
中兴通讯,　　20年近千亿 持续投入渐显效益　　财报显示，技术核心竞争力的提升起到了至关重要的作用，中兴通讯成立以来研发投入累计近1000亿元，持续多年的技术投入开始积优势成胜势，竞争力的提升有助于毛利率提升，2016年中兴通讯第三次位居PCT专利申请量排名全球第一,18,媒体新闻,c,1
中兴通讯,　　在无线方面，中兴通讯LTE系列基站被国际知名咨询公司GlobalData评为唯一“领导者”,18,媒体新闻,c,1
中兴通讯, 中兴通讯Pre5G方案与多家合作伙伴完成外场测试与部署，5G继续稳固先锋地位，面向商用的5G高低频全系列产品全面参与5G国家二阶段测试，刷新多项业界记录,18,媒体新闻,c,1
中兴通讯,此外，中兴通讯与中国移动联合在广州开通全国首个5G基站,18,媒体新闻,c,1
中兴通讯,　　在有线方面，中兴通讯在5G承载领域持续发力，发布5G承载方案5G Flexhaul及多款5G承载预商用设备，完成关键技术FlexE Tunnel功能演示,18,媒体新闻,c,1
中兴通讯,　　在云计算及IT领域，中兴通讯助力国内三大运营商完成RCS互联互通测试，在新加坡完成RCS HUB1.0部署，率先推出与人工智能结合的RCS MaaP解决方案，成为业内首家发布基于GSMA MaaP规范的应用解决方案厂商,18,媒体新闻,c,1
中兴通讯,　　手机市场海外表现强劲　　手机业务方面，中兴通讯半年全球市场表现良好，尤其在全球主要经济大国均保持稳定增长,18,媒体新闻,c,1
中兴通讯,　　中兴通讯自研芯片上半年发货量较去年同期增长41.7%，支持Pre5G的多模软基带芯片已在国内外高端运营商规模发货，物联网方面已完成与不同设备商、模组厂家、芯片厂家的互联互通测试，联合国内海外运营商和第三方合作伙伴积极落地物联网业务应用，形成IoT方案集成和平台服务能力,18,媒体新闻,c,1
中兴通讯,　　公司治理加速改善 实现有质量增长　　2017年上半年中兴通讯聚焦主营业务，持续强化公司治理，在研发产出、薪酬/收入成本、5G技术研发方面的优势强化，推动公司提升经营效率持续有质量的增长,18,媒体新闻,c,1
中兴通讯,　　一方面，近年伴随5G等相关新兴领域加大布局，中兴通讯单一年度研发投入已超百亿，技术优势正在不断累积,18,媒体新闻,c,1
中兴通讯,随着在4G/5G/承载等关键技术上的逐步追赶，中兴通讯与主要竞争对手的差距在不断缩小，已经逐步形成了此消彼长的趋势，在全球的市场份额与行业地位有望持续提升,18,媒体新闻,c,1
中兴通讯,　　另一方面，中兴通讯的管理制度日益成熟,18,媒体新闻,c,1
中兴通讯,　　中兴通讯下决心合规运营、加强内部治理,18,媒体新闻,c,1
中兴通讯,当前中兴通讯在5G研发上有先行优势，公司态度鲜明地表示将继续强化在关键技术与重要市场的大力投入，坚持研发、市场投入不动摇，坚持向管理要效益的思路不改变,18,媒体新闻,c,1
中兴通讯,未来在各领域，中兴通讯将进一步推动市场格局向前发展,18,媒体新闻,c,1
中兴通讯,上市20周年迎来全新发展契机 中兴通讯交出靓丽半年报,18,媒体新闻,t,1
中兴通讯,"oads.chinatimes.cc/article/201707/580_20170724210812Nx8WDd9a3X.jpg"" >华夏时报（公众号：chinatimes）记者 黄兴利 北京报道中兴通讯发布的2017年半年度业绩快报显示，上半年实现营业收入人民币540.11亿元，较上年同期增长13.09%；营业利润32.94亿元，同比提升564.83%；净利润人民币22.94亿元，较上年同期",19,媒体新闻,c,1
中兴通讯,对于业绩上升原因，中兴通讯表示，2017年上半年，由于国内运营商在4G项目传输和接入系统的持续投入，无线通信及固网和承载系统营业收入及毛利均有增长，同时，随着海外市场的开拓，手机产品营业收入及毛利均有增长，因此，公司整体实现营业收入及毛利的双重提升,19,媒体新闻,c,1
中兴通讯,对于中兴通讯的半年成绩单，海通证券研报表示，中兴通讯利润增速远超收入增速，说明成本优势加速显现,19,媒体新闻,c,1
中兴通讯,值得一提的是，中兴通讯自研芯片上半年发货量较去年同期增长41.7%，支持Pre5G的多模软基带芯片已在国内外高端运营商规模发货，物联网方面已完成与不同设备商、模组厂家、芯片厂家的互联互通测试，联合国内海外运营商和第三方合作伙伴积极落地物联网业务应用，形成IoT方案集成和平台服务能力,19,媒体新闻,c,1
中兴通讯,财报数据显示，中兴通讯成立以来研发投入累计近1000亿元，持续多年的技术投入开始积优势成胜势，竞争力的提升有助于毛利率提升，2016年中兴通讯第三次位居PCT专利申请量排名全球第一,19,媒体新闻,c,1
中兴通讯,业内分析看来，今年是中兴通讯A股上市20周年，中兴通讯正在迎来新的发展契机,19,媒体新闻,c,1
中兴通讯,“一方面，近年伴随5G等相关新兴领域加大布局，中兴通讯单一年度研发投入已超百亿，技术优势正在不断累积,19,媒体新闻,c,1
中兴通讯,随着在4G/5G/承载等关键技术上的逐步追赶，中兴通讯与主要竞争对手的差距在不断缩小，已经逐步形成了此消彼长的趋势，在全球的市场份额与行业地位有望持续提升,19,媒体新闻,c,1
中兴通讯,”业内人士指出，另一方面，中兴通讯的管理制度日益成熟,19,媒体新闻,c,1
中兴通讯,据悉，在内部管理上，中兴通讯快速推出新一轮高标准股权激励计划，覆盖近2000名核心骨干员工,19,媒体新闻,c,1
中兴通讯,净利润大增近三成 中兴通讯晒最佳半年成绩单,19,媒体新闻,t,1
中兴通讯,"<IMAGE SRC=""http://hqhkpic.eastmoney.com/EM_Quote2010PictureProducter/Index.aspx?ImageType=K&ID=007635&Type=D&UnitWidth=5&Formula=Volume"" >　　据外媒报道，美国私募基金TPG和中兴通讯(00763)(深：000063)寻求获得巴西电信运营商Oi的控股权",20,媒体新闻,c,1
中兴通讯,　　中兴通讯A股现跌0.4%，报23.56元人民币，H股涨2.5%，报20.8港元,20,媒体新闻,c,1
中兴通讯,传有意投资巴西电信运营商：中兴通讯AH股背驰 _ 东方财富网(Eastmoney.com),20,媒体新闻,t,1
中兴通讯,　　中兴通讯日前发布2017年半年度业绩快报表示，上半年公司实现营业收入540.11亿元人民币，较上年同期增长13.09%，实现归属于上市公司普通股股东的净利润22.94亿元人民币，较上年同期增长29.85%,21,媒体新闻,c,1
中兴通讯,　　中兴通讯是全球前列的通信方案提供商,21,媒体新闻,c,1
中兴通讯,中兴通讯上半年净利润同比增近三成,21,媒体新闻,t,1
中兴通讯,证券时报网（www.stcn.com）07月24日讯中兴通讯(000063)日前接受特定对象调研时表示，近日公司携5G全系列产品全面参与中国5G国家试验第二阶段测试，多项技术方案验证取得新突破,22,媒体新闻,c,1
中兴通讯,中兴通讯：全面参与5G国家试验测试 积极推动Pre-5G发展,22,媒体新闻,t,1
中兴通讯,　　野村发表研究报告指，将中兴通讯(00763)(深：000063)的H股目标价由18元上升33.3%至24元，维持「买入」评级,23,媒体新闻,c,1
中兴通讯,　　野村指，数据增长的设备升级需求及频谱重用，将会带动中兴通讯的运营商网络业务稳健增长，同时海外智能电话及本地网络协定电视(IPTV)业务，将会支撑消费类板块增长,23,媒体新闻,c,1
中兴通讯,　　由于中兴通讯主席更集中于企业管治及提升营运效益，野村预料集团将会改善经营杠杆,23,媒体新闻,c,1
中兴通讯,该行表示上调中兴通讯2017u18财年纯利预测6%u19%，预料集团达到正常化盈利增长19%u14%,23,媒体新闻,c,1
中兴通讯,野村：中兴通讯H股目标升33%至24元 续吁买入,23,媒体新闻,t,1
中兴通讯,　　简评　　1、对中兴通讯业绩快报数字的理解　　净利润(归母)增速有效提升，超市场预期：2017Q1增速28%，2017H1增速接近30%，Q2同比增速高于30%,24,媒体新闻,c,1
中兴通讯,　　2、公司基本面不断转好，短期运营商变化带来潜在业务，长期5G成为重要转折　　2.1美国政府制裁停止，公司经营恢复正常　　中兴通讯（000063）营收和净利润快速提升，系公司三项主营业务业务全面转好所致,24,媒体新闻,c,1
中兴通讯,【通信】中兴通讯(000063)：半年业绩超预期 中国广电宽带运营有限公司落地利好,24,媒体新闻,t,1
中兴通讯,　　近日，中兴通讯（000063）半年度业绩快报发布，净利润增长近三成,26,媒体新闻,c,1
中兴通讯,受业绩增长影响，中兴通讯AH股双双飘红，分别上涨4.01%和9.52%,26,媒体新闻,c,1
中兴通讯,7月19日，中兴通讯发布《2017年半年度业绩快报》，半年540.11亿元，同比增长 13.09%；营业利润32.94亿元，同比增长564.83%；归属母公司净利润22.94亿元，同比增长29.85%,26,媒体新闻,c,1
中兴通讯,　　受业绩大幅增长影响，中兴通讯A股港股双双飘红，A股股价收报23.58元，上涨4.01%，h股股价收报20.70港元，大涨9.52%,26,媒体新闻,c,1
中兴通讯,2016年4月，赵先明出任中兴通讯CEO,26,媒体新闻,c,1
中兴通讯,港股暴涨9.52% 中兴通讯完成救赎之路？,26,媒体新闻,t,1
中兴通讯,　　证券时报网（www.stcn.com）07月20日讯　　7月20日，中兴通讯H股股价涨逾7%，最高报20.40港元，创阶段新高,27,媒体新闻,c,1
中兴通讯,中兴通讯A股涨4%，最高报24元,27,媒体新闻,c,1
中兴通讯,中兴通讯AH股大涨 H股股价创阶段新高,27,媒体新闻,t,1
中兴通讯,摘要受发盈喜影响，中兴通讯涨5.29%，报19.9港元，暂成交1.13亿港元,28,媒体新闻,c,1
中兴通讯,"<IMAGE SRC=""http://hqhkpic.eastmoney.com/EM_Quote2010PictureProducter/Index.aspx?ImageType=K&ID=007635&Type=D&UnitWidth=5&Formula=Volume"" >　　受发盈喜影响，中兴通讯(763.HK)涨5.29%，报19.9港元，暂成交1.13亿港元",28,媒体新闻,c,1
中兴通讯,　　中兴通讯7月19日晚公布公司2017年上半年业绩预报：营业收入540.11亿元，同比增加13%，净利润22.94亿元，同比增长30%；值得注意的是，公司营业利润32.64亿元，同比大幅增长565%,28,媒体新闻,c,1
中兴通讯,中兴通讯营业利润同比大增565% 股价涨5%,28,媒体新闻,t,1
中兴通讯,　　消费者业务双轮驱动：我们看好中兴通讯未来在智能手机和智能家居产品两个市场的表现，双轮驱动，将更好助推消费者业务的利润增长,29,媒体新闻,c,1
中兴通讯,5月15日，中国移动2017年PTN设备（新建）集中采购结果出炉，中兴通讯份额不低于70%，遥遥领先于华为（不高于30%）,30,媒体新闻,c,1
中兴通讯,5.29亿（+292.13%）、51.78亿（+14.33%）、62.76亿（+21.21%），EPS分别为1.08、1.24、1.50元；给予2017年28xPE（参考4G周期初期2013-2014中兴通讯的估值水平以及公司目前业绩表现超预期发展），目标价30.24元（较此前目标价上调8%），维持“买入”评级,30,媒体新闻,c,1
中兴通讯,　　4、低估值龙头价值重发现，维持“强烈推荐-A”评级，上调目标价至31.0元-37.2元　　未来5G技术我国将力争主导，中兴通讯是A股龙头，当前950亿市值对应动态PE21倍，距离历史平均估值30倍、估值中枢25-30倍，尚处于底部区间,31,媒体新闻,c,1
中兴通讯,　　点评：　　1、中兴通讯17年上半年净利润和营业利润增速均超预期,32,媒体新闻,c,1
中兴通讯,此外，依据2017年6月12日施行的《企业会计准则第16号―政府补助》，中兴通讯按净额法对政府补助进行列示，按不同性质，将政府补助分别还原至其他相关科目，1）与日常活动相关的政府补助（含软件产品增值税退税），计入营业利润（冲减相关成本、费用或计入其他收益）；2）与日常活动无关的政府补助，仍计入营业外收入,32,媒体新闻,c,1
中兴通讯,中兴通讯作为全球领先主设备商，公司治理结构改善，技术储备增加，竞争力全面提升,34,媒体新闻,c,1
中兴通讯,　　加强公司治理和深掘主业，国内业务多点开花　　公司内部的革新是公司成长的催化剂，中兴通讯在经历一轮大刀阔斧的人事变动以及由此带动的内部改革，公司内部反腐力度不断加强，利益流出问题有望逐步得到解决,35,媒体新闻,c,1
中兴通讯,　　中兴通讯：上半年净利近23亿元 同比增长三成　　中兴通讯7月19日晚披露业绩快报，公司2017年上半年营业收入540.11亿元，净利润22.94亿元，分别同比增长13%、30%；值得注意的是，公司营业利润32.64亿元，同比大幅增长565%,36,媒体新闻,c,1
中兴通讯,中兴通讯上半年净利近23亿 多家公司发布业绩预告,36,媒体新闻,t,1
中兴通讯,7月19日晚，中兴通讯（000063.SZ）发布的2017年半年度业绩快报显示，上半年公司实现营业收入人民币540.11亿元，较上年同期增长13.09%，实现归属于上市公司普通股股东的净利润人民币22.94亿元，较上年同期增长29.85%,37,媒体新闻,c,1
中兴通讯,中兴通讯上半年营收540亿元，净利润同比增长近30%,37,媒体新闻,t,1
中兴通讯,　　中兴通讯(00763)公布业绩快报，2017年上半年归属於上市公司普通股股东的净利润22.93665亿元人民币，同比升 29.85%,38,媒体新闻,c,1
中兴通讯,中兴通讯发业绩快报 半年多赚29.85%,38,媒体新闻,t,1
中兴通讯,　　近日，由中兴通讯(000063，股吧)为孟加拉国家信息通讯技术部和邮电IT部独家承建的国家数据中心顺利通过Uptime Tier IV最高等级设计认证，成为全球第十个通过Uptime Tier IV三认证（设计认证、建造认证和运维认证）的数据中心,39,媒体新闻,c,1
中兴通讯,这一认证的获取，标志着中兴通讯在数据中心领域的专业服务能力处于行业领先地位,39,媒体新闻,c,1
中兴通讯,　　这是一个完全的交钥匙工程，中兴通讯全面负责园区和大楼的土建、数据中心基础设施、IT硬件/软件和运维服务,39,媒体新闻,c,1
中兴通讯,此项目的成功运作再次验证了中兴通讯可靠的产品性能及优秀的交付实力,39,媒体新闻,c,1
中兴通讯,　　中兴通讯将帮助客户把孟加拉国家数据中心打造成为南亚的标杆,39,媒体新闻,c,1
中兴通讯,中兴通讯独家承建的孟加拉国家数据中心通过业界Uptime Tier IV最高等级设计认证,39,媒体新闻,t,1
中兴通讯,7月17日，由中兴通讯公益基金会联合甘肃省兴华助学基金会共同发起的2017“筑梦万里行”高中生深圳夏令营正式开营,40,媒体新闻,c,1
中兴通讯,在未来的一周，他们将与中兴通讯的“筑梦人”一起经历一段特别的旅程，从科技、智慧、艺术、人文等多个领域，感受深圳这座创新之城、包容之城的魅力，扩展视野，丰富人生阅历,40,媒体新闻,c,1
中兴通讯,中兴通讯公益基金会理事长熊辉在开营仪式欢迎词中表示，深圳是一座由梦想浇筑的城市，中兴通讯是一家由梦想浇筑的企业,40,媒体新闻,c,1
中兴通讯,中兴通讯成长的历程，就是一群人不断构筑梦想、不断实现梦想的历程，看着同学们热情洋溢的脸庞，我们深感期待，期待同学们能坚持对知识的渴望、对未来的憧憬和为梦想努力奋斗的坚定信念，而这也是中兴人所拥有和坚持的信念,40,媒体新闻,c,1
中兴通讯,随后，庄浪一中刘璇同学代表筑梦万里行夏令营全体营员发言，她谈到：“感谢中兴通讯公益基金会，给了我们这些大山里的孩子一次走出来的机会，让我们有幸触摸沿途世界的多彩与瑰丽，这段经历将成为我们终身难忘的记忆，陪伴我们不畏家庭的贫寒，不惧生活的压力，去相信阳光总在风雨后，守得云,40,媒体新闻,c,1
中兴通讯,开营仪式结束后，学子们参观了中兴通讯展厅，并参加了由中兴通讯副总裁黄小河先生主讲的《奋斗的青春最美丽》学习及职业生涯规划培训课，举行了夏令营团建活动,40,媒体新闻,c,1
中兴通讯,教育扶贫为梦想插上翅膀 中兴通讯公益基金会兴华助学夏令营开营,40,媒体新闻,t,1
中兴通讯,　　近日，中兴通讯原公会主席、副总裁何雪梅因涉嫌非法集资和职务犯罪，向公安机关自首，已被深圳市公安局刑事拘留,41,媒体新闻,c,1
中兴通讯,1998年，何雪梅加入中兴，先后在中兴康讯、中兴通讯股份有限公司网络事业部工作,41,媒体新闻,c,1
中兴通讯,　　在今年6月被联合审计小组发现严重违纪前，何雪梅担任中兴通讯集团副总裁、总工会主席以及中兴通讯基金会秘书长,41,媒体新闻,c,1
中兴通讯,　　据媒体报道，何雪梅两年前开始在中兴通讯公司平台上发布个人理财信息，承诺给予10%的年息，包括高管在内的很多公司员工都十分相信她，把钱交给她打理，总资金涉及几个亿,41,媒体新闻,c,1
中兴通讯,"<IMAGE SRC=""http://zqrb.ccstock.cn/images/2017-07/17/A1/A1Ab003.jpg"" >　　中兴通讯的“突围密码”：5G技术4G化　　■本报记者 马 燕 　　　　6月28日，上海，世界移动大会行业馆内，中兴通讯的展台前挤满了观众，记者在现场几乎寸步难移",42,媒体新闻,c,1
中兴通讯,中兴通讯的方昆海指着最下面的一个矩形盒子告诉《证券日报》记者，那个就是正在使用中的Pre5G的基站，它使整个大楼的网络速率提高了3倍至5倍,42,媒体新闻,c,1
中兴通讯,方昆海称，中兴通讯已在全国部署了上千套这样的基站,42,媒体新闻,c,1
中兴通讯,”　　方昆海是中兴通讯市场部的一名老员工，已在公司工作近10年,42,媒体新闻,c,1
中兴通讯,中兴通讯的“突围密码”：5G技术4G化（下转C3版）,42,媒体新闻,t,1
中兴通讯,　　近日，在中国联通(600050，股吧)泉州外场，中兴通讯(000063，股吧)采用3D MIMO结合MU MIMO技术，在20MHz频谱上，使用6部商用4G终端，完成12流验证，单用户平均速率120Mbps左右，小区峰值速率高达710Mbps+，频谱效率是传统宏站的4.8倍,44,媒体新闻,c,1
中兴通讯,去年底，中兴通讯联合中国联通启动了全球首个FDD Massive MIMO预商用实验局，经过第一阶段的努力已完成基本功能验证，在目前进行的第二阶段验证中双方携手向更高性能发起挑战，成绩斐然,44,媒体新闻,c,1
中兴通讯,".png"" >单UE速率展示  <IMAGE SRC=""http://i8.hexun.com/2017-07-14/190043651.png"" > 小区平均速率展示　　Massive MIMO作为中兴通讯Pre5G整体方案中的一部分，是5G技术4G化的关键技术，能够极大提升频谱效率，更好满足高流量业务以及高流量用户需求",44,媒体新闻,c,1
中兴通讯,中兴通讯FDD Massive MIMO预商用验证峰值创新高,44,媒体新闻,t,1
中兴通讯,　　新京报讯 （记者马婧 实习生蔡淑敏）7月13日，新京报记者从中兴通讯获悉，中兴通讯原工会主席何雪梅涉嫌职务犯罪向公安机关投案自首，并已被公安机关刑事拘留,45,媒体新闻,c,1
中兴通讯,　　何雪梅涉嫌职务犯罪被刑事拘留　　据网上曝光的中兴内部邮件显示，今年5月下旬开始，中兴通讯组成联合审计小组，对公司总工会的历史工作进行审计,45,媒体新闻,c,1
中兴通讯,昨日，中兴通讯内部人士向新京报记者证实了这一邮件的真实性,45,媒体新闻,c,1
中兴通讯,　　据公开信息显示，何雪梅曾担任中兴集团副总裁、工会主席、中兴通讯公益基金会秘书长、中兴通讯股份有限公司监事,45,媒体新闻,c,1
中兴通讯,　　据中兴官网信息显示，2016年，中兴通讯曾发生内部反腐风暴，在全球范围内，加大对侵犯商业秘密、商业贿赂与职务侵占的打击力度，查处各类案件几十起，包括侵犯公司商业机密、利用职务便利侵占公司财产或收受贿赂等，总计开除员工近百人，移交司法机关处理23人，被判处刑期最高者达9年并处罚金,45,媒体新闻,c,1
中兴通讯,　　中兴通讯董事长兼总裁赵先明对此明确指示“严惩不贷，法不容情”、“中兴通讯对任何形式的腐败行为持‘零容忍’态度,45,媒体新闻,c,1
中兴通讯,中兴通讯的全体员工以及任何与中兴通讯有关的第三方，应清楚知悉并严格遵守各自的合规义务,45,媒体新闻,c,1
中兴通讯,中兴通讯原工会主席何雪梅被刑拘,45,媒体新闻,t,1
中兴通讯,　　7月13日，一张中兴通讯高管群的聊天截图曝光，中兴通讯董事长殷一民在高管群透露，中兴通讯原工会主席何雪梅涉嫌犯罪已向公安机关自首,46,媒体新闻,c,1
中兴通讯,"<IMAGE SRC=""http://www.asiafinance.cn/u/cms/www/201707/13164305ylwz.jpg"" >　　7月13日，一张中兴通讯高管群的聊天截图曝光，中兴通讯董事长殷一民在高管群透露，中兴通讯原工会主席何雪梅涉嫌犯罪已向公安机关自首",46,媒体新闻,c,1
中兴通讯,随后澎湃新闻从中兴通讯证实此消息确实,46,媒体新闻,c,1
中兴通讯,"<IMAGE SRC=""http://www.asiafinance.cn/u/cms/www/201707/13163719hyu4.jpg"" >　　中兴通讯高管群的聊天截图　　在高管群中，殷一民表示，由于案情较复杂，涉及面也较宽，由樊庆峰任组长，许维艳等成员组成处理小组；他同时要求管理干部如有与何雪梅有不当经济往来和不当事务交往的（参与何雪梅个人",46,媒体新闻,c,1
中兴通讯,　　随后，中兴通讯又给全体员工发布了内部信,46,媒体新闻,c,1
中兴通讯,"<IMAGE SRC=""http://www.asiafinance.cn/u/cms/www/201707/13163803dvjq.jpg"" >　　中兴通讯给全体员工发布的内部信截图　　内部邮件显示，今年5月下旬开始，中兴通讯组成联合审计小组，对工会的历史工作进行审计，审计过程中，何雪梅提出辞去总工会主席一职",46,媒体新闻,c,1
中兴通讯,自2017年6月6日起，何雪梅不再担任中兴通讯总工会主席一职,46,媒体新闻,c,1
中兴通讯,　　中兴通讯表示，向深圳市公安局经济犯罪调查局报案后，7月12日，何雪梅已主动向公安机关投案自首，已被刑事拘留,46,媒体新闻,c,1
中兴通讯,　　据澎湃新闻记者了解，何雪梅在中兴通讯公司平台上发布了个人理财信息，承诺给予10%的年息，很多公司内部员工包括高管都把自己的资金交给何打理，总资金涉及几个亿,46,媒体新闻,c,1
中兴通讯,”这位中兴通讯内部人士称,46,媒体新闻,c,1
中兴通讯,　　据了解，除了个人非法资金外，中兴通讯内部邮件称何雪梅涉嫌严重职务犯罪,46,媒体新闻,c,1
中兴通讯,据悉，何雪梅除了在中兴通讯任职外，还有自己个人珠宝公司，中兴送员工生日礼品什么的大部分从何公司采购,46,媒体新闻,c,1
中兴通讯,　　以下为中兴通讯内部邮件全文：　　今年5月下旬开始，公司组成联合审计小组，对公司总工会的历史工作进行审计,46,媒体新闻,c,1
中兴通讯,审计过程中，何雪梅提出辞去总工会主席一职，根据中兴通讯党字[2017]08号文，自2017年6月6日起，何雪梅不再担任中兴通讯总工会主席一职,46,媒体新闻,c,1
中兴通讯,　　中兴通讯股份公司　　2017年7月12日　　揭秘“金融组建整合家”万建华　　购物卡里藏了多少秘密 你知道吗?　　一文看懂美联储加息对各种投资品影响　　诺诺镑客陷逾期泥潭 原来都是因为他?　　巨头纷纷布,46,媒体新闻,c,1
中兴通讯,中兴通讯原工会主席何雪梅涉非法集资 已向公安机关自首,46,媒体新闻,t,1
中兴通讯,　　每日经济新闻记者刚刚从中兴通讯(行情000063，诊股)获得证实，中兴通讯原工会主席何雪梅因涉嫌犯罪已向公安机关自首，并被刑事拘留,47,媒体新闻,c,1
中兴通讯,由于案情复杂，中兴通讯要求管理干部如有与何雪梅有不当经济往来和不当事务交往的，要主动说明,47,媒体新闻,c,1
中兴通讯,除上述消息外，中兴通讯表示，没有更多的细节以及案件的发展情况透露,47,媒体新闻,c,1
中兴通讯,中兴通讯前工会主席涉嫌职务犯罪被刑事拘留,47,媒体新闻,t,1
中兴通讯,新浪科技讯 7月13日午间消息，今日一张中兴通讯高管群的聊天截图曝光，中兴通讯董事长殷一民在高管群透露，中兴通讯原工会主席何雪梅涉嫌犯罪已向公安机关自首,48,媒体新闻,c,1
中兴通讯,中兴内部邮件此外，新浪科技独家获悉了中兴通讯对此事的内部通报邮件,48,媒体新闻,c,1
中兴通讯,邮件显示，今年5月下旬开始，中兴通讯组成联合审计小组，对工会的历史工作进行审计，审计过程中，何雪梅提出辞去总工会主席一职,48,媒体新闻,c,1
中兴通讯,中兴通讯表示，向深圳市公安局经济犯罪调查局报案后，7月12日，何雪梅已主动向公安机关投案自首，已被刑事拘留,48,媒体新闻,c,1
中兴通讯,(张俊)以下为中兴通讯内部邮件全文：今年5月下旬开始，公司组成联合审计小组，对公司总工会的历史工作进行审计,48,媒体新闻,c,1
中兴通讯,审计过程中，何雪梅提出辞去总工会主席一职，根据中兴通讯党字[2017]08号文，自2017年6月6日起，何雪梅不再担任中兴通讯总工会主席一职,48,媒体新闻,c,1
中兴通讯,中兴通讯股份公司2017年7月12日,48,媒体新闻,c,1
中兴通讯,中兴通讯原工会主席何雪梅涉嫌职务犯罪被刑拘,48,媒体新闻,t,1
中兴通讯,相关系统采取了基于蜂窝的窄带物联网NB-IoT技术，由中兴通讯提供端到端一体化解决方案，包括芯片、模组、终端、无线、核心网、平台到行业应用软件等产品,49,媒体新闻,c,1
中兴通讯,　　作为长期的战略合作伙伴，中兴通讯全力配合中国电信在雄安新区的网络建设，提供智慧停车、智慧井盖、智慧路灯的NB-IoT端到端解决方案，共同致力于推进新区智慧市政管理等新型智慧应用部署实施,49,媒体新闻,c,1
中兴通讯,雄安部分物联网项目已经完成 中兴通讯提供服务,49,媒体新闻,t,1
中兴通讯,而在股东榜上，去年入股持有公司4.98%股权的嘉兴兴和背后，则浮现了中兴通讯及其董事长殷一民的身影,50,媒体新闻,c,1
中兴通讯,　　中兴通讯间接入股　　元盛电子主要从事挠性印制电路板(FPC)及其组件(FPCA)的研发、生产和销售,50,媒体新闻,c,1
中兴通讯,　　值得关注的是，中兴通讯及其董事长殷一民还是元盛电子的间接股东,50,媒体新闻,c,1
中兴通讯,据预披露，公司持股4.98%(350万股)的股东嘉兴兴和，即由中兴通讯、嘉兴市兴和创业投资管理有限公司、殷一民分别持有28.9%、2.89%、2.89%的股份,50,媒体新闻,c,1
中兴通讯,中兴通讯为嘉兴兴和第一大股东，嘉兴市兴和创业为嘉兴兴和执行事务合伙人,50,媒体新闻,c,1
中兴通讯,再向上溯，嘉兴市兴和创业的全资股东是深圳市中兴创业投资基金管理有限公司，而深圳市中兴创业由中兴通讯、深圳市和康投资管理有限公司分别持股55%、45%,50,媒体新闻,c,1
中兴通讯,(原标题：元盛电子二度冲刺IPO 股东榜隐现中兴通讯),50,媒体新闻,c,1
中兴通讯,元盛电子二度冲刺IPO 股东榜隐现中兴通讯,50,媒体新闻,t,1
中兴通讯,  元盛电子二度冲刺IPO  股东榜隐现中兴通讯  ⊙记者 李兴彩 ○编辑 孙放    在电子信息产业形势一片大好的背景下，行业内公司纷纷加快IPO步伐,51,媒体新闻,c,1
中兴通讯,而在股东榜上，去年入股持有公司4.98%股权的嘉兴兴和背后，则浮现了中兴通讯及其董事长殷一民的身影,51,媒体新闻,c,1
中兴通讯,  中兴通讯间接入股  元盛电子主要从事挠性印制电路板（FPC）及其组件（FPCA）的研发、生产和销售,51,媒体新闻,c,1
中兴通讯,  值得关注的是，中兴通讯及其董事长殷一民还是元盛电子的间接股东,51,媒体新闻,c,1
中兴通讯,据预披露，公司持股4.98%（350万股）的股东嘉兴兴和，即由中兴通讯、嘉兴市兴和创业投资管理有限公司、殷一民分别持有28.9%、2.89%、2.89%的股份,51,媒体新闻,c,1
中兴通讯,中兴通讯为嘉兴兴和第一大股东，嘉兴市兴和创业为嘉兴兴和执行事务合伙人,51,媒体新闻,c,1
中兴通讯,再向上溯，嘉兴市兴和创业的全资股东是深圳市中兴创业投资基金管理有限公司，而深圳市中兴创业由中兴通讯、深圳市和康投资管理有限公司分别持股55%、45%,51,媒体新闻,c,1
中兴通讯,元盛电子二度冲刺IPO 股东榜隐现中兴通讯,51,媒体新闻,t,1
中兴通讯,　　据深交所互动易网站最新披露，7月10日，中兴通讯召开电话会议，公司高层介绍了公司的最新情况，并就一季度公司业绩好转的原因做了解释,52,媒体新闻,c,1
中兴通讯,中兴通讯：积极推动5G技术尽快在全球商用,52,媒体新闻,t,1
中兴通讯,　　【环球科技综合报道】据美国媒体Newswiretoday 7月7日报道，Conax宣布与中兴通讯股份有限公司签署经销商协议：这一经销商协议拓展了Conax的IPTV扩张计划，第一个联合运营商部署正在筹备中,53,媒体新闻,c,1
中兴通讯,二者合作的重点是中兴通讯面向全球IPTV市场的所有产品上将使用Conax公司下一代IPTV安全客户端,53,媒体新闻,c,1
中兴通讯,　　Conax Connected Access多用途安全客户端为中兴通讯的运营商提供全面的IPTV和OTT内容保护，使中兴在新市场上占有一席之地,53,媒体新闻,c,1
中兴通讯,整合后的中兴通讯IPTV生态系统将为运营商提供一流的、部署完整的、安全的IPTV平台，针对注重内容的消费者来拓展市场,53,媒体新闻,c,1
中兴通讯,　　Conax高级副总裁、亚太地区战略合作伙伴管理高级副总裁Hans Kwaaitaal认为中兴通讯作为完整IPTV生态系统和系统集成的主要提供商之一，其整个平台为电信运营商带来了一系列增值优势，公司具备无数优质产品以及当地的专业技术支持,53,媒体新闻,c,1
中兴通讯,　　中兴通讯股份有限公司副总裁方辉称为了利用未来几年IPTV市场发展的机遇，中兴通讯与Conax合作可为全球的IPTV业务提供一流的安全技术保障,53,媒体新闻,c,1
中兴通讯,中兴通讯与Conax达成全球IPTV经销商协议,53,媒体新闻,t,1
中兴通讯,"中兴通讯：绑定核心骨干 共筑""中兴""之路",54,媒体新闻,t,1
中兴通讯,　　中兴通讯(00763)现升1.63%，报18.7元，重返十天线(18.606元)；成交约178万股，涉资3311万元,55,媒体新闻,c,1
中兴通讯,　　其他相关股份表现如下：　　股份(编号) 现价变幅　　------------------------------　　中国电信(00728) 3.64元下跌0.55%　　中国联通(00762) 10.46元下跌1.32%　　中兴通讯(00763) 18.70元上升1.63%　　中国移动(00941) 80.90元上升0.75%(责任编辑：DF120),55,媒体新闻,c,1
中兴通讯,中兴通讯现升2% 重返十天线,55,媒体新闻,t,1
中兴通讯,　　中兴通讯（00763-HK）公告称，由于在授出股票期权激励计划中有13人离职，4人因个人塬因放弃参与2017年股票期权激励计划，激励对象人数由2，013名调整为1，996名,56,媒体新闻,c,1
中兴通讯,中兴通讯(00763-HK)下调股票期期权数量至1.49亿份,56,媒体新闻,t,1
中兴通讯,　　全景网7月6日讯 中兴通讯（000063）在最新披露的《投资者关系活动记录表》中透露，目前5G还处于标准制定阶段，但一些运营商已经展开5G相关技术测试，公司积极参与相关标准制定及技术测试,57,媒体新闻,c,1
中兴通讯,[公司]中兴通讯：近日携5G全系列产品参与5G国家试验二阶段测试,57,媒体新闻,t,1
中兴通讯,　　智通财经6日讯，中兴通讯（00763）公布，公司第七届董事会第二十次会议，审议通过《关于公司2017年股票期权激励计划股票期权授予相关事项的议案》,58,媒体新闻,c,1
中兴通讯,中兴通讯授予1996名激励对象约1.5亿份股票期权,58,媒体新闻,t,1
中兴通讯,　　中兴通讯：中国在2020年实现5G商用是有保障的　　澎湃新闻记者 周玲 来源：澎湃新闻　　7月5日，在国家信息中心主办的首届战略性新兴产业发展高峰论坛上，中兴通讯无线产品部总工程师朱伏生表示，中国力争在2020年实现5G商用是有保障的,59,媒体新闻,c,1
中兴通讯,中兴通讯在MWC会上重点展示了自己的5G解决方案,59,媒体新闻,c,1
中兴通讯,　　中兴通讯无线总工程师朱伏生日前接受澎湃新闻记者采访时称，3G时代中国企业是跟随者，4G技术中国企业基本与国外企业平行，5G变成引领,59,媒体新闻,c,1
中兴通讯,”朱伏生透露，中兴通讯从2009年开始布局5G技术，至今5G研发团队有2000人左右，5G研发资金已经投入十几亿元,59,媒体新闻,c,1
中兴通讯,中兴通讯：中国在2020年实现5G商用有保障,59,媒体新闻,t,1
中兴通讯,"<IMAGE SRC=""http://hqpick.eastmoney.com/k/0000632.png"" >　　据澎湃报道，7月5日，在国家信息中心主办的首届战略性新兴产业发展高峰论坛上，中兴通讯无线产品部总工程师朱伏生表示，中国力争在2020年实现5G商用是有保障的",60,媒体新闻,c,1
中兴通讯,中兴通讯：中国在2020年实现5G商用是有保障的,60,媒体新闻,t,1
中兴通讯,　　证券时报网（www.stcn.com）07月04日讯　　据C114中国通信网报道，中兴通讯(行情000063，诊股)副总裁朱永兴在接受采访时表示，5G的标准进度正在提前，5G承载方案也已经成熟，预计今年下半年开启预商用部署,61,媒体新闻,c,1
中兴通讯,中兴通讯已经与多家运营商合作，在9月份前开通三到四个试验局,61,媒体新闻,c,1
中兴通讯,“今年我们会在现网进行小批量测试验证，到年底，中兴通讯5G承载方案可以具备支持运营商规模商用的能力,61,媒体新闻,c,1
中兴通讯,同时，中兴通讯还在积极推动相关标准的制定,61,媒体新闻,c,1
中兴通讯,中兴通讯副总裁：预计今年下半年开启5G预商用部署,61,媒体新闻,t,1
中兴通讯,　　【环球科技综合报道】据科技网站ZDNet 6月26日报道，中兴通讯上周宣布，今年起5G的研发支出将翻倍，2016年的10亿元开支将升至20亿元人民币(2.95亿美元),62,媒体新闻,c,1
中兴通讯,中兴通讯将加倍5G研发开支 国际标准年底确定,62,媒体新闻,t,1
中兴通讯, 6月29日，在2017上海世界移动大会上，中兴通讯(23.74 -0.96%，诊股)成功举办承载网络转型高峰论坛，吸引了来自中国移动、中国电信和印尼电信等国内外知名运营商合作伙伴出席并发言，共同探讨5G承载和网络重构等创新方案与实践，展开了一幅打造新兴ICT生态圈，加速推进运营商承载网络转型的精彩纷呈的画卷，共计近两百名全球行业专家出席本次峰会,63,媒体新闻,c,1
中兴通讯,　　论坛围绕“创新加速转型”展开，中兴通讯高级副总裁许明做了主题为《创新网络变革，承载云化时代》的开场致辞，点明了中兴通讯对于承载网络发展趋势的理解与实践，解析了助力运营商数字化转型的网络建设方向，并对与运营商伙伴合作推动网络转型表现出极大的信心,63,媒体新闻,c,1
中兴通讯,中国移动研究院专家胡淑军介绍了近日中国移动与中兴通讯联合斩获“2017年度GTB基础设施创新大奖“的vBRAS创新方案，表示后续进一步加强与中兴通讯合作，实现该方案的规模商用部署，推进对产业合作伙伴的引导作用，共同打造一个良性的产业生态链,63,媒体新闻,c,1
中兴通讯,　　在本次高峰论坛上，中兴通讯发布了5G Flexhaul新品DDZXCTN 609,63,媒体新闻,c,1
中兴通讯,近年来，中兴通讯先后发布了5G承载、vDC、vBRAS、以及SD-WAN等一系列创新方案，在全球范围内逐步展开应用，助力全球运营商实现价值提升,63,媒体新闻,c,1
中兴通讯,中兴通讯成功举办承载网络转型高峰论坛,63,媒体新闻,t,1
中兴通讯,　　6月28日，在MWCS上海展期间，中兴通讯(行情000063，诊股)举办5G产业高峰论坛，以“创新、实践、协同、共赢”为主题，推动5G产业健康持续发展,64,媒体新闻,c,1
中兴通讯,　　中兴通讯高级副总裁、无线产品经营部总经理张建国在大会主旨发言中呼吁，5G产业从统一标准、持续创新、拓展跨界合作、强化商业实践四个方面进行对应准备,64,媒体新闻,c,1
中兴通讯,中兴通讯愿同业界一起在标准、频谱、技术、架构、实践、生态等领域全力以赴，推动5G走入现实,64,媒体新闻,c,1
中兴通讯,　　在本次论坛上，中兴通讯还正式发布了面向商用部署的5G整体解决方案和5G核心网白皮书，分享了对于5G产业发展的观点，以及5G研发和测试的最新进展,64,媒体新闻,c,1
中兴通讯,中兴通讯举办5G产业高峰论坛 四管齐下加速5G商用进程,64,媒体新闻,t,1
中兴通讯,原标题：MWC上海 | 中兴通讯CTO徐慧俊：携手推进5G商用进程、实现产业共赢MWC上海展开展首日，中兴通讯CTO徐慧俊先生接受GSMA官网专访，畅谈5G发展,65,媒体新闻,c,1
中兴通讯,2017上海MWC盛会，中兴通讯将为业界带来怎样振奋人心的产品和新技术,65,媒体新闻,c,1
中兴通讯,作为5G创新引领者，中兴通讯对5G发展又有什么样的看法,65,媒体新闻,c,1
中兴通讯,中兴通讯CTO徐慧俊先生将在视频中介绍中兴通讯参与国家5G测试的最新发展及中兴通讯的全球化合作情况,65,媒体新闻,c,1
中兴通讯,全球数字化革命正在引领新一轮产业变革，大视频等业务的蓬勃发展被认为是5G网络发展的重要引擎，徐慧俊先生也将表达对中兴通讯在大视频领域的布局和看法,65,媒体新闻,c,1
中兴通讯,更多精彩详情，敬请点击视频查看↓↓↓↓↓↓引领5G创新，中兴通讯即将绽放2017MWC上海展,65,媒体新闻,c,1
中兴通讯,MWC上海 | 中兴通讯CTO徐慧俊：携手推进5G商用进程、实现产业共赢,65,媒体新闻,t,1
中兴通讯,　　6月29日，中兴通讯举办的“网络与运营重构”――2017大视频全球高峰论坛在上海顺利召开,66,媒体新闻,c,1
中兴通讯,　　中兴通讯CTO Group高级专家李伟军发言介绍说，面对网络与运营转型，中兴通讯在构建新一代网络的基础上，关注视频的入口，以固移一体化运营、流量经营为支点，以RCS为应用入口和内容入口，利用RCS的通讯能力、社交属性，逐步完成视频服务的平台化、媒体化，推动CDN向虚拟化、云化演进，最终实现运营商视频及网络能力面向互联网业务的完全开放,66,媒体新闻,c,1
中兴通讯,中兴通讯于2017年推出的大视频3.0解决方案，以能力开放和智慧运营作为视频能力技术升级的两大总线，在大数据深入应用的基础上，迅速提升运营商CDN支撑新业务的能力，促进运营商视频流量和内容付费的持续增长,66,媒体新闻,c,1
中兴通讯,中兴通讯高级副总裁朱进云致辞时表示，无论是大视频业务运营的电信运营商，还是围绕大视频提供支撑和服务的技术提供商及内容提供商，都为产业的发展做出了巨大的贡献，同时也在分享产业的成果，实现了多方共赢，形成了良好的产业互动,66,媒体新闻,c,1
中兴通讯,中兴通讯成功举办2017大视频全球高峰论坛,66,媒体新闻,t,1
中兴通讯,　　【环球网科技综合报道】6月29日，2017年世界移动大会-上海“承载网络转型”高峰论坛上，中兴通讯发布5G Flexhaul新品ZXCTN 609，并现场进行了关键技术FlexE(Flexible Ethernet)的测试，测试结果显示，故障倒换时间小于1ms，单节点转发时延最低小于0.5us，很好地满足了5G uRLLC业务的超高可靠性超低时延需求,67,媒体新闻,c,1
中兴通讯,这是中兴通讯继在2017年2月在巴塞罗那世界移动大会发布5G Flexhaul方案以来，再次推出5G承载新品，并展示FlexE最新测试成果，持续引领5G承载技术创新并推进产业链的发展,67,媒体新闻,c,1
中兴通讯,"　　<IMAGE SRC=""http://c.cnfolimg.com/20170629/20/8816448133673487248.jpg"" >　　中兴通讯本次发布的5G Flexhaul产品ZXCTN 609以分组技术为内核，基于FlexE的创新拓展技术，支持前传、中传、回传一体化承载场景，满足3G/4G/5G统一组网应用",67,媒体新闻,c,1
中兴通讯,本次测试证明了中兴通讯Flexhaul方案完全能够满足5G不同业务类型差异化的承载需求,67,媒体新闻,c,1
中兴通讯,中兴通讯创新性地提出了5G Flexhaul解决方案，满足5G网络应用的新需求,67,媒体新闻,c,1
中兴通讯,在5G Flexhaul新品中，中兴通讯通过首创的FlexE时隙交换、OAM扩展、超快保护倒换技术，实现了端到端、超低时延、硬隔离的FlexE Tunnel，从而将FlexE从点对点接口技术拓展为端到端组网技术，为5G承载提供了重要的技术支撑，该创新成果是5G Flexhaul方案的又一重要进展,67,媒体新闻,c,1
中兴通讯,　　中兴通讯全方位推进5G承载解决方案落地与试点，目前已与多家运营商进行了5G承载领域的探讨与合作，并积极推动相关标准的制定,67,媒体新闻,c,1
中兴通讯,作为5G时代的引领者，中兴通讯将持续在设备功能、转发技术、网络切片等方面持续创新，为运营商提供有竞争力的解决方案,67,媒体新闻,c,1
中兴通讯,5G建设，承载先行，中兴通讯已经为此做好了充分的技术和产品上的准备!,67,媒体新闻,c,1
中兴通讯,中兴通讯发布5G Flexhaul新品及FlexE Tunnel测试结果,67,媒体新闻,t,1
中兴通讯,　　中国深圳2017年6月29日电 /美通社/ -- 为流动互联网提供电讯、企业和消费者技术解决方案的主要国际供应商中兴通讯股份有限公司 (0763.HK / 000063.SZ) 今天宣布，该公司成功对2017年世界流动大会-上海 (Mobile World Congress (MWC) Shanghai 2017) 进行了互联网VR(虚拟实境)直播，展示了其在VR直播商用上的实力,68,媒体新闻,c,1
中兴通讯,　　世界流动大会是全球顶尖的流动行业盛会，作为一位有重大影响力的参加者，中兴通讯聚焦5G技术创新，携大视像和融合通讯 (RCS) 等数码化转型创新前沿解决方案和物联网 (IoT) 解决方案，精彩亮相展会，力求凸显相关核心技术的发展并促进全产业链的沟通合作,68,媒体新闻,c,1
中兴通讯,凭藉在视像领域20年的积累和沉淀，以及对大视像前沿技术的不断研究，中兴通讯对本次展会的主展厅及四场主题峰会进行了全程互联网VR直播,68,媒体新闻,c,1
中兴通讯,　　在本次展会上，中兴通讯采用自主创新研究开发的大视像端到端VR直播方案来进行互联网VR直播，其中包括VR内容获取端、弹性网络支撑、大视像业务平台及VR软件开发工具包/网络机顶盒 (SDK/STB) 终端等几个重要组成部分,68,媒体新闻,c,1
中兴通讯,　　中兴通讯的VR端到端互联网直播方案包括多种创新技术和解决方案,68,媒体新闻,c,1
中兴通讯,正是具备了上述特点，中兴通讯的VR直播解决方案目前已步入商用阶段，应用场景非常广泛，适用於如娱乐直播、VR教育、VR医疗、VR购物、网红VR直播等等，为用户带来前所未有的视像体验,68,媒体新闻,c,1
中兴通讯,　　中兴通讯在全球大视像市场上的份额持续领先，截至2016年底，已在全球部署了90多个商用点，系统容量达8000万，CDN 产品全球办事处超过100个，总并行能力超过100T,68,媒体新闻,c,1
中兴通讯,随着VR技术的不断发展，中兴通讯将继续向前迈进，在VR领域拓展更多的应用和商业模式，打造大视像全新商业价值，为全世界的用户提供更多彩的视觉体验,68,媒体新闻,c,1
中兴通讯,　　中兴通讯简介　　中兴通讯为消费者、营办商、公司和公共部门客户提供先进的电讯系统、流动终端和企业技术解决方案,68,媒体新闻,c,1
中兴通讯,随着电讯和信息技术产业日渐融合，作为中兴通讯 M-ICT 策略的一部分，公司致力於向客户提供集成的端到端创新，以创造卓越绩效和价值,68,媒体新闻,c,1
中兴通讯,中兴通讯在香港和深圳证券交易所上市(H股证券代码：0763.HK / A股证券代码：000063.SZ)，产品和服务销往160多个国家的500多家营办商,68,媒体新闻,c,1
中兴通讯,中兴通讯的研发投入占公司年收入的10%，并在国际标准制定组织中发挥领导作用,68,媒体新闻,c,1
中兴通讯,中兴通讯履行企业社会责任，同时也是联合国全球契约组织 (UN Global Compact) 成员,68,媒体新闻,c,1
中兴通讯,中兴通讯对2017年世界流动大会-上海全程VR直播,68,媒体新闻,t,1
中兴通讯,　　中国证券网讯（记者 朱先妮）2017年世界移动大会路上海展期间，中兴通讯(行情000063，诊股)首席科学家向际鹰在接受采访时表示，中兴通讯将Pre5G技术无缝平移至5G实现领跑，关键制胜点就在于找准空分复用这一技术点,69,媒体新闻,c,1
中兴通讯,　　展会期间，中兴通讯举办5G产业高峰论，正式发布了面向商用部署的5G整体解决方案和5G核心网白皮书，分享了对于5G产业发展的观点，以及5G研发和测试的最新进展，行业领跑势头不减,69,媒体新闻,c,1
中兴通讯,向际鹰介绍，目前运营商在5G上步伐很快，预计明年将会开始建设小规模的传输，到2020年可能出现大规模的传输建设，中兴通讯将与运营商产生更多合作，未来业务有望实现快速增长,69,媒体新闻,c,1
中兴通讯,　　谈到中兴通讯在5G领域的领跑原因，向际鹰则认为，这在于公司看准了空分复用技术点，就是Massive MIMO Pre5G的技术,69,媒体新闻,c,1
中兴通讯,据介绍，Massive MIMO是5G的关键技术之一，也是中兴通讯Pre5G解决方案的核心标签，其主要技术原理是将信号导入复数域，通过高阶矩阵实现多维空间映射,69,媒体新闻,c,1
中兴通讯,中兴通讯采用自研矢量芯片结合大规模天线阵列同时进行数据处理和发送，从而完成空分复用，大幅度提升频谱效率，提升系统容量,69,媒体新闻,c,1
中兴通讯,　　“中兴通讯在2012年底确定空分复用这个方向，投入重金保密启动此项目，就是觉得在5G或者6G阶段没有别的技术，别的技术有个相同极限很难突破，唯一突破的办法就是用空分把那个相同极限再乘以N，所以中兴投入重金做各种各样的空分，Massive MIMO只是其中一部分，我们还做了很多种的空分，在这方面我们研究得很深,69,媒体新闻,c,1
中兴通讯,向际鹰坦言，5G初始的研究技术非常发散，有布局调制方面的新技术，编码的新技术，以及波形新技术等等，中兴通讯也有全面进行过研究，但坚持走空分,69,媒体新闻,c,1
中兴通讯,　　面对业界最关注的5G覆盖问题，中兴通讯方面则回应，公司通过技术分析认为即使不新增站址，5G NR也可以达到4G同等或更佳的网络覆盖,69,媒体新闻,c,1
中兴通讯,中兴通讯首席科学家：空分复用是中兴通讯领跑5G制胜点,69,媒体新闻,t,1
中兴通讯,　　在昨日开幕的“2017 MWC上海世界移动大会”上，中兴通讯(行情000063，诊股)联合中国移动对广东5G外场试验网进行了直播，向全球展示了5G eMBB场景带给用户的极致体验,70,媒体新闻,c,1
中兴通讯,中兴通讯方面表示，预计2019年第一季度将实现5G规模商用部署,70,媒体新闻,c,1
中兴通讯,　　在昨日展会上，中兴通讯联合中国移动现场直播演示了5G低频网络覆盖下的超高速率，使用100MHz带宽，单用户峰值吞吐量达2Gbps以上,70,媒体新闻,c,1
中兴通讯,广东5G外场采用中兴通讯3.5GHz频段5G基站样机，下阶段还将多站点组网测试，将对5G的无线覆盖、吞吐量、移动性、时延等多方面进行测试,70,媒体新闻,c,1
中兴通讯,　　“广东5G外场试验的开启，标志着5G在从实验室验证到迈向商用的道路上迈出了领先一步，具有重要的示范作用”，中兴通讯5G&TDD产品总经理柏燕民向媒体指出，“5G试验网将承担大量的关键技术、方案及组网验证工作，以发现和解决5G规模商用前可能遇到的各种问题，为5G规模商用积累经验,70,媒体新闻,c,1
中兴通讯,”　　中兴通讯近日发布的5G核心网白皮书指出，为了应对未来爆炸性的数据流量增长、海量的设备连接和不断涌现的各类新业务，5G将从“以技术为中心”向“以用户体验为中心”转变，应用场景将横跨移动互联网和物联网，达成人与万物智能互联的目标，实现“信息随心至，万物触手及”的愿景,70,媒体新闻,c,1
中兴通讯,中兴通讯开启广东5G外场试验 2019年5G将实现预商用,70,媒体新闻,t,1
中兴通讯,　　近日，由中兴通讯(行情000063，诊股)举办的“构建新平台，打造新生态”2017（第二届）RCS全球高峰论坛在MWC上海展期间顺利召开,71,媒体新闻,c,1
中兴通讯,　　中兴通讯高级副总裁朱进云表示，中兴通讯与GSMA、GOOGLE保持紧密合作，各方在推动行业标准制定的同时，积极促进运营商之间的互联互通,71,媒体新闻,c,1
中兴通讯,目前中兴通讯正在建设的全球4大RCS Hosting（基于UP标准）中心，将为运营商提供低成本、快速发布RCS业务的解决方案,71,媒体新闻,c,1
中兴通讯,2017年2月，中兴通讯发布了亚马逊公有云RCS Hosting中心（法兰克福节点），从而为欧洲客户提供了RCS接入服务,71,媒体新闻,c,1
中兴通讯,此外，中兴通讯正在建设的全球4大RCS HUB中心，将为全球RCS运营商提供互联互通服务，所有运营商只需和中兴RCS HUB连接一次，即可实现全球互联互通，2017年6月份将在亚太部署RCS HUB1.0,71,媒体新闻,c,1
中兴通讯,朱进云介绍说道，目前中兴通讯已帮助中国三大运营商完成RCS的互联互通测试，并在上海展期间率先发布MaaP Chatbot，助力运营商A2P行业短信转型，从而为运营商的RCS运营提供创新体验,71,媒体新闻,c,1
中兴通讯,　　中兴通讯执行副总裁徐慧俊认为，在多年产业活动的协同发展下，RCS不仅是运营商业务转型的必然，更将改变普通大众乃至政企客户的生活和业务拓展形态,71,媒体新闻,c,1
中兴通讯,中兴通讯成功举办2017（第二届）RCS全球高峰论坛,71,媒体新闻,t,1
中兴通讯,　　中国证券网讯（记者 朱先妮）近日，2017世界移动大会-上海展如期举行，中兴通讯主办大视频、RCS、5G、承载网络转型四场主题峰会，并创新性地对展会及四场主题峰会进行了全程互联网VR直播，展示商用能力,72,媒体新闻,c,1
中兴通讯,在本次互联网VR直播中，中兴通讯采用其基于无线网络和有线网络的低延时2K P30 VR直播方案，通过VR头盔、VR手机应用、公众号等多种终端入口方式将展厅和峰会会场360度全景画面呈现给参观客户和互联网用户，吸引了众多用户和媒体的眼球,72,媒体新闻,c,1
中兴通讯,基于以上亮点技术，中兴通讯的端到端VR直播解决方案目前已步入商用阶段，其应用场景非常广泛，适用于如娱乐直播、VR教育、VR医疗、VR购物、网红VR直播等等，为用户带来革命性的视频体验,72,媒体新闻,c,1
中兴通讯,　　中兴通讯大视频市场份额持续领先，截至2016年底，全球拥有90多个商用局，系统容量8000万，CDN产品全球局点超过100个，总并发能力超过100T,72,媒体新闻,c,1
中兴通讯,中兴通讯表示，VR技术在不断发展，公司将在VR领域拓展更多的应用和商业模式，打造大视频全新商业价值，为用户提供更多彩的视觉感受,72,媒体新闻,c,1
中兴通讯,中兴通讯MWC上海展全程VR直播,72,媒体新闻,t,1
中兴通讯,  据彭博社援引两位知情人士称，中兴通讯和TPGCApital计划投资去年寻求破产保护的巴西电信运营商Oi?? SA,73,媒体新闻,c,1
中兴通讯,中兴通讯驻巴西一位管理人员表示，她不知道这一计划,73,媒体新闻,c,1
中兴通讯,知情人士：中兴通讯和TPG计划投资巴西电信运营商Oi,73,媒体新闻,t,1
中兴通讯,　　《传闻》外电引述知情人士报道，中兴通讯(00763)及TPG Capital计划投资去年寻求破产保护的巴西电讯运营商Oi SA.　　Oi正在流失现金并且债务规模高达190亿美元,74,媒体新闻,c,1
中兴通讯,中兴通讯计划投资巴西电讯商Oi,74,媒体新闻,t,1
中兴通讯,　　【TechWeb报道】6月28日消息，有消息称，阿里巴巴与中兴通讯(行情000063，诊股)就收购后者旗下软件附属公司进行初步磋商，收购金额在20-30亿元人民币,75,媒体新闻,c,1
中兴通讯,　　因交易未公开而要求匿名的知情人士透露，阿里巴巴与中兴通讯已经商谈了数月，交易接近达成,75,媒体新闻,c,1
中兴通讯,消息称阿里30亿元收购中兴通讯旗下公司 官方不予置评,75,媒体新闻,t,1
中兴通讯,　　中兴通讯(行情000063，诊股)位于南京的软件业务向OranGE和KPN等全球电信运营商提供业务与运营支持,76,媒体新闻,c,1
中兴通讯,媒体:阿里30亿购中兴通讯软件业务 交易接近达成,76,媒体新闻,t,1
中兴通讯,传阿里斥30亿人民殴褐行送ㄑ(00763-HK)软件业务1评论2017-06-28 15:08:00来源：财华智库网这一指标帮你把握七月趋势　　据外媒报道，阿里巴巴据悉磋商以至多30亿元人民攀展褐行送ㄑ叮00763-HK）旗下软件附属公司,77,媒体新闻,c,1
中兴通讯,传阿里斥30亿人民殴褐行送ㄑ(00763-HK)软件业务,77,媒体新闻,t,1
中兴通讯,　　人民网(行情603000，诊股)上海6月28日电（杨波）今日，2017世界移动大会（2017MWCS）在上海开幕，在此次展会上，中兴通讯(行情000063，诊股)联合中国移动对广东5G外场试验网进行了直播，向全球展示了5G eMBB场景带给用户的极致体验,78,媒体新闻,c,1
中兴通讯,　　中兴通讯和中国移动合作进行的5G外场测试设在广州大学城，是高话务量的典型场景之一，也是5G eMBB场景提升用户体验的关键“试验场”,78,媒体新闻,c,1
中兴通讯,广东5G外场采用中兴通讯3.5GHz频段5G基站样机，下阶段还将多站点组网测试，将对5G的无线覆盖、吞吐量、移动性、时延等多方面进行测试,78,媒体新闻,c,1
中兴通讯,　　中兴通讯积极投入5G技术和产品研发，提供包括5G RAN和5G虚拟化核心网在内的全系列产品，全面配合做好关键技术研究、样机开发及试验网测试等相关工作，确保目标顺利达成,78,媒体新闻,c,1
中兴通讯,　　中兴通讯5G&TDD产品总经理柏燕民表示：“广东5G外场试验的开启，标志着5G从实验室验证到迈向商用的道路上迈出了领先一步，具有重要的示范作用,78,媒体新闻,c,1
中兴通讯,”　　中兴通讯和中国移动在2G、3G、4G领域有着广泛的合作，在5G时代将进一步深化合作,78,媒体新闻,c,1
中兴通讯,2016年，中兴通讯加入中国移动5G联合创新中心， 中兴通讯Pre5G Massive MIMO也应用于中国移动现网,78,媒体新闻,c,1
中兴通讯,2017年2月， 中兴通讯、高通、中国移动共同宣布将开展基于5G NR规范的互操作性测试，旨在推动面向预商用的5G NR产品的快速成熟,78,媒体新闻,c,1
中兴通讯,　　中兴通讯一直把5G发展作为核心战略，在2018年前将投入数十亿元到5G研发中，全球投入2000多名5G研发人员,78,媒体新闻,c,1
中兴通讯,在标准化方面，中兴通讯主导了5G NR的核心项目NOMA的立项并担任领导席位，并在5G技术验证及产品开发领域保持业界领先,78,媒体新闻,c,1
中兴通讯,中兴通讯与中国移动在上海MWC联合展示5G外场直播,78,媒体新闻,t,1
中兴通讯,　　中兴通讯（00763）现价下跌2.62%，报18.6元；成交约608万股，涉资1.14亿元,79,媒体新闻,c,1
中兴通讯,　　深圳湾总部基地一次性出让3宗商业服务业用地，神州数码（深：000034）、中兴通讯、中国电子分别以36.26亿（人民币．下同）、35.42亿、26.13亿竞得，三地块合计建筑面积达55.59万平方米,79,媒体新闻,c,1
中兴通讯,中兴通讯跌近3% 与神州数码等夺深圳湾土地,79,媒体新闻,t,1
中兴通讯,证券时报记者 余胜良中兴通讯(000063)27日晚间公告，以35.42亿元的价格拿下深圳湾超级总部基地编号为T208-0049土地使用权,80,媒体新闻,c,1
中兴通讯,中兴通讯之前曾有计划以不超过40亿元竞买该地块，不过最后的成交并不需要这么多钱,80,媒体新闻,c,1
中兴通讯,中兴通讯称，公司计划将该地块发展为商业综合建筑群，作集团办公室场所或作投资用途,80,媒体新闻,c,1
中兴通讯,中兴通讯斥资35亿拍下深圳湾总部基地地块,80,媒体新闻,t,1
中兴通讯,"<IMAGE SRC=""http://chart.jrjimg.cn/pngdata/kpic/pic430/000063.png"" >129 位投资顾问已告知中兴通讯(000063)后市如何操作立即查看　　2017年6月27日，公司已与深圳市土地房产交易中心签署《成交确认书》，确认公司已竞得南山区深圳湾超级总部基地编号T208-0049土地使用权，成交总价为人民币35.42亿元",81,媒体新闻,c,1
中兴通讯,中兴通讯：35.42亿元竞得南山区深圳湾超级总部基地,81,媒体新闻,t,1
中兴通讯,证券时报网（www.stcn.com）06月27日讯6月27日，深圳湾总部基地一次性出让3宗商业服务业用地，神州数码(000034)、中兴通讯(000063)、中国电子分别以36.26亿、35.42亿、26.13亿竞得,82,媒体新闻,c,1
中兴通讯,中兴通讯、神州数码等三家公司97.81亿元深圳湾拿地,82,媒体新闻,t,1
中兴通讯," SRC=""http://www.jiemian.com/img3.jiemian.com/101/original/20170627/149855076551640700_a580xH.jpg"" >中兴通讯（000063.SZ）以41.88%的涨幅位居区间涨幅第一名，万科A以及五粮液（000858.SZ）紧随其后，区间涨幅分别达到41.83%和33.17%，区间涨幅前十名的具体情况如下表所示：<",83,媒体新闻,c,1
中兴通讯,中兴通讯作为全球前四的通信设备商，此前受美国出口管制一次性罚款计提62.02亿元影响了公司2016年度归属母公司股东的净利润水平（下称净利润），导致公司滚动市盈率为-47.73倍,83,媒体新闻,c,1
中兴通讯,"<IMAGE SRC=""http://www.jiemian.com/img2.jiemian.com/101/original/20170627/149854718869837600.jpg"" >不过今年一季度，中兴通讯营业收入实现2013年以来最高增速，运营商网络和消费者业务成为主要推动力；净利润达到12.14亿元，同比增长27.81%",83,媒体新闻,c,1
中兴通讯,同时中兴通讯出台的股权激励计划也彰显了对未来发展的信心,83,媒体新闻,c,1
中兴通讯,沪深300指数刷出新高 除了中兴通讯这些股票也涨幅惊人,83,媒体新闻,t,1
中兴通讯,　　事件：6月22日，国务院总理李克强主持国务院党组科技专题学习，在学习现场，李克强总理、张高丽副总理一行特地视察了中兴通讯5G基站；近日，广东移动联合中兴通讯开通全国第一个5G预商用测试基站,84,媒体新闻,c,1
中兴通讯,在国务院党组理论学习中心组科技和产业专题学习期间，国家领导人亲自参观中兴通讯研制的5G基站，体现出高层对于5G未来国家战略地位的关切，5G将成为我国由下一代通信技术引领的新信息技术革命中的关键因素，中兴通讯作为中国通信技术走向全球的代表龙头，未来将承担更为重要的国家历史使命,84,媒体新闻,c,1
中兴通讯,　　2、携手中国移动开通国内首个测试基站，5G从原型机走向预商用　　广东移动联合中兴通讯开通全国第一个5G预商用测试基站,84,媒体新闻,c,1
中兴通讯,广州是中国移动联合各大设备商启动的第一批五大5G试验城市之一，广东移动与设备协作厂家中兴通讯历经数月攻坚，打响了全国5G预商用基站第一枪,84,媒体新闻,c,1
中兴通讯,本次外场测试环境为一片连续的5GNR覆盖区域，采用的是中兴通讯提供的全系列5G核心网、基站、测试UE等端到端方案,84,媒体新闻,c,1
中兴通讯,　　3、5G将是公司弯道超车最佳时机　　5G是中兴通讯实现弯道超车的最佳时机，公司经历了2G/3G/4G时期的被动跟随之后，率先把5GMassiveMIMO技术应用到4G，即Pre5G商用做到全球领先,84,媒体新闻,c,1
中兴通讯,　　记者今日从中国移动获悉，广东移动联合中兴通讯（000063），近日在广州大学城开通了中国首个5G预商用测试基站,85,媒体新闻,c,1
中兴通讯,　　广州是中国移动联合各大设备商启动的第一批五大5G试验城市之一，该试验网络联合攻关单位为广东移动和中兴通讯,85,媒体新闻,c,1
中兴通讯,5G来了！中国移动与中兴通讯开通全国第一个5G预商用基站,85,媒体新闻,t,1
中兴通讯,　　中兴通讯（00763）截至11时37分，升2.93%，报价18.94港元，成交额为1.24亿港元,86,媒体新闻,c,1
中兴通讯,另外，在中国5G国家试验第二阶段测试中，中兴通讯率先完成mMTC场景外场测试，测试结果满足要求,86,媒体新闻,c,1
中兴通讯,　　此外，上周，中兴通讯股权激励方案获得股东大会审议通过，显示治理结构逐渐改善;同时，MSCI宣布将中国A股纳入其新兴市场指数，中兴通讯也是标的股中一员，目前中兴现价A股对H股呈溢价逾四成，未来有望收窄两者差价,86,媒体新闻,c,1
中兴通讯,　　此前，中兴通讯所公布的业绩也足够支持基本面，其首季收入按年增长18%至257.45亿元人民币，纯利同比升28%至12.14亿元人民币，胜市场预期，主要受惠于产品竞争力的持续提升、运营商网路及消费者业务营业收入同比增长等因素所致,86,媒体新闻,c,1
中兴通讯,　　加上，中兴通讯早前与美国政府达成和解协议后令海外手机业务复苏，带动手机业务收入重拾增长，估计可对今年盈利持续作出贡献,86,媒体新闻,c,1
中兴通讯,　　智通财经研究中心认为，中兴通讯总体上企业质量改善，股价上升通道保持完美，建议投资者关注,86,媒体新闻,c,1
中兴通讯,中兴通讯利好接二连三 现升3%,86,媒体新闻,t,1
中兴通讯,"<IMAGE SRC=""http://hqhkpic.eastmoney.com/EM_Quote2010PictureProducter/Index.aspx?ImageType=K&ID=007635&Type=D&UnitWidth=5&Formula=Volume"" >　　中兴通讯(00763)现价上升2.17%，报18.8元；成交约278万股，涉资5224万元",87,媒体新闻,c,1
中兴通讯,中兴通讯升逾2% 富瑞续吁买入,87,媒体新闻,t,1
中兴通讯,近日公布的“中央国家机关2017-2018信息类产品协议供货采购项目”中标结果中，中兴通讯6大类产品全面入围，包括服务器、存储、路由器、交换机、安全产品、无线产品,88,媒体新闻,c,1
中兴通讯,公司基本面不断改善，今日A股冲击MSCI成功，中兴通讯又位列其中，存在利好,88,媒体新闻,c,1
中兴通讯,中兴通讯：全球化是公司长期发展的大格局,88,媒体新闻,t,1
中兴通讯,　　业绩巨亏那一年，中兴通讯在香港的业绩发布会死气沉沉，高管每回答一个问题，必先回头看看侯董事长脸色，这才有基金经理见状立马通知交易员清仓,89,媒体新闻,c,1
中兴通讯,殷在重新担任董事长之前，从2004――2010年间担纲中兴通讯股份有限公司总裁，因此上能做顶层设计，下能接业务地气，能在细务与全局，守成与变革之间做好平衡,89,媒体新闻,c,1
中兴通讯,　　回到中兴上来，新任总裁殷一民是中兴老将，技术出身，在1991年就加入中兴，担任中兴通讯执行董事已达20年，从芯片、通信设备到终端，从产品研发到市场营销，中兴最核心的各个业务体系，殷一民都有过管理经验,89,媒体新闻,c,1
中兴通讯,　　   四、　　2017年6月20日，中兴通讯召开股东大会，新领导层首次集体亮相，针对市场关心的罚款事件、5G研发水平、股权激励等问题，做了开诚布公的交流，参会的朋友集体称这是一届务实谦虚的管理层,89,媒体新闻,c,1
中兴通讯,"<IMAGE SRC=""http://n.sinaimg.cn/finance/crawl/20170624/9V8_-fyhneam0969292.jpg"" >　　中兴通讯连续七年位居PCT国际专利申请量全球前三",89,媒体新闻,c,1
中兴通讯,中兴通讯：旧房子新主人 会有怎样的故事？,89,媒体新闻,t,1
中兴通讯,在会后，中兴通讯(行情000063，诊股)副总裁温良良就这款产品和与会媒体进行了深入交流,90,媒体新闻,c,1
中兴通讯,以用户需求为主导 技术驱动 专访中兴通讯副总裁温良良,90,媒体新闻,t,1
中兴通讯,"<IMAGE SRC=""http://hqhkpic.eastmoney.com/EM_Quote2010PictureProducter/Index.aspx?ImageType=K&ID=007635&Type=D&UnitWidth=5&Formula=Volume"" >　　中兴通讯(00763)现价上升2.82%，报18.2元；成交约167万股，涉资3019万元",91,媒体新闻,c,1
中兴通讯,　　昨日(22日)中兴通讯为港股通(深)第一大成交活跃股,91,媒体新闻,c,1
中兴通讯,中兴通讯近期获北水涌入 现升3%,91,媒体新闻,t,1
中兴通讯,     本报讯 6月21日消息，MSCI官方公布将A股纳入新兴市场指数，包括中兴通讯在内的中国A股222支大盘股成功入选,92,媒体新闻,c,1
中兴通讯,    就在这一消息发布前的6月20日，中兴通讯召开了年度股东大会,92,媒体新闻,c,1
中兴通讯,    中兴通讯总裁赵先明先生向与会投资者分享了公司在5G方面的最新进展.他表示，目前，公司在5G技术研究和产品研发及测试评估方面已逐步达到业界领先地位，在关键技术方面，在业界率先提出Pre5G创新理念和解决方案，在4G网络中提前规模商用5G关键技术，为后续5G规模商用积累更多实践经验，获得业界关注和认可,92,媒体新闻,c,1
中兴通讯,    同时，中兴通讯积极为5G标准制定做出贡献，比如标签技术之一MUSA，以其技术领先性，有望成为国际标准；MassiveMIMO的商用也为5G标准贡献了诸多包含实测数据的提案,92,媒体新闻,c,1
中兴通讯,在5G正式到来前，中兴通讯已经在软、硬件方面做好准备，率先在业界推出满足5G标准的商用产品,92,媒体新闻,c,1
中兴通讯,    中兴通讯董事长殷一民先生强调，中兴通讯未来会坚定不移地强化两个投入：在5G、承载等关键技术强化投入；在重要市场及客户上强化投入，从而在未来的竞争中进一步提升全球地位,92,媒体新闻,c,1
中兴通讯,中兴通讯纳入MSCI新兴市场指数,92,媒体新闻,t,1
中兴通讯,证券时报记者 周少杰中兴通讯正逐步加快5G建设，为下一代移动网络技术的全球部署提前做好准备,93,媒体新闻,c,1
中兴通讯,近日，在中兴通讯年度股东大会上，董事长殷一民表示，未来会坚定不移地强化两个投入：在5G、承载等关键技术强化投入；在重要市场及客户上强化投入，从而在未来的竞争中进一步提升全球地位,93,媒体新闻,c,1
中兴通讯,在6月21日，MSCI官方公布将中国A股纳入MSCI新兴市场指数，其中就有中兴通讯,93,媒体新闻,c,1
中兴通讯,受此消息影响，中兴通讯当日股价上涨4.35%，报收22.81元/股,93,媒体新闻,c,1
中兴通讯,Pre5G技术上取得突破在中兴通讯年度股东大会上，总裁赵先明向与会投资者分享了公司在5G方面的最新进展,93,媒体新闻,c,1
中兴通讯,赵先明表示，目前，中兴通讯在5G技术研究和产品研发及测试评估方面已逐步达到业界领先地位，在关键技术方面，在业界率先提出Pre5G创新理念和解决方案，在4G网络中提前规模商用5G关键技术，为后续5G规模商用积累更多实践经验，获得业界关注和认可,93,媒体新闻,c,1
中兴通讯,“中兴通讯积极为5G标准制定做出贡献，比如标签技术之一MUSA，以其技术领先性，有望成为国际标准；Massive MIMO的商用也为5G标准贡献了诸多包含实测数据的提案,93,媒体新闻,c,1
中兴通讯,”赵先明说，在5G正式到来前，中兴通讯已经在软、硬件方面做好准备，率先在业界推出满足5G标准的商用产品,93,媒体新闻,c,1
中兴通讯,赵先明说，中兴通讯已经在Pre5G技术上取得突破，能够帮助运营商在IMT-2020标准发布前率先实现5G关键技术,93,媒体新闻,c,1
中兴通讯,上周，中兴通讯称将与日本软银联合开展5G测试,93,媒体新闻,c,1
中兴通讯,日本软银去年就与中兴通讯在massive mimo技术上开展合作,93,媒体新闻,c,1
中兴通讯,此外，与中兴通讯在5G领域开展合作的运营商还有中国移动、中国联通、德国电信、西班牙Telefonica和韩国KT,93,媒体新闻,c,1
中兴通讯,光网络市场份额居全球前二近日，在法国尼斯举办的一年一度全球下一代光网络&数据中心互联论坛（NGON&Optical DCI Forum）上，中兴通讯ZENIC SDON创新方案一举斩获最佳多层SDN控制器应用大奖，再次斩获代表智能光网络未来核心技术的SDN控制器大奖,93,媒体新闻,c,1
中兴通讯,国际著名咨询公司OVUM最新发布的全球光网络市场份额报告显示，中兴通讯全球光网络市场份额稳居全球前二,93,媒体新闻,c,1
中兴通讯,中兴通讯副总裁朱永兴表示，中兴通讯不断坚持以客户价值为导向，坚持技术与模式创新,93,媒体新闻,c,1
中兴通讯,目前，中兴通讯参与多个SDN/NFV标准组织项目，是中国首家OpenDayLight白金会员,93,媒体新闻,c,1
中兴通讯,中兴通讯在业界率先发布了SDON解决方案，并完成多地试点,93,媒体新闻,c,1
中兴通讯,2017年初，中兴通讯ZENIC SDON荣获由“SDN/NFV产业联盟”颁发的“2016年传送网SDN互联互通标准化最佳实践奖”,93,媒体新闻,c,1
中兴通讯,在6月21日，MSCI官方公布将中国A股纳入MSCI新兴市场指数，其中就有中兴通讯,93,媒体新闻,c,1
中兴通讯,受此消息影响，中兴通讯当日股价上涨4.35%，报收22.81元/股,93,媒体新闻,c,1
中兴通讯,有分析人士认为，从纳入MSCI的222只股票来看，大部分为大盘蓝筹股和绩优白马股，中兴通讯入围MSCI新兴市场指数，也表明公司合规健康、发展前景被国际投资机构所认可,93,媒体新闻,c,1
中兴通讯,中兴通讯加快5G建设 强化关键技术与重要市场两大投入,93,媒体新闻,t,1
中兴通讯,原标题：引领5G创新 中兴通讯即将绽放2017MWC上海展　　作为全球领先的综合通信解决方案提供商，中兴通讯将以“引领创新，合作共赢”为主题精彩亮相6月28日至30日举办的2017世界移动大会-上海（上海MWC）,94,媒体新闻,c,1
中兴通讯,中兴通讯将运用现场直播、业务演示等方式，真实呈现5G核心技术，网络建设及创新业务的5G网络演进全系列解决方案，并将借力展会契机，发起5G、RCS、大视频、承载网络转型四大高峰论坛，探索5G技术、应用业务和商业模式的创新，引领5G产业化,94,媒体新闻,c,1
中兴通讯,中兴通讯的展台位于上海新国际博览中心W5号馆D20展位,94,媒体新闻,c,1
中兴通讯,　　继中兴通讯在巴塞罗那MWC推出5G全系列预商用产品和解决方案之后，在今年上海MWC上，中兴通讯将与中国移动共同进行5G外场测试高清直播，展示实际环境下单UE 2Gbps峰值速率、业界最小最轻的5G NR AAU@sub6GHz、连续组网性能验证,94,媒体新闻,c,1
中兴通讯,不仅如此，在中国联通和GSMA展台，观众可以近距离体验到中兴通讯的5G高带宽低时延业务,94,媒体新闻,c,1
中兴通讯,在中国电信展台，观众还能感受中兴通讯的5G网络切片业务,94,媒体新闻,c,1
中兴通讯,　　在“网络转型”区，现场将通过业务演示真实呈现ElasticNet架构下的网络切片、随选网络等两大场景，感受中兴通讯全球首个商用级电信DevOps Builder、深度融合SDN/NFV技术的Elastic SD-WAN解决方案的优异性能,94,媒体新闻,c,1
中兴通讯,此外，在“业务新引擎”区，中兴通讯将展出大视频和RCS等数字化转型创新业务，包括大视频3.0端到端解决方案，基于MaaP的RCS解决方案， 并带来多点VR直播的极致体验,94,媒体新闻,c,1
中兴通讯,　　终端方面，中兴通讯将聚焦“智能加密安全手机，实现办公升级”，全面展示旗下安全手机和安全办公方案,94,媒体新闻,c,1
中兴通讯,　　四大高峰论坛作为本次上海MWC中兴通讯的重要亮点，将分享对于5G的产业协作与商用实践、RCS的业务部署、大视频领域的技术业务创新，以及加速承载网络转型的思考,94,媒体新闻,c,1
中兴通讯,除此之外，中兴通讯首席科学家向际鹰、中兴通讯MANO首席架构师何伟也将受邀出席GSMA举办的官方论坛，与全球行业嘉宾分享中兴通讯4G向5G网络演进的未来规划以及运营级DevOps如何助力运营商实现可定制网络转型,94,媒体新闻,c,1
中兴通讯,　　精彩不容错过，中兴通讯与您相约2017MWC上海，共同迎接风云际会的5G时代,94,媒体新闻,c,1
中兴通讯,引领5G创新 中兴通讯即将绽放2017MWC上海展,94,媒体新闻,t,1
中兴通讯,　　6月20日，中兴通讯(000063，股吧)在深圳总部召开2016年度股东大会、2017年第一次A股类别股东大会及2017年第一次H股类别股东大会,95,媒体新闻,c,1
中兴通讯,中兴通讯董事长殷一民先生主持会议,95,媒体新闻,c,1
中兴通讯,　　中兴通讯总裁赵先明先生向与会投资者分享了公司在5G方面的最新进展，他表示，目前，公司在5G技术研究和产品研发及测试评估方面已逐步达到业界领先地位，在关键技术方面，在业界率先提出Pre5G创新理念和解决方案，在4G网络中提前规模商用5G关键技术，为后续5G规模商用积累更多实践经验，获得业界关注和认可,95,媒体新闻,c,1
中兴通讯,同时，中兴通讯积极为5G标准制定做出贡献，比如标签技术之一MUSA，以其技术领先性，有望成为国际标准；Massive MIMO的商用也为5G标准贡献了诸多包含实测数据的提案,95,媒体新闻,c,1
中兴通讯,在5G正式到来前，中兴通讯已经在软、硬件方面做好准备，率先在业界推出满足5G标准的商用产品,95,媒体新闻,c,1
中兴通讯,　　中兴通讯董事长殷一民先生强调，中兴通讯未来会坚定不移地强化两个投入：在5G、承载等关键技术强化投入；在重要市场及客户上强化投入，从而在未来的竞争中进一步提升全球地位,95,媒体新闻,c,1
中兴通讯,中兴通讯召开年度股东大会 强化关键技术与重要市场两大投入,95,媒体新闻,t,1
中兴通讯,【深圳商报讯】（记者 詹钰叶）周三凌晨，MSCI公布从2018年6月开始将A股纳入MSCI新兴市场指数和MSCI ACWI全球指数，222只大盘A股将被纳入，中兴通讯也是其中一员,96,媒体新闻,c,1
中兴通讯,受此消息影响，中兴通讯AH股双双上涨，并在盘中创下2015年以来新高,96,媒体新闻,c,1
中兴通讯,记者使用WIND数据统计，在通讯行业A股股票中，目前中兴通讯总市值排在行业首位，为905.36亿元,96,媒体新闻,c,1
中兴通讯,就在本周一召开的中兴通讯股东大会上，公司表示在5G业务上已做很多前期准备，技术研究、产品研发、测试评估等方面在业界逐渐领先地位,96,媒体新闻,c,1
中兴通讯,运营商方面，在4G阶段，中兴通讯已在中国移动无线领域份额中位列第二，未来还将在5G、接入网方面与中国移动结成战略合作伙伴，并共拓国际市场,96,媒体新闻,c,1
中兴通讯,他认为中兴通讯的中报表现值得期待，有望延续一季报的增长趋势，并看好公司业务布局和长期研发投入价值转化,96,媒体新闻,c,1
中兴通讯,考虑到中兴通讯手机业务有望扭正，且公司积极开展国际业务、研发到位，未来业绩有望继续增长，估值有望得到修复,96,媒体新闻,c,1
中兴通讯,华泰证券通信行业分析师周明表示，中国5G商用有望提前，而中兴通讯的龙头地位明显，将充分享受市场红利,96,媒体新闻,c,1
中兴通讯,他认为，中兴通讯在5G领域的超前布局成果显著，例如近日开通了国内首个Pre5G超高速率业务试点，创下国内首个外场真实网络环境下高达1Gbps的峰值下载速率，第一家进行5G国家试验26GHz高频试验和外场测试，同时在NB-IoT领域有雄厚的技术积累,96,媒体新闻,c,1
中兴通讯,他指出，中兴通讯的专利布局优势明显，将充分享受市场红利，看好中兴通讯在NB-IoT领域以及5G时代的发展机遇,96,媒体新闻,c,1
中兴通讯,中兴通讯AH股均创新高,96,媒体新闻,t,1
中兴通讯,　　事项：　　2017年6月20日星期二，中兴通讯召开股东大会，对2016年度报告、利润分配预案等议案进行审议，并就投资者关心的问题进行了问答，具体会议纪要汇总如下,97,媒体新闻,c,1
中兴通讯,证券时报网（www.stcn.com）06月21日讯6月21日消息，MSCI公布从2018年6月开始将中国A股纳入MSCI新兴市场指数和MSCI ACWI全球指数，222只大盘A股将被纳入，中兴通讯也是其中一员,98,媒体新闻,c,1
中兴通讯,受此消息影响，中兴通讯AH股齐涨，并创阶段新高,98,媒体新闻,c,1
中兴通讯,A股方面，中兴通讯（000063.SZ）涨4%，盘中最高价报22.86元，创2015年6月底以来新高，A股总市值接近1000亿元,98,媒体新闻,c,1
中兴通讯,H股方面，中兴通讯（000063.HK）涨6%，盘中最高价报18.70港元，创2015年11月以来新高,98,媒体新闻,c,1
中兴通讯,中兴通讯AH股齐涨 均创阶段新高,98,媒体新闻,t,1
中兴通讯,　　中兴通讯（00763）发布公告，股东大会逐项审议通过《公司拟申请综合授信额度的议案》，同意该公司向中国银行股份有限公司申请300亿元人民币的综合授信额度，向国家开发银行股份有限公司深圳市分行申请70亿美元的综合授信额度,99,媒体新闻,c,1
中兴通讯,中兴通讯审议通过拟申请综合授信额度及衍生品投资额度不超过30亿美元的议案,99,媒体新闻,t,1
中兴通讯,　　中兴通讯（00763）发布公告，该公司于2017年4月24日召开的第七届董事会第十七次会议、第七届监事会第十四次会议审议通过了《关于<中兴通讯股份有限公司2017年股票期权激励计划（草案）>》，根据中国证监会《上市公司股权激励管理办法》等法律、法规及规范性文件的相关规定，该公司针对2017年股票期权激励计划内幕信息知情人在2017年股票期权激励计划公布前6个月内买卖公司股票的情况进行了自查,100,媒体新闻,c,1
中兴通讯,中兴通讯：就2017年股票期权激励计划内幕信息知情人不存在内幕交易行为,100,媒体新闻,t,1
中兴通讯,　　2017年6月20日星期二，中兴通讯（00763）召开股东大会，对2016年度报告、利润分配预案等议案进行审议，并回答投资者关心的问题,101,媒体新闻,c,1
中兴通讯,　　11、中兴历史上有两次大“滑坡”，中兴通讯是否会建立智囊团避免重大失误,101,媒体新闻,c,1
中兴通讯,中兴通讯股东大会：未来将强化5G投入 出售非核心业务,101,媒体新闻,t,1
中兴通讯,  6月16日下午，速度中国与中兴通讯智慧城市战略合作签约仪式、南京智慧城市产业联盟启动仪式暨智慧徐庄项目发布正式举行,102,媒体新闻,c,1
中兴通讯,中兴通讯政企中国第一片区总经理黄辉颖先生以及速度中国董事长徐忠建先生分别就本次签约发表主题演讲，表示双方将围绕智慧城市开展全方位的合作，抓住机遇，不断提升各自的科技创新实力，重点开展江苏省智慧城市建设,102,媒体新闻,c,1
中兴通讯,随后，中兴通讯政企中国南京处总经理赫二会先生与速度中国总裁朱必亮先生作为签约代表在各级政府领导的共同见证下，完成了此次签约仪式,102,媒体新闻,c,1
中兴通讯,"速度中国与中兴通讯
达成智慧城市战略合作",102,媒体新闻,t,1
中兴通讯,”这是中兴通讯高级副总裁张建国在近日一个媒体交流会上的开场白,103,媒体新闻,c,1
中兴通讯,　　作为一家通讯网络方案提供商，中兴通讯在5G盛宴中能分得多大蛋糕,103,媒体新闻,c,1
中兴通讯,　　对于记者这个问题，张建国并没有给出具体的数字，但他表示，中兴通讯5G影响力将胜过4G,103,媒体新闻,c,1
中兴通讯,　　中兴通讯2017年下的重要一棋，就是发布了5G端到端整体解决方案，瞄准2018年第一阶段标准冻结后的商用预部署,103,媒体新闻,c,1
中兴通讯,　　据张建国介绍，除了积极参与国家5G测试，与国内运营商进行外场验证测试外，中兴通讯在国际市场上也积极携手领先运营商推进5G联合测试,103,媒体新闻,c,1
中兴通讯,　　2017年2月份， 作为5G标准领域的积极贡献者，高通、中国移动、中兴通讯共同宣布将开展基于5G NR规范的互操作性测试和OTA外场试验,103,媒体新闻,c,1
中兴通讯,"发布5G端到端整体解决方案
中兴通讯称公司5G份额将超4G",103,媒体新闻,t,1
中兴通讯,"=""http://n.sinaimg.cn/finance/04ef3be0/20160801/150517773373600357.jpg"" >新浪港股APP：实时行情 独家内参　　格隆汇19日讯，中兴通讯（00763.HK）今日出现一定幅度的上涨行情，现报17.74港元，涨3.99%，暂成交8809万港元，最新总市值为980亿港元",104,媒体新闻,c,1
中兴通讯,　　最新消息显示，中兴通讯光传输产品获GlobalData核心分组-光传送“领先者”评价,104,媒体新闻,c,1
中兴通讯,国际著名咨询公司OVUM最新发布的全球光网络市场份额报告显示，中兴通讯全球光网络市场份额稳居全球前二,104,媒体新闻,c,1
中兴通讯,　　另外，中兴通讯作为全球前四的通信设备商，近年来积极投入研发，引领全球5G技术,104,媒体新闻,c,1
中兴通讯,据格隆汇最新数据显示，港股通资金持有中兴通讯（00763.HK）的平均成本为13.21港元，持仓比例为6.36%，目前处于浮盈状态,104,媒体新闻,c,1
中兴通讯,中兴通讯涨4%市值逼近1000亿 明日将召开股东大会,104,媒体新闻,t,1
中兴通讯,　　证券时报网（www.stcn.com）06月16日讯　　证券时报新三板论坛讯，创新层企业速度信息（870022）6月16日公告，公司与中兴通讯(行情000063，诊股)共同签署了战略合作框架协议，双方希望通过战略合作的关系，在智慧城市、民政信息化、国土信息化等领域开展长期合作，战略合作期限为五年,105,媒体新闻,c,1
中兴通讯,速度信息牵手中兴通讯 推进智慧城市等领域合作,105,媒体新闻,t,1
中兴通讯,6月13日，佳兆业集团与中兴通讯在深圳正式签署战略合作协议,106,媒体新闻,c,1
中兴通讯,中兴通讯和佳兆业集团相关高层出席仪式,106,媒体新闻,c,1
中兴通讯,凭借各自在智慧城市产业链的优势资源，中兴与佳兆业将联合引入生态体系上下游的知名企业，引导其投资入驻双方运营管理下的智慧新城项目，并在项目配套的商业、住宅中，整体植入中兴通讯智慧城市解决方案和专业服务，打造智慧新城运营标杆,106,媒体新闻,c,1
中兴通讯,佳兆业携手中兴通讯共推智慧新城体系建设,106,媒体新闻,t,1
中兴通讯,　　近日，中兴通讯宣布与日本软银股份有限公司签订协议，将在东京市区开展基于4.5GHz低频谱的5G外场测试,107,媒体新闻,c,1
中兴通讯,　　在本次5G外场测试中，中兴通讯将提供最先进的5G端到端网络解决方案,107,媒体新闻,c,1
中兴通讯,中兴通讯将与日本软银一起在实际网络环境中验证5G技术的性能,107,媒体新闻,c,1
中兴通讯,　　中兴通讯与日本软银在Massive MIMO技术方面已经开展了较长时间的研发合作,107,媒体新闻,c,1
中兴通讯,基于Massive MIMO技术在4G商用网络部署的经验，中兴通讯和日本软银正在进一步探索这一技术在未来5G时代的应用价值,107,媒体新闻,c,1
中兴通讯,　　中兴通讯首席科学家向际鹰博士表示：“中兴通讯与日本软银在Massive MIMO等5G关键技术领域已经有了很长时间的合作,107,媒体新闻,c,1
中兴通讯,作为全球领先的综合通信解决方案提供商，中兴通讯在5G领域持续投入，与行业伙伴合作共同推动5G产业生态的成熟,107,媒体新闻,c,1
中兴通讯,中兴通讯和日本软银宣布在东京开展5G外场测试,107,媒体新闻,t,1
中兴通讯,近日，中兴通讯成为第一家开始进行5G国家试验的企业,108,媒体新闻,c,1
中兴通讯,在IMT-2020(5G)推进组组织的中国5G技术研发试验第二阶段测试中，中兴通讯5G NR预商用基站率先完成26GHz高频外场测试，并与行业多家仪表、芯片厂商进行互通对接测试，测试性能优异,108,媒体新闻,c,1
中兴通讯,招商通信：今年是5G标准元年 中兴通讯已率先进行相关高频测试,108,媒体新闻,t,1
中兴通讯,　　中兴通讯股票分析：5G频谱规划推动行业加速落地　　工信部公开征求对5G中、高频段意见：为抢占5G发展先机，美、欧、日、韩等国家已聚焦或发布了各自的5G频谱规划，我国5G频谱规划及时跟进，6月6日工信部发文，拟在3.3-3.6GHz和4.8-5GHz两个频段上部署5G,109,媒体新闻,c,1
中兴通讯,　　5G落地节奏不断加快，设备商业绩释放有望提前：市场认为5G到来尚需较长时间，运营商投资空窗期影响主设备商业绩，龙头白马中兴通讯股价走高后续空间有限,109,媒体新闻,c,1
中兴通讯,继续看好中兴通讯在5G的发展机遇,109,媒体新闻,c,1
中兴通讯,中兴通讯股票分析：5G频谱规划推动行业加速落地,109,媒体新闻,t,1
中兴通讯,　　导读：6月8日，中兴通讯（00763）盘中涨逾4%，触及17.6港元，刷新一年半以来的高点，截至今日收盘，该股涨3.68%，报17.48港元,110,媒体新闻,c,1
中兴通讯,中兴通讯A股表现也不赖，盘中最高涨至21.05元，创2015年8月19日以来新高，收盘时仍处于20.63元高位，成交额11.04亿,110,媒体新闻,c,1
中兴通讯,消息面上，中兴通讯近日率先完成5G国家试验mMTC海量连接测试,110,媒体新闻,c,1
中兴通讯,　　近日，在中国5G国家试验第二阶段测试中，中兴通讯率先完成mMTC场景外场测试，测试结果满足要求，实测显示提升接入终端数量能力近600%，实现了等效千万级连接密度，向万物互联的未来世界又迈进了一步,110,媒体新闻,c,1
中兴通讯,　　针对低功耗大连接场景，中兴通讯采用MUSA（Multi User Shared  Access，多用户共享接入）技术，有效提升接入数量，为大连接场景提供重要支撑,110,媒体新闻,c,1
中兴通讯,中兴通讯提出的MUSA技术引入短复数域扩展码，接入数量提升3～6倍;免资源调度，简化同步和功控过程;先进扩频序列设计和优秀SIC技术;简化终端实现，降低终端能耗,110,媒体新闻,c,1
中兴通讯,本次mMTC测试是5G国家试验第二阶段的重要一环，中兴通讯采用专利帧结构设计和MUSA技术，测试结果满足要求，为5G低功耗大连接场景的技术推进作出示范,110,媒体新闻,c,1
中兴通讯,　　作为中国IMT-2020推进组的核心成员，中兴通讯主动承担多项重点技术攻关和产品研制任务，牵头多项5G关键技术方向的研究与标准化推进工作，继去年率先完成中国  5G技术研发试验第一阶段测试任务后，目前全面参与国家5G二阶段测试，本次中兴通讯采,110,媒体新闻,c,1
中兴通讯,中兴通讯（00763）完成5G国家试验mMTC海量连接测试,110,媒体新闻,t,1
中兴通讯,　　【环球科技综合报道】6月5日，浙江华数广电网络股份有限公司与中兴通讯股份有限公司在杭郑重签约，双方将结成全面战略伙伴关系，实现优势资源互补，在网络建设、智慧城市、智慧政务等多领域开展积极有效的合作,111,媒体新闻,c,1
中兴通讯,"　　<IMAGE SRC=""http://c.cnfolimg.com/20170607/66/629646899876339298.jpg"" >　　此次“牵手”中兴通讯，正是为浙江华数进一步筑底发展穿上了“冲锋衣”",111,媒体新闻,c,1
中兴通讯,中兴通讯位于全球通信解决方案提供商第一梯队，拥有业界最为完整的端到端产品线和融合解决方案,111,媒体新闻,c,1
中兴通讯,中兴通讯凭借其雄厚的技术实力和设备实力，将进一步助推全省“双向网改”进程，打造浙江华数“永不断线”的最优网络,111,媒体新闻,c,1
中兴通讯,　　在宽带网络建设方面，目前宽带业务逐渐成为运营商的主要业务增长点，且用户带宽不断增长，光纤到户比例越来越高，针对浙江华数的网络建设工程，中兴通讯将在商务采购招标、发货、工程及后期维护中，给予浙江华数最大的支持,111,媒体新闻,c,1
中兴通讯,　　在省干、市县、县乡骨干网建设方面，中兴通讯拥有目前业界最先进的100G/400G OTN设备，将协助浙江华数建设从省干、市县到接入层的优质承载网络,111,媒体新闻,c,1
中兴通讯,　　在城域网数据网络建设方面，2014年底，中兴通讯升级T8000核心路由器能力到400G，是建设新型大容量城域网核心路由器的最佳选择,111,媒体新闻,c,1
中兴通讯,　　在政企业务PTN网络建设方面，当前政企业务逐渐IP化，后续的传输网络也将逐步全IP化，中兴通讯将协助浙江华数建设新的IP化的政企业务PTN网络，以适应政企业务发展,111,媒体新闻,c,1
中兴通讯,　　携手创新　　画出最大同心圆　　除了常规的业务合作，浙江华数和中兴通讯还将携手进军蓝海赛道，在互联网+智慧城市、智慧政务、互联网+行业、互联网+企业等领域展开深度合作,111,媒体新闻,c,1
中兴通讯,　　当前，中兴通讯已经承接银川智慧城市、全国云计算平台、全国IDC平台等多个重大项目，在智慧城市打造，大数据平台搭建上拥有丰富的经验,111,媒体新闻,c,1
中兴通讯,随着双方全面战略合作的展开，浙江华数将借助中兴通讯搭建的国家级数字平台，迅速开展广电相关的跨省业务、智慧业务,111,媒体新闻,c,1
中兴通讯,　　本次战略协议的签订，是浙江华数与中兴通讯双方优势互补、信息共享、互利双赢的开始，还将逐步为双方带来运营理念交流、产品开发合作以及业务拓展等多项“溢出效应”,111,媒体新闻,c,1
中兴通讯,浙江华数联姻中兴通讯 开启全面战略合作,111,媒体新闻,t,1
中兴通讯,　　中兴通讯(00763)(深：000063)AH股表现佳，A股涨近4%，报20.66元人民币，H股涨4%，报16.8港元,112,媒体新闻,c,1
中兴通讯,　　招商证券发表报告指出，看好中兴通讯的核心逻辑，最简单可以用业绩确定下的估值低估、治理结构更佳下的内生改善、格局有利下静待5G崛起三句话精炼概括,112,媒体新闻,c,1
中兴通讯,中兴通讯A股涨近4% 券商指其估值被低估,112,媒体新闻,t,1
中兴通讯,"p://n.sinaimg.cn/finance/04ef3be0/20160801/150517773373600357.jpg"" >新浪港股APP：实时行情 独家内参　　新浪港股讯 6月7日消息，中兴通讯（00763.HK）股价涨，一度涨近5%，现涨3.98%，报价16.74元，涉资7021万元",113,媒体新闻,c,1
中兴通讯,　　消息面上，为移动互联网提供电信、企业和消费者技术解决方案的主要国际供应商中兴通讯股份有限公司于6月3日公布，该公司与Telenet就5G和物联网（IoT）签订战略合作协议，从而深度两家公司在新一代技术方面的协作,113,媒体新闻,c,1
中兴通讯,中国国务院总理李克强和比利时首相查尔斯-米歇尔主持中兴通讯和Telenet在布鲁塞尔的签约仪式,113,媒体新闻,c,1
中兴通讯,快讯：中兴通讯签5G协议涨4% 创近一年半高,113,媒体新闻,t,1
中兴通讯,中兴通讯将在英国伦敦召开的2017年5G全球峰会上，演示5G VR水下航行器远程控制业务,114,媒体新闻,c,1
中兴通讯,　　本届5G全球峰会，除了5G VR水下航行器远程控制业务演示外，中兴通讯还将展出5G领域的最新研发成果，包括全系列5G高低频预商用基站和新一代Pre5G Massive MIMO基站，以及5G网络和演进解决方案等,114,媒体新闻,c,1
中兴通讯,中兴通讯的5G专家还将在论坛上分别对网络切片和5G无线空口等解决方案做主题发言，向业界分享5G技术创新观点,114,媒体新闻,c,1
中兴通讯,　　中兴通讯携手众多产业伙伴积极探索，广泛合作，共同打造开放和谐的生态系统,114,媒体新闻,c,1
中兴通讯,在产业合作上，中兴通讯已加入5GIA以及5GAA;并与高通、中国移动联合进行符合3GPP标准的低频IoDT测试，与英特尔联合进行高频设备开发，共同推动5G良好生态发展,114,媒体新闻,c,1
中兴通讯,中兴通讯5G助力VR视频直传和实时远程控制,114,媒体新闻,t,1
中兴通讯,　　- 中国国务院总理李克强和比利时首相查尔斯-米歇尔主持中兴通讯（000063）与Telenet在布鲁塞尔的签约仪式　　布鲁塞尔2017年6月5日电 /美通社/ -- 为移动互联网提供电信、企业和消费者技术解决方案的主要国际供应商中兴通讯股份有限公司(07,115,媒体新闻,c,1
中兴通讯,　　在布鲁塞尔Val-Duchesse城堡举行并由比利时首相查尔斯-米歇尔(Charles Michel)和中国国务院总理李克强(Li Keqiang)主持的仪式上，Telenet首席技术官米卡-伯杰(Micha Berger)和中兴通讯高级副总裁肖明(Xiao Ming)签署了一份新协议，将扩大两家公司之间的合作，覆w至未来的网络创新,115,媒体新闻,c,1
中兴通讯,　　伯杰先生表示：“我们已经与中兴通讯进行了数月的洽谈，现在很高兴取得这样的成果,115,媒体新闻,c,1
中兴通讯,　　2016年8月，Telenet指定中兴通讯负责升级其全国性移动网络，部署中兴通讯的世界级Uni-RAN技术,115,媒体新闻,c,1
中兴通讯,　　中兴通讯帮助Telenet更换了2G基站并优化了3G和4G覆w，从而为提高了为订阅用户提升用户体验的网络容量，并且支持向未来网络技术的发展,115,媒体新闻,c,1
中兴通讯,　　依托中兴通讯的业内领先技术，Telenet完成了现场测试并创下了欧洲网络速度的全新纪录，即每秒下载速度达1.3千兆，这较现有4G服务快4倍,115,媒体新闻,c,1
中兴通讯,　　对于利用LTE Massive MIMO(长期演进大规模多入多出)和LTE Broadcast(长期演进广播)解决方案的物联网服务和高容量解决方案，Telenet正在携手中兴通讯为此探索相关的技术解决方案,115,媒体新闻,c,1
中兴通讯,　　作为5G技术的全球领导者，中兴通讯致力于对核心5G技术的研发进行投资，这些技术包括Massive MIMO、MUSA(多用户共享接入)、FB-OFDM(基于滤波器组的正交频分复用)、Virtual Cell(虚拟化小区)和网络分层,115,媒体新闻,c,1
中兴通讯,　　中兴通讯是全球5G技术及标准的主要参与者和贡献者,115,媒体新闻,c,1
中兴通讯,　　肖明先生说：“中兴通讯非常高兴与Telenet达成战略协议,115,媒体新闻,c,1
中兴通讯,”　　中兴通讯简介　　中兴通讯为消费者、运营商、公司和公共部门客户提供先进的电信系统、移动设备和企业技术解决方案,115,媒体新闻,c,1
中兴通讯,随着电信和信息技术产业日渐融合，作为中兴通讯M-ICT战略的一部分，公司致力于向客户提供集成的端到端创新，以创造卓越绩效和价值,115,媒体新闻,c,1
中兴通讯,中兴通讯在香港和深圳证券交易所上市(h股证券代码：0763.HK / A股证券代码：000063.SZ)，产品和服务销往160多个国家的500多家运营商,115,媒体新闻,c,1
中兴通讯,中兴通讯的研发投入占公司年收入的10%，并在国际标准制定组织中发挥领导作用,115,媒体新闻,c,1
中兴通讯,中兴通讯履行企业社会责任，同时也是联合国全球契约组织(UN Global Compact)成员,115,媒体新闻,c,1
中兴通讯,　中兴通讯媒体联系人责任编辑：hpf,115,媒体新闻,c,1
中兴通讯,中兴通讯与Telenet就5G和物联网签署战略合作协议,115,媒体新闻,t,1
中兴通讯,　　趋势财经6月4日讯，5月31日，在德国科隆有线电视，宽带及卫星技术博览会上(ANGA COM 2017)，中兴通讯与大科隆地区领先的区域运营商NetCologne联合发布了G.fast@212MHz 解决方案,116,媒体新闻,c,1
中兴通讯,　　作为全球领先的综合通信解决方案提供商，凭借专业的通信背景和创新的ICT解决方案，中兴通讯一直致力于G.fast等新兴技术的研发和应用，中兴通讯将以G.fast技术部署为契机，支持NetCologne络全面演进至超Gbps时代，帮助NetCologne扩大领先优势，并将成为NetCologne的最佳合作伙伴，中兴德国有限公司总经理孙杰说,116,媒体新闻,c,1
中兴通讯,　　NetCologne和中兴通讯在今年2月正式签署战略合作协议,116,媒体新闻,c,1
中兴通讯,根据协议，中兴通讯将向NetCologne提供包括最先进的G.fast DPU和终端在内络设备，其中G.fast的多端口DPU设备支持G.fast@212MHz技术，而且可以灵活选择PON/P2P/DSLbonding多模上联且多种供电方式合一，具备极强场景适应能力,116,媒体新闻,c,1
中兴通讯,中兴通讯与NetCologne发布G.fast@212MHz方案,116,媒体新闻,t,1
中兴通讯,　　趋势财经6月4日讯，中兴通讯(00763)H股现价上升3.68%报16.34元，盘中高见16.36元，创一年半新高,117,媒体新闻,c,1
中兴通讯,中兴通讯涨近4% 创一年半新高,117,媒体新闻,t,1
中兴通讯,"p://n.sinaimg.cn/finance/04ef3be0/20160801/150517773373600357.jpg"" >新浪港股APP：实时行情 独家内参　　新浪港股讯 6月2日消息，中兴通讯H股今日大涨4.7%，报价16.5元，股价创逾17月高位",118,媒体新闻,c,1
中兴通讯,中兴通讯A股涨近2%，报价19.77元,118,媒体新闻,c,1
中兴通讯,参加中国移动NB-IoT网络建设和测试的厂家包括华为、爱立信、诺基亚和上海贝尔、中兴通讯、大唐移动等系统厂商，还有诸多芯片、终端、应用等环节的企业,118,媒体新闻,c,1
中兴通讯,快讯：中兴通讯大涨4.5%创17个月高 市值欲试千亿关,118,媒体新闻,t,1
中兴通讯,"<IMAGE SRC=""http://hqpick.eastmoney.com/k/0000632.png"" >中兴通讯(000063)2017-05-26融资融券信息显示，中兴通讯融资余额2，311，199，027元，融券余额8，401，811元，融资买入额175，601，537元，融资偿还额186，298，",119,媒体新闻,c,1
中兴通讯,中兴通讯融资融券详细信息如下表：交易日期代码简称融资融券余额(元)2017-05-26000063中兴通讯2，319，600，838融资余额(元)融资买入额(元)融资偿还额(元)融资净买额(元)2，3,119,媒体新闻,c,1
中兴通讯,中兴通讯(000063)融资融券信息(05-26),119,媒体新闻,t,1
中兴通讯,　　近日，在2017中国国际大数据产业博览会贵安国际数字经济论坛开幕式上，贵州省贵安新区与中兴通讯股份有限公司签订战略合作协议，贵州省省委常委、常务副省长、贵安新区管委会主任秦如培，中兴通讯政企中国营销事业部总经理朱永涛出席开幕式并见证签约仪式,120,媒体新闻,c,1
中兴通讯,贵州贵安新区华溪大学城党工委副书记、管委会主任罗松华和中兴通讯第五片区总经理王昕签署协议,120,媒体新闻,c,1
中兴通讯,作为全球领先的综合通信解决方案提供商，中兴通讯为合作伙伴构筑安全、开放、共享的平台，为用户带来更绿色、更开放的产品和信息化服务,120,媒体新闻,c,1
中兴通讯,　　本次战略合作，双方将共同推进和提升贵安新区智慧城市产业的建设和运营服务，中兴通讯将贵安作为西部地区重要业务发展区域和战略合作城市，全力支持贵安新区的信息化建设和产业升级，与贵安新区管委会开展紧密合作，深入探讨在多种合作模式下，带动培育当地中小型创新创业公司企业，在智慧产业、互联网+的新形式下的融合和产业优化升级，并重点推进在物联网、城市轨道交通、智慧城市等领域的项目合作,120,媒体新闻,c,1
中兴通讯,贵州贵安新区与中兴通讯签署战略合作协议,120,媒体新闻,t,1
中兴通讯,近日，中兴通讯携手中国联通集团及福建联通，在泉州FDD商用网络成功开通国内首个Pre5G超高速率业务试点，创下国内首个外场真实网络环境下高达1Gbps的峰值下载速率，超过现有4G网络峰值速率6倍以上,121,媒体新闻,c,1
中兴通讯,去年12月，中兴通讯联合中国联通福建分公司在泉州完成了全球首个基于FDD-LTE制式的Massive MIMO解决方案外场验证，通过实地测试，中兴Pre5G FDD MM解决方案可以在现有频谱基础上有效提升小区吞吐量3倍以上,121,媒体新闻,c,1
中兴通讯,Massive MIMO是5G网络的关键技术之一，也是中兴通讯将5G技术提前引入4G网络，为运营商提供Pre5G解决方案的核心技术之一,121,媒体新闻,c,1
中兴通讯,作为中兴通讯Pre5G综合解决方案之一，Giga+ MBB方案利用中兴通讯在全球广泛部署的多模RRU，采用多载波聚合、高阶MIMO及256QAM高阶调制技术，实现单用户1Gbps的下载速率，满足4G网络后向演进中数据容量持续增长的需求，并可结合创新的Neat Cell技术，进一步提升商用网络部署中的网络性能,121,媒体新闻,c,1
中兴通讯,中兴通讯高级副总裁张建国表示，此次Pre5G方案的所有演示均构建在已广泛部署的LTE网络之上，充分体现了中兴通讯推动4G网络向Pre5G平滑演进的实力，为客户提供更大价值，助力运营商快速实现网络升级，在后4G时代赢得市场先机,121,媒体新闻,c,1
中兴通讯,续写Pre5G传奇 中兴通讯助力中国联通开通国内首个FDD 1Gbps商用网络试点,121,媒体新闻,t,1
中兴通讯,"<IMAGE SRC=""http://img0.utuku.china.com/509x0/jykx/20170526/632dd68d-61d3-4d81-ac91-35d050712922.jpg"" >中午，润乾软件展位更是迎来了一位重量级嘉宾――中兴通讯高级副总裁、云计算及政企业务产品总经理陆平博士",122,媒体新闻,c,1
中兴通讯,".utuku.china.com/518x0/jykx/20170526/32ac3f03-acd9-44d2-84da-c948fe043083.jpg"" >陆平博士简介陆平，博士，高级工程师，现任中兴通讯高级副总裁、云计算及政企业务产品总经理，主要从事云计算、大数据、增强现实、基于多媒体服务技术等方面的研究，是中国计算机协会(CCF)会员、服务计算专委、CCF大数据专家委员会委员、中国电子学会",122,媒体新闻,c,1
中兴通讯,润乾在数博：中兴通讯副总裁陆平博士聆听润乾成果,122,媒体新闻,t,1
中兴通讯,作为云计算、大数据和人工智能的业界领跑者中兴通讯，在数博会现场重磅推出中兴uSmartInsight区块链解决方案，为践行“互联网+政务”提供完善可靠的政务信息系统整合共享方案，获得参展客户的关注和好评,123,媒体新闻,c,1
中兴通讯,　　中兴通讯基于区块链的下一代电子证照共享平台具备数据不可篡改、去中心化、数据加密以及信任传递的特征，创新实现电子证照在全国、全省、全市范围内跨区域的信息归集、快速检索和结果应用,123,媒体新闻,c,1
中兴通讯,　　区别于传统中心化架构的电子证照库，中兴通讯基于区块链的下一代电子证照共享平台具有更好的真实性、安全性、稳定性和可行性，解决了传统中心化架构的电子证照库信息采集和应用过程中权责不分的问题，彻底解决了数据被篡改的可能性，并通过激励机制提升数据相关方共享数据的积极性,123,媒体新闻,c,1
中兴通讯,"　　<IMAGE SRC=""http://c.cnfolimg.com/20170525/91/7830753693961618703.jpg"" >　　在与参展客户研讨中兴通讯基于区块链的下一代电子证照共享平台方案过程中，大家普遍认为该平台能够全面推动城市互联网+政务的建设，提高互联网+政务质量和效率，以及隐私性、安全性和稳定性，推动政务信息资源的整合、促进政务服务",123,媒体新闻,c,1
中兴通讯,　　将区块链前沿技术用于互联网+政务服务是中兴通讯的一次成功的创新实践，通过中兴通讯基于区块链的下一代电子证照共享平台，已经实现住房资格证明的全程网办，整个办事过程通过移动客户端申请完成，申请人无需到现场办理,123,媒体新闻,c,1
中兴通讯,中兴通讯基于区块链的下一代电子证照共享平台亮相数博会,123,媒体新闻,t,1
中兴通讯,　　近日，在日本举办的第三届全球5G大会上，IMT-2020 (5G)推进组国际合作工作组副主席、中兴通讯无线标准总监王欣晖发表了“实践和推进培育全球统一的5G生态系统”的主题发言,124,媒体新闻,c,1
中兴通讯,中兴通讯呼吁共建全球统一5G生态系统,124,媒体新闻,t,1
中兴通讯,中兴通讯在本届数博会现场推出中兴uSmartInsight区块链解决方案，为践行“互联网+政务”提供完善可靠的政务信息系统整合共享方案，获得参展客户的关注和好评,125,媒体新闻,c,1
中兴通讯,　　据介绍，中兴通讯基于区块链的下一代电子证照共享平台具备数据不可篡改、去中心化、数据加密以及信任传递的特征，创新实现电子证照在全国、全省、全市范围内跨区域的信息归集、快速检索和结果应用,125,媒体新闻,c,1
中兴通讯,在2017年“师生情”元旦晚会上，由校企合作共建的中兴通讯学院派出中兴彩虹合唱团，精心演绎了多声部的《黄河大合唱》，赢得了阵阵喝彩,226,媒体新闻,c,0
