云南白药,任盼盼说，为了养好鹦鹉，王鹏花了很多精力，工厂有一片花坛，丈夫种过高粱、向日葵还有青菜，经常晚上去超市买别人挑剩下的廉价玉米，喂各种水果，甚至鹦鹉受伤了，还用云南白药给它们包扎,95,媒体新闻,c,0
云南白药,任盼盼说，为了养好鹦鹉，王鹏花了很多精力，工厂有一片花坛，丈夫种过高粱、向日葵还有青菜，经常晚上去超市买别人挑剩下的廉价玉米，喂各种水果，甚至鹦鹉受伤了，还用云南白药给它们包扎,96,媒体新闻,c,0
云南白药,任盼盼说，为了养好鹦鹉，王鹏花了很多精力，工厂有一片花坛，丈夫种过高粱、向日葵还有青菜，经常晚上去超市买别人挑剩下的廉价玉米，喂各种水果，鹦鹉受伤了，还用云南白药给它们包扎,97,媒体新闻,c,0
云南白药,    装备    全部自己购置 出钱又出力    广州日报记者发现，在搜救过程中，所有搜救队员全部背上了10多斤的装备袋：饮用水、干粮、指北针、安全扣、头灯、眼镜等一应俱全，还有装有云南白药、创可贴、冰袋及碘酒等急救用品的急救箱等,98,媒体新闻,c,0
云南白药,　　1分钟速读提示　　1． 陈发树以253.7亿元巨资，这个数字甚至超过了他的全部身价，一举得手云南白药（000538.SZ）控股股东――云南白药控股有限公司（以下简称“白药控股”）45%股权,0,媒体新闻,c,1
云南白药,　　就在不久前，他以253.7亿元巨资，这个数字甚至超过了他的全部身价，一举得手云南白药（000538.SZ）控股股东――云南白药控股有限公司（以下简称“白药控股”）45%股权,0,媒体新闻,c,1
云南白药,云南白药的投资人在股东大会现场四处张望，也没有找到陈发树的身影和答案,0,媒体新闻,c,1
云南白药,　　间接入局云南白药　　云南白药的控股股东――白药控股一直是云南省国资委的全资公司，直至2017年3月16日这一格局才被打破,0,媒体新闻,c,1
云南白药,　　对于这一新格局，被改变者和闯入者在上市公司层面云南白药和新华都，均着墨不多,0,媒体新闻,c,1
云南白药,云南白药发布了两次增资公告、一次简式权益报告书、一次要约收购报告书、一次关于商务部批复的公告以及一系列重大事项停牌公告，后者都是规定的规范动作,0,媒体新闻,c,1
云南白药,　　截至目前，比对两家上市公司披露的信息，可以画出一份陈发树得手云南白药的时间表,0,媒体新闻,c,1
云南白药,　　在上述股权合作协议敲定之前，2016年7月19日，云南白药宣布停牌，理由是接到了白药控股通知，实际控制人云南省国资委“正在筹划与白药控股相关的重大事项，以推进白药控股混合所有制改革相关工作”,0,媒体新闻,c,1
云南白药,相比之下，2009年，陈发树为了拿到云南白药12.32%的股权，在与转让方红塔集团（现在被云南云和股份有限公司吸收合并）签订《股权转让协议》，并且支付了22亿元以后，被反悔，闹上法庭，败诉，再上诉，直至5年之后陈发树依然以失败收场,0,媒体新闻,c,1
云南白药,　　5年争抢，几乎到手的宝贝再度被抢走，从此，世人皆以为陈发树与云南白药再也不会产生交集,0,媒体新闻,c,1
云南白药,然而，2015年8月20日，云南白药的半年报里出现了陈发树和新华都集团的身影,0,媒体新闻,c,1
云南白药,　　后面的逆袭来得更快，2016年，只用了5个月时间，新华都集团搞定了云南白药控股股东50%股的股权（相当于间接持股云南白药20.76%）,0,媒体新闻,c,1
云南白药,上市公司云南白药则公告称，上市公司高管层不会发生变化，但该公告很快就被“打脸”了,0,媒体新闻,c,1
云南白药,云南白药并没有披露控股股东的验资报告,0,媒体新闻,c,1
云南白药,这一年，陈发树的人生光谱色彩多样，登上胡润百富榜，成为福建首富；媒体称其还被国税总局调查漏税10亿元；22亿元入股云南白药，后遭反悔；捐赠83亿元有价证券，组建国内最大的慈善基金会――新华都慈善基金，但后又被媒体披露，这笔捐赠目前仍未全部兑现,0,媒体新闻,c,1
云南白药,　　如今，陈发树因为云南白药再次回到人们的关注视线,0,媒体新闻,c,1
云南白药,被质押的云南白药：陈发树的253亿资本棋局,0,媒体新闻,t,1
云南白药,　　近期，云南白药(行情000538，诊股)的混改进程再次引起业界注意,1,媒体新闻,c,1
云南白药,　　7月7日，云南白药（000538.SZ）发布实际控制人变更公告，大股东白药控股的股权结构为云南省国资委、新华都(行情002264，诊股)集团及江苏鱼跃分别持有其45%、45%、10%的股权,1,媒体新闻,c,1
云南白药,白药控股目前持有云南白药41.52%股份，为公司控股股东,1,媒体新闻,c,1
云南白药,虽然股权层面的变革都发生在上市公司控股股东层面，但业界认为，这是冲着云南白药进行的改革,1,媒体新闻,c,1
云南白药,　　不过这一变革也引起业界质疑，北京鼎臣医药管理咨询中心负责人史立臣告诉《投资者报》记者：“云南白药作为优质资产，应该早就被多家资本系盯上了，新华都和鱼跃在资本界和医疗界并非顶尖选择，不排除是其他资本对云南白药前景不看好，另外混改后股东之间互相制衡，不排除会发生控制权之争,1,媒体新闻,c,1
云南白药,”　　记者就相关问题致电云南白药公关部，对方向《投资者报》记者表示，关于股东的事宜上市公司不便答复,1,媒体新闻,c,1
云南白药,　　引入两大股东　　6月6日晚间，云南白药公告称，为推进混改并引进第三方投资者，江苏鱼跃科技发展有限公司拟单方面向公司控股股东云南白药控股有限公司增资56.38亿元,1,媒体新闻,c,1
云南白药,而云南白药控股股东的这次股改已经是第二次引入股东,1,媒体新闻,c,1
云南白药,在去年年底，云南白药已经表示引进新华都（002264.SZ）,1,媒体新闻,c,1
云南白药,　　2016年，云南白药公告称，控股股东白药控股拟通过增资方式引入新华都，新华都向白药控股增资约人民币254亿元,1,媒体新闻,c,1
云南白药,交易完成后，白药控股的股权结构将由云南省国资委持有其100%股权变更为云南省国资委和新华都各持有其50%股权，白药控股仍持有云南白药41.52%的股份，仍为公司的控股股东,1,媒体新闻,c,1
云南白药,2009年，陈发树宣布与红塔集团达成一笔股权交易，红塔集团向新华都转让云南白药12%的股权，交易价格为22亿元,1,媒体新闻,c,1
云南白药,2014年，陈发树上诉至最高人民法院，主张对云南白药12%的股权和收益，但最高人民法院终审判决陈发树败诉，红塔集团返还陈发树22亿元股权转让金及相应利息,1,媒体新闻,c,1
云南白药,　　此后，陈发树和他的新华都选择直接从二级市场上购买了云南白药大约4%的股票,1,媒体新闻,c,1
云南白药,　　2016年12月28日，云南白药的实际控制人云南省国资委、新华都及白药控股签署了《云南省人民政府国有资产监督管理委员会与新华都实业集团股份有限公司关于云南白药控股有限公司股权合作协议》，根据此协议，白药控股将50%股权转让给新华都,1,媒体新闻,c,1
云南白药,通过此举，陈发树直接间接持有云南白药25%股权,1,媒体新闻,c,1
云南白药,　　因新华都进入，4月份，云南白药发布两次《要约收购书》，表示因为股权结构发生重大变化，白药控股随后拟以每股64.98元的价格，向云南白药其他股东发出收购要约，但不会终止云南白药上市地位，但至要约收购期满，无股东接受要约价格,1,媒体新闻,c,1
云南白药,伴随吴光明扩张雄心的，还有一条绷紧的资金链，同时新华都2016年主营业务利润为负，也都考验股东对云南白药的支撑能力，并可能影响到云南白药未来的股权格局,1,媒体新闻,c,1
云南白药,　　多元化混改　　云南白药2016年年报显示，其当年实现营收224亿元，同比增约8%，净利润29亿元，同比增逾5%,1,媒体新闻,c,1
云南白药, 这样的数据放在A股只能算是中小体量，但在云南却属于核心上市公司之一，因此云南省对云南白药抱有相当大的期望,1,媒体新闻,c,1
云南白药,　　云南白药期望打造成为千亿级的医药企业，并希望向海外市场发展,1,媒体新闻,c,1
云南白药,云南白药对外称，混合所有制改革有利于探索在精准医疗、基因检测等大健康新兴业务领域布局的可能性,1,媒体新闻,c,1
云南白药,并且在年报中，云南白药也表示将进军大健康产业,1,媒体新闻,c,1
云南白药,　　新华都和江苏鱼跃超过300亿现金进入白药控股，使云南白药拥有雄厚的资本,1,媒体新闻,c,1
云南白药,云南白药在2016年也公开表示，其通过混改为白药控股引入的巨量资本，计划将产业布局拓展到涵盖医药产品、个人健康护理、中药资源、现代医疗及康复服务板块和健康食品板块五大重点业务领域,1,媒体新闻,c,1
云南白药,　　史立臣认为，目前国际医药企业都开始聚焦主业，剥离其他多元化业务时，云南白药开始寻求进入大健康等领域，这实际对主业并没有帮助,1,媒体新闻,c,1
云南白药,　　除了主业不聚焦外，云南白药股权问题也受到关注,1,媒体新闻,c,1
云南白药,在云南白药层面，大股东为新华都实际控制人陈发树，总控制股份比例为22.934%，第二大股东为云南省国资委，持股比例为18.684%，第三大股东为红塔集团，持股比例10%左右，第四大股东为中国平安(行情601318，诊股)(港股02318)人寿保险公司，持股9.36%，江苏鱼跃实际排第五，换算而成的持股比例为4.152%,1,媒体新闻,c,1
云南白药,一是可以获得更充足的资金用于运营；二是可以通过鱼跃医疗制衡云南白药实际上的第一大股东――新华都,1,媒体新闻,c,1
云南白药,鱼跃医疗以医疗器械起家，与药品是两个细分领域，入股云南白药能发挥的作用有限,1,媒体新闻,c,1
云南白药,云南白药混改 三国杀还是桃园结义？,1,媒体新闻,t,1
云南白药,国信证券股份有限公司关于2014年云南白药集团股份有限公司公司债券（第一期）和2016年云南白药集团股份有限公司公司债券（第一期）重大事项临时受托管理事务报告本报告依据《公司债券发行与交易管理办法》、《公司债券受托管理人执业行为准则》,2,媒体新闻,c,1
云南白药,一、债券基本情况经中国证券监督管理委员会“证监许可[2014]433号”文核准，云南白药集团股份有限公司（以下简称“发行人”、“公司”）获准公开发行面值总额不超过18亿元的公司债券,2,媒体新闻,c,1
云南白药,2014年10月20日，发行人成功发行2014年云南白药集团股份有限公司公司债券（第一期）（债券简称“14白药01”、债券代码“112229”），“14白药01”为7年期，附第5年末发行人上调票面利率选择权及投资者回售选择权，由发行人控股股东云南白,2,媒体新闻,c,1
云南白药,2016年4月12日，发行人成功发行2016年云南白药集团股份有限公司公司债券（第一期）（债券简称“16云白01”、债券代码“112364”），“16云白 01”为5年期，附第3年末发行人上调票面利率选择权及投资者回售选择权，由白药控股提供全额无条件不可撤销的连带责任保证担保，截至目前，本期债券尚在存续期内,2,媒体新闻,c,1
云南白药,二、控股股东暨担保人混合所有制改革事项进展云南省人民政府国有资产监督管理委员会（以下简称“云南省国资委”）、新华都实业集团股份有限公司（以下简称“新华都”）及云南白药控股有限公司于2016年12月28日签署了《云南省人民政府国有资产监督管理委员会与新华都实业集团股份有限公司关于云南白药控股有限公司股权合作协议》（以下简称“《股权合作协议》”）,2,媒体新闻,c,1
云南白药,本次交易价格以北京中同华资产评估有限公司云南分公司出具并经云南省国资委核准的《云南白药控股有限公司股东全部权益价值评估项目资产评估报告书》（[2016]第46号）确定的评估值为依据，按照国有资产监督管理的相关规定并经各方协商确定，新华都拟向白药控股增资约人民币254亿元,2,媒体新闻,c,1
云南白药,2017年2月27日，发行人接到控股股东暨担保人白药控股通知，担保人已收到中华人民共和国商务部反垄断局《不实施进一步审查通知》（商反垄初审函[2017]第39号），通知内容为：“根据《中华人民共和国反垄断法》第二十五条，经初步审查，现决定，对‘新华都实业集团股份有限公司收购云南白药控股有限公司案’不实施进一步审查，从即日起可以实施集中,2,媒体新闻,c,1
云南白药,根据云南省政府确定的《云南白药控股有限公司全面深化改革方案》（以下简称“《改革方案》”）以及《云南省人民政府关于云南白药控股有限公司混合所有制改革有关事项的批复》（云政复[2016]79号）（以下简称“《批复》”），本次改革拟分两步实施,2,媒体新闻,c,1
云南白药,2017年6月6日，白药控股召开2017年第三次临时股东会并作出决议，审议通过江苏鱼跃科技发展有限公司（以下简称“江苏鱼跃”）作为增资方取得白药控股10%股权的事项，并签署《云南省人民政府国有资产监督管理委员会及新华都实业集团股份有限公司与江苏鱼跃关于云南白药控股有限公司增资协议》（以下简称“《增资协议》”）等文件,2,媒体新闻,c,1
云南白药,白药控股的股权结构由云南省国资委与新华都各持有50%股权变更为云南省国资委、新华都、江苏鱼跃分别持有45%、45%、10%的股权，无任何一个股东能够实现对白药控股及云南白药的实际控制，白药控股及云南白药均变更为无实际控制人企业,2,媒体新闻,c,1
云南白药,综上所述，本次交易完成后，无任何一个股东能够实现对白药控股的实际控制，白药控股和云南白药均变更为无实际控制人企业,2,媒体新闻,c,1
云南白药,（本页以下无正文） （本页无正文，为《国信证券股份有限公司关于2014年云南白药集团股份有限公司公司债券（第一期）和2016年云南白药集团股份有限公司公司债券（第一期）重大事项临时受托管理事务报告》盖章页）国信证券股份有限公司年 月 日,2,媒体新闻,c,1
云南白药,[大事件]云南白药：国信证券股份有限公司关于2014年公司债券（第一期）和2016年公司债券（第一期）重大事项..,2,媒体新闻,t,1
云南白药,"<IMAGE SRC=""http://n.sinaimg.cn/finance/transform/20170701/_clq-fyhskrp9564371.png"" >　　云南白药种下话语权隐患　　混改后股权再度均衡　　■本报记者 张杰 北京报道　　历经近1年，备受关注的云南白药混改最终尘埃落定",3,媒体新闻,c,1
云南白药,　　6月28日，云南白药集团股份有限公司（下称云南白药）接到控股股东云南白药控股有限公司（下称白药控股）通知，白药控股办理完成增资的工商变更，白药控股和云南白药均变更为无实际控制人企业，各方股东均承诺持有的白药控股股份锁定6年,3,媒体新闻,c,1
云南白药,　　在云南白药强力度的混改之下，原国资控股的云南白药在江苏鱼跃的入股之后再度进入了平衡状态，如此均衡持股比例对于刚恢复高速增长的云南白药来说真的是利好吗,3,媒体新闻,c,1
云南白药,在混改画上句号的同时，云南白药也进入调整期,3,媒体新闻,c,1
云南白药,　　混改走完最后一道程序　　半年多的等待，云南白药大刀阔斧的混改最终圆满谢幕,3,媒体新闻,c,1
云南白药,　　6月28日晚，云南白药公告称，公司接到白药控股通知称，白药控股办理完成增资引入江苏鱼跃科技发展有限公司（下称江苏鱼跃）的工商变更登记并换领了新的营业执照,3,媒体新闻,c,1
云南白药,而白药控股和云南白药的实际控股人也由原来的云南省国资委变更为无实际控制人企业,3,媒体新闻,c,1
云南白药,　　云南白药表示，本次控股股东引进战略投资者，有助于该公司进一步调整体制，激活机制，建立市场化的公司治理体系,3,媒体新闻,c,1
云南白药,　　“此次云南白药的改革之所以能有如此的力度和速度，一方面源于政府的助力；而另一方面也是云南白药遭遇多次改革失败后的必然做法，而此次云南白药是想从根本上解决其未来发展的弊端,3,媒体新闻,c,1
云南白药,　　另有人士对记者分析说，此次江苏鱼跃入股云南白药的混改，在销售渠道上有较强的重合性和互补性，存在产业协同效应,3,媒体新闻,c,1
云南白药,　　不过，当日二级市场似乎对其并不看好，6月28日发布公告的当天，云南白药的走势开始下跌,3,媒体新闻,c,1
云南白药,　　调整步入深水区　　“因此次引入江苏鱼跃，白药控股办理完成增资的工商变更之后，其云南白药中高层的调整和现有渠道的重合也进入了深度调整期,3,媒体新闻,c,1
云南白药,　　其实，在今年4月中旬，云南白药控股有限公司混合所有制改革干部大会举行，云南省国资委负责人宣读了相关人员免职文件,3,媒体新闻,c,1
云南白药,　　今年5月，云南白药再发布公告称，公司董事陈德贤、路红东、杨勇提交书面辞职报告,3,媒体新闻,c,1
云南白药,　　“此举也证明，云南白药的调整也进入了深水区，而4月份的调整只是开始，而随着此次公司新董事的敲定，云南白药的高层调整将持续进行,3,媒体新闻,c,1
云南白药,　　埋下诸多隐患　　“虽然说此次深刻的混改长远看来对于云南白药的发展来说有重大利好，但由于此次改革的股权以及涉及多种资源的整合，其未来的发展不确定因素比较多,3,媒体新闻,c,1
云南白药,　　虽然在公司决策方面，云南白药相关负责人此前在接受媒体采访时曾表示，新华都以巨额资金来入股白药控股，肯定是与管理层达成一定协作，未来会安排一定的机制来规避相关事宜,3,媒体新闻,c,1
云南白药,　　“然而时至今日，云南白药并没有因为此事情而做出更多的说明，特别是调整之后的意见争议,3,媒体新闻,c,1
云南白药,”上述人士对记者表示，此举不仅仅让处于业绩上升期的云南白药留有悬念，而且还可能延迟云南白药的未来规划,3,媒体新闻,c,1
云南白药,　　“其实，对于云南白药来说，最要命的是两种不同体制的系统整合，如何能够在不影响其正常运营的情况下进行整合，这无疑是云南白药高层必须直面的现实问题,3,媒体新闻,c,1
云南白药,　　混改后调整重重的云南白药，是否会迎来此前预期的改变,3,媒体新闻,c,1
云南白药,云南白药种下话语权隐患 混改后股权再度均衡,3,媒体新闻,t,1
云南白药,　　原标题：云南白药变更为无实控人企业　　中国证券报记者 王维波　　云南白药6月28日晚公告，公司接到控股股东云南白药控股有限公司（以下简称“白药控股”）通知称：白药控股办理完成增资引入江苏鱼跃科技发展有限公司（以下简称“江苏鱼跃”）的工商变更登记并换领了新的营业执照,4,媒体新闻,c,1
云南白药,白药控股的股权结构由云南省国资委与新华都各持有50%股权变更为云南省国资委、新华都、江苏鱼跃分别持有45%、45%、10%的股权，无任何一个股东能够实现对白药控股及云南白药的实际控制，白药控股及云南白药均变更为无实际控制人企业,4,媒体新闻,c,1
云南白药,云南白药变更为无实控人企业助推混改市场化,4,媒体新闻,t,1
云南白药,　　公司聚焦　　云南白药(行情000538，诊股)　　变更为无实控人企业　　云南白药6月28日晚间公告，公司控股股东白药控股，已办理完成增资引入江苏鱼跃的工商变更登记，其注册资本由30亿元升至33.33亿元，云南省国资委、新华都(行情002264，诊股)、江苏鱼跃分别持有其45%、45%、10%的股权,5,媒体新闻,c,1
云南白药,白药控股和云南白药均变更为无实际控制人企业，原实控人为云南省国资委,5,媒体新闻,c,1
云南白药,　　中证注　　云南白药是国内中药行业龙头企业，医药产品和健康产品未来依然看点颇多，多家券商研报表示，本次国企混改后有望突破发展瓶颈，后续混改方案（如员工激励等）的出台可能加快,5,媒体新闻,c,1
云南白药,树立混改标杆！云南白药变更为无实控人企业,5,媒体新闻,t,1
云南白药,　　云南白药(行情000538，诊股)公告，公司控股股东白药控股，已办理完成增资引入江苏鱼跃的工商变更登记，其注册资本由30亿元升至33.33亿元，云南省国资委、新华都(行情002264，诊股)、江苏鱼跃分别持有其45%、45%、10%的股权,6,媒体新闻,c,1
云南白药,白药控股和云南白药均变更为无实际控制人企业，原实控人为云南省国资委,6,媒体新闻,c,1
云南白药,云南白药：变更为无实控人企业,6,媒体新闻,t,1
云南白药,围绕止血消肿核心概念，成功推出了云南白药牙膏，占据高端市场，还有透皮产品创口贴等,7,媒体新闻,c,1
云南白药,　　混改大胆尝试有利于市场化程度大幅提高　　十八届三中全会提出混合所有制改革，在云南白药做了大胆的尝试试点,7,媒体新闻,c,1
云南白药,　　作者 宏皓　　6月6日，云南白药公告称，为推进混改并引进第三方投资者江苏鱼跃科技发展有限公司，拟单方面向公司控股股东云南白药控股有限公司增资56.38亿元,8,媒体新闻,c,1
云南白药,　　作为云南地区国企混改标杆，云南白药此次的混改力度远超市场预期,8,媒体新闻,c,1
云南白药,　　据云南白药相关负责人介绍，从既往的国企混改案例来看，各界对改革后能否实现市场化决策的期望较低，致使民营资本参与改革的热情往往不高,8,媒体新闻,c,1
云南白药,自引入新华都后，白药控股的市场化治理结构已初步形成，公司董事、监事和高级管理人员均实现了以市场化原则聘任，任何人都不具有行政级别，尤其云南省国资委所提名的董事也是通过市场化方式选聘的经济管理领域专业人才，实现了由传统的“管资产”向“管资本”的转变，真正为云南白药建立了市场化的治理结构,8,媒体新闻,c,1
云南白药,　　云南白药称混改成为大健康产业布局的重大转折，例如精准医疗、个性化医疗、基因诊断、养生养老等,8,媒体新闻,c,1
云南白药,云南白药是国内中药行业龙头企业，医药产品和健康产品未来依然看点颇多,8,媒体新闻,c,1
云南白药,云南白药近几年产品结构优化速度放缓，除了传统产品，大健康布局方面，云南白药牙膏的成功并没有得到复制,8,媒体新闻,c,1
云南白药,另外，医药行业达到千亿级别的工业企业（如恒瑞），研发是重拳，但云南白药的研发水平在同行业中属于中等水平,8,媒体新闻,c,1
云南白药,　　云南白药怎样打造中药材及大健康产业集群呢,8,媒体新闻,c,1
云南白药,　　笔者认为，云南白药转型升级战略是：运用金融创新工具建立中药材产业及大健康产业集群,8,媒体新闻,c,1
云南白药,云南白药应该在几个适合的地区，成立市场化的产业基金，整合中药产业链的资源，打造中药材及大健康产业集群，让全国民众能享受到优质中药材及相关大健康产品，让民众的身体更加健康,8,媒体新闻,c,1
云南白药,【皓脉】云南白药“混改”能带来什么？,8,媒体新闻,t,1
云南白药,　　中国经济网编者按：6月6日云南白药(000538，股吧)发布公告称，为推进混改并引进第三方投资者，江苏鱼跃拟单方面向公司控股股东白药控股增资56.38亿元,9,媒体新闻,c,1
云南白药,这意味着，陈发树此番耗资254亿终于成功入主云南白药,9,媒体新闻,c,1
云南白药,　　事实上，自2009年至今，陈发树及其旗下公司新华都从未放弃过云南白药,9,媒体新闻,c,1
云南白药,　　2009年陈发树从红塔集团手中收购云南白药股份时，其支付的代价约为22亿,9,媒体新闻,c,1
云南白药,而在那之前的几个月内，陈发树曾大手笔减持了紫金矿业(601899，股吧)的股份套现近27亿，这笔钱中10多亿用来买云南白药,9,媒体新闻,c,1
云南白药,　　八年后，陈发树又卖出了千亩土地只为增资云南白药,9,媒体新闻,c,1
云南白药,陈发树与其旗下公司新华都为入主云南白药，真可谓是砸锅卖铁,9,媒体新闻,c,1
云南白药,　　该报道称，陈发树斥资254亿增资取得白药控股50%股份这一股权转让交易信息透露出：陈发树认可了云南白药的股权估值高达1222.06亿元,9,媒体新闻,c,1
云南白药,但事实上，上述股权转让停牌之时，云南白药的总市值为721亿元,9,媒体新闻,c,1
云南白药,也就是说，陈发树的出价比云南白药停牌前贵了501.06亿元,9,媒体新闻,c,1
云南白药,　　还有分析指出，在新华都的原有产业中，连经营终端消费品的品牌都没有，在业务上能与云南白药产生战略协同的空间看起来并不大,9,媒体新闻,c,1
云南白药,　　中国经济网记者致电云南白药采访，但电话无人接听,9,媒体新闻,c,1
云南白药,　　鱼跃医疗大股东56亿入股云南白药　　据证券时报报道，6月6日晚间，云南白药(000538)公告，为推进混改并引进第三方投资者，江苏鱼跃科技发展有限公司(简称“江苏鱼跃”)拟单方面向公司控股股东云南白药控股有限公司(简称“白药控股”)增资56.38亿元,9,媒体新闻,c,1
云南白药,　　作为云南地区国企混改标杆，云南白药此次的混改力度远超市场预期,9,媒体新闻,c,1
云南白药,　　据新财富杂志报道，豪掷253.7亿元巨资，取得上市公司云南白药的控股股东白药控股的50%股权，陈发树的魄力之大，令外界颇为侧目,9,媒体新闻,c,1
云南白药,这一股权转让交易信息透露出：一白药控股的整体估值达到了507.4亿元；二，陈发树以253.7亿元间接取得了云南白药20.76%的股份，这意味着陈发树认可了云南白药的股权估值高达1222.06亿元,9,媒体新闻,c,1
云南白药,　　但事实上，上述股权转让停牌之时，云南白药的总市值为721亿元,9,媒体新闻,c,1
云南白药,也就是说，陈发树的出价比云南白药停牌前贵了501.06亿元,9,媒体新闻,c,1
云南白药,一是云南白药的分红收益,9,媒体新闻,c,1
云南白药,透过上述持股关系，云南白药红利的41.52%将分至白药控股，陈发树将取得其中的一半,9,媒体新闻,c,1
云南白药,　　不过，白药控股更像是为持有云南白药而专门设立的上层控股平台，并非经营实体,9,媒体新闻,c,1
云南白药,同期的云南白药总资产为214.74亿元，净资产141.96亿元；营业收入104.52亿元，净利润13.88亿元,9,媒体新闻,c,1
云南白药,　　由于白药控股财报由上市公司云南白药合并而成，上述数据对比表明，剔除上市公司云南白药板块的资产，截至2016年上半年，白药控股的之外资产仅有73.32亿元，之外的净资产仅有16.6亿元；白药控股仅有0.84亿元营业收入，净利润仅有0.09亿元,9,媒体新闻,c,1
云南白药,　　既然如此，陈发树入股白药控股的最直接投资收益应该体现在云南白药的分红,9,媒体新闻,c,1
云南白药,随着经营业绩改善，云南白药的分红情况势必进一步提升,9,媒体新闻,c,1
云南白药,这意味着，云南白药的业绩效益能否做上去，直接决定陈发树的投资收益状况,9,媒体新闻,c,1
云南白药,　　与其他上市公司相比，云南白药的分红频率很高,9,媒体新闻,c,1
云南白药,　　或许，从陈发树上一次收购云南白药的尝试中可以发现一些线索,9,媒体新闻,c,1
云南白药,彼时在2009年陈发树从红塔集团手中收购云南白药股份时，其支付的代价约为22亿,9,媒体新闻,c,1
云南白药,这笔钱中约有10多亿用来买云南白药,9,媒体新闻,c,1
云南白药,新华都砸锅卖铁买贵了云南白药 资本逐利与实业咋和睦,9,媒体新闻,t,1
云南白药,　　30余年商战几乎每次都绝处逢生、因祸得福，从搬运工、杂货店主，到超200亿身家福建首富，花254亿“吃下”云南白药……　　仅小学四年级学历的陈发树，总似如有神助每次都能被逼着“赌赢”，创富经历神秘又“离奇”,10,媒体新闻,c,1
云南白药,　　但到2009年收购云南白药股份，唐骏却为陈发树埋下了一颗地雷,10,媒体新闻,c,1
云南白药,　　2009年，陈发树与云南白药第二大股东红塔集团（国企）与签订《股权转让协议》，陈发树以22亿元收购红塔集团持有的云南白药12.32%的股份,10,媒体新闻,c,1
云南白药,　　之所以否定这交易，当然是因为云南白药两年猛涨啊,10,媒体新闻,c,1
云南白药,陈发树要回了自己的22亿的本金利息，却与云南白药失之交臂,10,媒体新闻,c,1
云南白药,　　05　　就在人们以为陈发树白忙活一场，与云南白药有缘无分时，陈发树却像个痴情种，从未死心,10,媒体新闻,c,1
云南白药,　　拥有悠久历史、质地良好的云南白药，让陈发树情有独钟,10,媒体新闻,c,1
云南白药,　　“搞不定儿子，就干脆搞定老子”，在与红塔集团的诉讼中铩羽而归，陈发树干脆直捣黄龙，与云南白药的第一大股东白药控股做了交易,10,媒体新闻,c,1
云南白药,　　这意味着，陈发树及其旗下新华都将直接及间接控制云南白药25%的股份，他终于如愿以偿，“曲线”入主了云南白药,10,媒体新闻,c,1
云南白药,　　从2009年花22亿买云南白药12.32%的股份，到被法院判决股权退回，再到终于成为云南白药第一大股东，陈发树一共用了8年，付出的代价是254亿的高价与漫长诉讼,10,媒体新闻,c,1
云南白药,参考资料：《陈发树诉红塔集团案庭审直击 陈发树争什么》 来源: 新华网《被低估的陈发树》 来源:南方人物周刊《陈发树：首富的烦心事儿》来源：钱江晚报《陈发树时隔8年 254亿高价收购云南白药的背后》来源：创富圈《7年254亿元 陈发树和云南白药终于在一起了 》来源：创业邦《小学没念完的这个泉州人，如何成为首富级人物，还让“打工皇帝”俯首称臣》来源：华商韬略,10,媒体新闻,c,1
云南白药,离奇！这位首富小学没毕业，254亿“鲸吞”千亿云南白药！,10,媒体新闻,t,1
云南白药,截至发稿，云南白药涨5.5%，上海机场、五粮液、美的集团、格力电器、东阿阿胶、南方航空、复星医药、雅戈尔等股均有不错表现,11,媒体新闻,c,1
云南白药,白马股卷土重来 云南白药大涨5.5%,11,媒体新闻,t,1
云南白药,截至发稿，云南白药大涨6%，上海机场、东阿阿胶、南方航空、五粮液、格力电器、复星医药、美的集团、雅戈尔等白马股均有不同幅度拉升,12,媒体新闻,c,1
云南白药,　　新浪财经投资易显示，云南白药当前主力净流入：6088.75万,12,媒体新闻,c,1
云南白药,快讯：白马股持续走强 云南白药大涨6%,12,媒体新闻,t,1
云南白药,　　云南白药控股股东云南白药控股有限公司(以下简称“白药控股”)的混改进程又迈出了实质性的一步,13,媒体新闻,c,1
云南白药,6月7日消息，云南白药发布公告称，将通过增资方式引入江苏鱼跃科技发展有限公司(以下简称“江苏鱼跃”),13,媒体新闻,c,1
云南白药,　　对于江苏鱼跃的入局，云南白药方面表示，本次交易完成后，白药控股仍持有公司41.52%的股份，仍为公司的控股股东,13,媒体新闻,c,1
云南白药,云南白药混改引进第三方股东,13,媒体新闻,t,1
云南白药,"<IMAGE SRC=""http://hqpick.eastmoney.com/k/0005382.png"" >　　云南白药新发公告称，其控股股东云南白药控股拟通过增资方式引入江苏鱼跃科技发展有限公司，本次交易完成后，白药控股的股权结构将云南省国资委和新华都各持有其50%的股权变更为云南省国资委、新华都及江苏鱼跃分别持有其45%、45%、10%的股权",14,媒体新闻,c,1
云南白药,据了解，白药控股仍然持有上市公司云南白药的41.52%的股份，仍为其控股股东,14,媒体新闻,c,1
云南白药,　　作为医药界“混改”旗帜之一，云南白药迈的步子远超市场预期，其股价今年连创新高，一度上破90元，市值突破900亿元,14,媒体新闻,c,1
云南白药,　　今年3月，昔日“冤家”陈发树控制的新华都集团完成对白药控股单方面增资约254亿元，取得白药控股50%股权；而此番江苏鱼跃则是其“混改”后引入的第二名战略合作伙伴，云南白药称新伙伴与公司自身业务没有竞争关系，二者反而可以力争实现产业协同效应,14,媒体新闻,c,1
云南白药,云南白药“混改”新添明星股,14,媒体新闻,t,1
云南白药,　　云南白药最新消息：起手无回，混改再进　　云南白药(000538)　　江苏鱼跃增资入股白药控股　　6 月 6 日晚公司公告，控股股东白药控股拟引入江苏鱼跃(鱼跃医疗的第一大股东兼实际控制人)作为战略投资,15,媒体新闻,c,1
云南白药,云南白药最新消息：起手无回，混改再进,15,媒体新闻,t,1
云南白药,云南白药（000538.SZ）控股股东云南白药控股有限公司（下称白药控股）混改又取得了新进展,16,媒体新闻,c,1
云南白药,6月6日晚，云南白药公告称，白药控股拟通过增资方式引入江苏鱼跃科技发展有限公司（下称江苏鱼跃）,16,媒体新闻,c,1
云南白药,根据云南白药官网，白药控股董监高人选按市场化方式选聘，同时将取消行政级别,16,媒体新闻,c,1
云南白药,本次交易完成后，白药控股扔持有云南白药41.52%的股份，仍为公司的控股股东,16,媒体新闻,c,1
云南白药,此次交易还约定，除通过白药控股间接持有云南白药股份外，云南省国资委、新华都、江苏鱼跃及其各自的一致行动人和关联方直接或间接持有的云南白药股份及通过协议或其他方式可以实际支配的云南白药的股份比例均合计不得达到或超过云南白药届时已发行股份总数的5%,16,媒体新闻,c,1
云南白药,此次白药控股混改在去年12月底正式签约启动，近半年时间内“大尺度”的混改进度远超市场预期，这也使得云南白药在资本市场上倍受投资者青睐,16,媒体新闻,c,1
云南白药,云南白药作为白药控股的核心资产，随着混改的推进，未来有望从中受益,16,媒体新闻,c,1
云南白药,公司表示，这将促进云南白药在全国生物医药和大健康产业中发挥示范作用，同时增强新的资源整合能力，可以充分借助国有资产和民营资本的优势，以真正的市场竞争主体向千亿级企业目标进发,16,媒体新闻,c,1
云南白药,国内医疗影像龙头公司56亿元入局 云南白药控股股东混改超预期,16,媒体新闻,t,1
云南白药,云南白药：引入江苏鱼跃混改更进一步,17,媒体新闻,t,1
云南白药,"""http://chart.jrjimg.cn/pngdata/kpic/pic430/002223.png"" >185 位投资顾问已告知鱼跃医疗(002223)后市如何操作立即查看　　6月6日晚间，云南白药(行情000538，诊股)公告，为推进混改并引进第三方投资者，江苏鱼跃医疗(行情002223，诊股)科技发展有限公司（以下简称“江苏鱼跃”）拟单方面向公司控股股东云南白药控股集团有限公司（以下",18,媒体新闻,c,1
云南白药,鱼跃医疗实控人吴光明又搞事情 56亿参与云南白药混改,18,媒体新闻,t,1
云南白药,"<IMAGE SRC=""http://chart.jrjimg.cn/pngdata/kpic/pic430/000538.png"" >75 位投资顾问已告知云南白药(000538)后市如何操作立即查看　　云南白药(行情000538，诊股)的控股股东云南白药控股有限公司拟通过增资方式引入江苏鱼跃科技发展有限公司（鱼跃医疗(行情002223，诊股)第一大股东",19,媒体新闻,c,1
云南白药,云南白药控股股东获江苏鱼跃增资56.38亿元,19,媒体新闻,t,1
云南白药,　　云南白药0005386日晚公告，为推进混改并引进第三方投资者，江苏鱼跃科技发展有限公司拟单方面向公司控股股东云南白药控股有限公司增资56.38亿元，实现实现云南国资委、新华都002264和江苏鱼跃分别持有白药控股45%、45%、10%股权的目的,20,媒体新闻,c,1
云南白药,云南白药：鱼跃医疗实控人旗下企业拟逾56亿入资白药控股,20,媒体新闻,t,1
云南白药,创意图片/新京报记者 王远征　　5月18日，标示为云南白药集团股份有限公司中药饮片分公司生产的土鳖虫被检查发现性状不合格,21,媒体新闻,c,1
云南白药,　　事实上，云南白药今年前5个月，旗下产品已经三次被国家食药监总局通报不合格，被相关部门采取查封扣押等控制措施,21,媒体新闻,c,1
云南白药,云南白药控股有限公司拟通过增资方式引入新华都实业集团股份有限公司，新华都拟向白药控股增资约人民币254亿元，持股比例50%,21,媒体新闻,c,1
云南白药,更重要的是，新华都并非医药行业从业者，除了资本层面，云南白药旗下主营产品恐怕难以从中借力，千亿市场目标存疑,21,媒体新闻,c,1
云南白药,” 　　1　今年药品已3次查出不合格　　新京报记者梳理国家食药监总局药品抽检报告发现，2017年以来，云南白药旗下产品已经3次进入黑名单,21,媒体新闻,c,1
云南白药,　　最近的一次为5月18日，经上海市食品药品检验所检验，标示为云南白药集团股份有限公司中药饮片分公司生产的土鳖虫被检查发现性状不合格,21,媒体新闻,c,1
云南白药,　　此外，今年1月，国家食药监总局公布中药材及饮片专项抽验结果通告，云南白药旗下产品“榜上有名”,21,媒体新闻,c,1
云南白药,经四川省食品药品检验检测院检验，标示为云南白药集团股份有限公司中药饮片分公司生产的黄连检出金胺O，存在染色问题，同时部分批次产品还存在总灰分、水分或含量测定不符合规定情况,21,媒体新闻,c,1
云南白药,　　今年4月20日，国家食药监总局发布33批次中药饮片不合格的通告，其中经安徽省食品药品检验研究院检验，标示为云南白药集团股份有限公司中药饮片分公司生产的菊花性状不合格,21,媒体新闻,c,1
云南白药,　　值得注意的是，先后3次登上质量黑榜的药品均由云南白药集团股份有限公司中药饮片分公司生产,21,媒体新闻,c,1
云南白药,在今年4月份被通报药品不合格后，新京报记者曾致电云南白药集团股份有限公司，工作人员称，由于是下属子公司发生的事，并不掌握相关信息，将先同子公司了解情况后再给予回复,21,媒体新闻,c,1
云南白药,就旗下产品屡现质量问题及停产等举措造成的影响，新京报记者再次致电云南白药集团股份有限公司中药饮片分公司，电话一直无人接听,21,媒体新闻,c,1
云南白药,　　2　曾被指硫磺熏蒸浙贝做原料　　不仅今年如此，近年来云南白药产品不合格也屡屡被媒体曝光,21,媒体新闻,c,1
云南白药,如2007年湖北药监通报云南白药“田七花叶颗粒”、“热毒清片”不合格；2008年“云南白药创可贴”属擅自篡改审批内容、发布违规药品广告；2009年云南白药“开胸消食片”不合格；2012年曝出云南白药胶囊水分项目不合格；2015年云南白药雾霾防护口罩的过滤效率最低,21,媒体新闻,c,1
云南白药,　　2016年5月，有媒体披露，“小儿宝泰康颗粒”用硫磺熏蒸过的浙贝作为原料，很多成品药中被检测出较高的硫磺含量，其中就包括云南白药生产的小儿宝泰康颗粒,21,媒体新闻,c,1
云南白药,　　对于媒体报道，云南白药发布公告称，公司药品生产完全符合药品生产质量管理规范GMP的要求,21,媒体新闻,c,1
云南白药,　　云南白药认为，对方依据的是西安国联质量检测技术有限公司的检测结果，其标准依据为GB3150-2010，适用于使用工业硫磺经加工、处理、提纯制得的食品添加剂硫磺,21,媒体新闻,c,1
云南白药,”　　3　中等水平的研发投入 恐难撑起千亿级目标　　除了产品质量问题，今年云南白药面临更多的是“混改”后的转型难题,21,媒体新闻,c,1
云南白药,　　持续一段时间的云南白药“混改”（混合所有制改革）已经落下帷幕,21,媒体新闻,c,1
云南白药,云南白药官网显示，今年4月中旬，云南白药控股有限公司混合所有制改革干部大会举行，云南省国资委负责人宣读了相关人员免职文件,21,媒体新闻,c,1
云南白药,这也标志着云南白药控股混合所有制改革已按程序完成所有重大改制步骤,21,媒体新闻,c,1
云南白药,　　早在2016年12月，云南白药就发布公告称，公司控股股东云南白药控股有限公司拟通过增资方式引入新华都实业集团股份有限公司（以下简称新华都），新华都拟向云南白药控股增资约人民币254亿元，持股比例50%,21,媒体新闻,c,1
云南白药,值得注意的是，新华都持有的是云南白药控股的50%,21,媒体新闻,c,1
云南白药,由于云南白药控股占云南白药的股份为41.52%，这也就意味着，新华都用了254亿元获得了上市公司云南白药的20.76%的股份,21,媒体新闻,c,1
云南白药,　　官网消息显示，混改“将推动云南白药在全国生物医药和大健康产业中发挥示范作用，同时增强新的资源整合能力，让云南白药控股可以充分借助国有资产和民营资本的优势，以真正的市场竞争主体向千亿级企业目标进发,21,媒体新闻,c,1
云南白药,”　　云南白药称混改成为大健康产业布局的重大转折，如精准医疗、个性化医疗、基因诊断、养生养老等,21,媒体新闻,c,1
云南白药,医药上市药企目前仅研发型药企恒瑞医药市值超千亿，在布局大健康的战略下，云南白药市值能否突破千亿备受关注,21,媒体新闻,c,1
云南白药,广发证券研报也认为，云南白药是国内中药行业龙头企业，医药产品和健康产品未来依然看点颇多，本次国企混改后有望突破发展瓶颈,21,媒体新闻,c,1
云南白药,在工业层面，“进军千亿还是相当困难的，云南白药近几年产品结构优化速度放缓，除了传统产品，大健康布局方面，云南白药牙膏的成功并没有得到复制,21,媒体新闻,c,1
云南白药,”另外，医药行业达到千亿级别的工业企业（如恒瑞），研发是重拳，但云南白药的研发水平在同行业中属于中等水平,21,媒体新闻,c,1
云南白药,　　研发投入方面，与2015年相比，云南白药2016年研发投入金额及研发投入占营业收入比例就出现了“双降”,21,媒体新闻,c,1
云南白药,　　4　“混改”后谁来决策云南白药尚不明朗　　在云南省的上市企业中，云南白药具有重要地位,21,媒体新闻,c,1
云南白药,在2016年所有的云南上市公司中，云南白药利润最高，云南白药的混改是目前国有企业混合所有制改革中，金额最大，股权占比最高的一桩混改案例,21,媒体新闻,c,1
云南白药,在中药类上市企业2016年营收排名方面，云南白药以超过224亿元的营收排名首位，以29亿元的净利润排名中药上市企业第2位,21,媒体新闻,c,1
云南白药,今年一季度，云南白药实现销售收入59.09亿元，同比增14.28%，扣非后净利润6.94亿元，同比增长15.24%,21,媒体新闻,c,1
云南白药,云南白药称此次控股股东混改的主要目的在于理顺体制、激活机制,21,媒体新闻,c,1
云南白药,　　云南白药相关负责人此前在接受媒体采访时曾表示，新华都以巨额资金来入股白药控股，肯定是与管理层达成一定协同，未来会安排一定的机制来规避相关事宜,21,媒体新闻,c,1
云南白药,”　　就具体的协调机制，新京报记者向云南白药方面求证，截至发稿时，尚未得到答复,21,媒体新闻,c,1
云南白药,　　而在新华都董事长陈发树成为云南白药第一大股东后，白药控股的人事安排发生了变化,21,媒体新闻,c,1
云南白药,　　紧接着，今年5月，云南白药发布公告，公司董事陈德贤、路红东、杨勇提交书面辞职报告,21,媒体新闻,c,1
云南白药,　　在5月26日的股东大会上，王建华与邱晓华被提名增补为云南白药第八届董事会非独立董事,21,媒体新闻,c,1
云南白药, 今年三上质量黑榜 云南白药摊上事儿了...,21,媒体新闻,t,1
云南白药,　　陈发树入主云南白药60天崭新高管层亮相　　张晓晖　　2017年5月26日，虽然新华都实业集团股份有限公司（下称“新华都”）董事长陈发树没有亲临云南白药（000538.SZ）年度股东大会现场，但他仍然是参会者们议论的焦点人物,22,媒体新闻,c,1
云南白药,　　两个月之前，新华都对云南白药控股有限公司（下称“白药控股”）增资253.7亿元，取得了白药控股50%的股权,22,媒体新闻,c,1
云南白药,白药控股的核心资产是市值接近千亿的云南白药，其以41.52%持股为后者的第一大股东,22,媒体新闻,c,1
云南白药,新华都此番增资白药控股后，加上此前其持有云南白药3.39%的股权，以及陈发树以自然人身份持有云南白药0.86%的股权，这意味着，陈发树已经是云南白药的第一大股东,22,媒体新闻,c,1
云南白药,　　5月26日，来自天南地北的近百位投资者参加云南白药年度股东大会，大家最关心的一个问题就是：“陈发树会带来什么样的改变,22,媒体新闻,c,1
云南白药,”　　八年恩怨，一朝梦成　　陈发树和他的新华都，在云南白药的股权问题上，已经整整纠缠了8年,22,媒体新闻,c,1
云南白药,　　2009年，陈发树与云南烟草巨头――红塔集团达成一笔股权交易：红塔集团向新华都转让云南白药12%的股权，交易价格是22亿元人民币,22,媒体新闻,c,1
云南白药,　　2014年，陈发树诉至最高人民法院，主张对云南白药12%的股权和收益，但最高人民法院终审判决陈发树败诉，红塔集团返还陈发树22亿元股权转让金及相应利息,22,媒体新闻,c,1
云南白药,　　此后，陈发树展现出民营企业家异常坚韧的性格，陈发树和他的新华都，选择直接从二级市场上购买了云南白药大约4%的股票,22,媒体新闻,c,1
云南白药,7月，云南白药公告停牌，称公司实际控制人云南省国有资产监督管理委员会（下称“云南省国资委”）正在筹划与白药控股相关的重大事项，以推白药控股开展混合所有制改革相关工作,22,媒体新闻,c,1
云南白药,　　2016年12月28日，云南白药的实际控制人云南省国资委、新华都及白药控股签署了《云南省人民政府国有资产监督管理委员会与新华都实业集团股份有限公司关于云南白药控股有限公司股权合作协议》（下称“《股权合作协议》”）,22,媒体新闻,c,1
云南白药,　　8年前，陈发树拿22亿元没买到云南白药12%的股权；8年之后，陈发树又来了，他拿出了254亿元，成为了云南白药第一大股东,22,媒体新闻,c,1
云南白药,　　陈发树这一次买云南白药的股权，比上一次顺利多了,22,媒体新闻,c,1
云南白药,因为股权结构发生重大变化，白药控股随后以每股64.98元的价格，向云南白药其他股东发出要约收购，但至要约收购期满，无股东接受要约价格,22,媒体新闻,c,1
云南白药,　　至此，陈发树在云南白药打出了一个漂亮的翻身仗,22,媒体新闻,c,1
云南白药,　　邱晓华是云南白药现场出席的新华都方面高级管理人员,22,媒体新闻,c,1
云南白药,作为新华都方面的代表，王建华与邱晓华被提名增补为云南白药第八届董事会非独立董事,22,媒体新闻,c,1
云南白药,　　至此，陈发树在白药控股，和云南白药的人事布局均告完毕,22,媒体新闻,c,1
云南白药,　　在媒体面前，陈发树低调，从不接受采访，就算是拿下云南白药成为最大的股东之后，也坚持不出席年度股东会，避免与公众接触，保持其一贯的富豪神秘感,22,媒体新闻,c,1
云南白药,　　被推至台前的云南白药总经理尹品耀，在回答投资者提问时，诚恳相告，“我只能回答云南白药的问题，至于新华都方面的问题，以及他们的打算，我回答不了,22,媒体新闻,c,1
云南白药,　　2017年4月底，陈发树的老对手――红塔集团被合并吸收之后，持有云南白药11%股权的云南云和（集团）股份有限公司公布了减持计划：自公布减持计划之日起15个交易日后的3个月内，通过大宗交易或者集中竞价方式，减持1040万股云南白药（不超过总股本的1%）,22,媒体新闻,c,1
云南白药,　　在2016年所有的云南上市公司中，云南白药是业绩最好，利润最高的一家上市公司，云南白药的混改是目前国有企业混合所有制改革中，金额最大，股权占比最高的一桩混改案例,22,媒体新闻,c,1
云南白药,　　云南白药2017年一季报实现销售收入59.09亿元，同比增14.28%；扣非后净利润6.94亿元，同比增长15.24%,22,媒体新闻,c,1
云南白药,　　广发证券研报中认为，云南白药是国内中药行业龙头企业，医药产品和健康产品未来依然看点颇多，本次国企混改后有望突破发展瓶颈,22,媒体新闻,c,1
云南白药,　　至6月2日，云南白药的股价在90元附近徘徊，正在向千亿市值发起挑战,22,媒体新闻,c,1
云南白药,陈发树成云南白药第一大股东：入主60天变更全部董事,22,媒体新闻,t,1
云南白药,　　全景网5月31日讯 云南白药（000538）在最新发布的《投资者关系活动记录表》中透露，目前通过委托加工等多种方式部署，困扰牙膏发展的产能问题基本得到缓解，未来，通过健康产业园的建设，牙膏的产能将得到全面解决,23,媒体新闻,c,1
云南白药,　　云南白药同时表示，现在云南白药牙膏的市场占有率处在第二位，通过进一步丰富产品品规和扩大消费者覆盖范围，牙膏业务将保持健康发展,23,媒体新闻,c,1
云南白药,[公司]云南白药：通过委托加工等方式解决牙膏产能问题,23,媒体新闻,t,1
云南白药,　　新华网北京5月26日电（王坤朔）5月26日，“为中国品牌点赞”――2017中国品牌高峰论坛在京举办，云南白药集团股份有限公司入选2017年中国品牌100强,24,媒体新闻,c,1
云南白药,　　1902年，彝族名医曲焕章集中华传统医学与民族医药之大成，创制云南白药,24,媒体新闻,c,1
云南白药,问世百余年来，云南白药享有“伤科圣药”、“药冠南滇”的美誉，成为云南省十户重点大型企业、云南省百强企业，也是首批国家创新型企业，云南白药商标被评为中国驰名商标，是公众喜爱的中华老字号品牌,24,媒体新闻,c,1
云南白药,2016年发布的胡润品牌榜，云南白药以226亿元的品牌价值位列医药保健品行业榜首,24,媒体新闻,c,1
云南白药,云南白药这个老祖宗留下的“金字招牌”一直以来都是获得消费者信任的动力之一,24,媒体新闻,c,1
云南白药,　　据云南白药2016年年报显示，实现营业收入224.11亿元，较去年同期增长16.73亿元，增幅为8.06%，经营业绩再次刷新历史纪录，管理效率、盈利能力和发展质量稳定提升,24,媒体新闻,c,1
云南白药,　　据了解， 云南白药作为传统中医药，研发一直围绕云南民族药、云南特色植物药进行,24,媒体新闻,c,1
云南白药,把云南药用植物资源和现代消费需求结合，是云南白药融入现代健康生活的转型方式,24,媒体新闻,c,1
云南白药,　　据悉，云南白药集团正致力打造医药全产业链，业务涵盖中药资源、中西药原料/制剂、个人护理产品、原生药材、商业流通等领域，产品以云南白药系列、天然药物系列及健康护理系列为主，共19个剂型、300余个品种，是拥有两个国家一级中药保护品种（云南白药散剂、云南白药胶囊）、拥有发明专利92项、实用新型21项、外观设计161项的大型现代化制药集团,24,媒体新闻,c,1
云南白药,云南白药入选2017年中国品牌100强,24,媒体新闻,t,1
云南白药,00519，买入)、长江电力(行情600900，买入)、福耀玻璃(行情600660，买入)、济川药业(行情600566，买入)、立讯精密(行情002475，买入)、泸州老窖(行情000568，买入)、云南白药(行情000538，买入)、美的集团(行情000333，买入)、五粮液(行情000858，买入)、海康威视(行情002415，买入)、大华股份(行情002236，买入)等14股盘中创出历史新高,25,媒体新闻,c,1
云南白药,贵州茅台、云南白药等14股创历史新高,25,媒体新闻,t,1
云南白药,　　中国证券网讯 23日早盘，银行、保险、白酒、医药等部分白马股表现抢眼，中国平安（601318）股价创阶段新高，盘中最高触及44.18元；贵州茅台（600519）股价再创历史新高，盘中最高触及450.80元；招商银行（600036）股价创2008年以来新高，最高报21.94元；云南白药（000538）盘中再创历史新高，最高报91.88元,26,媒体新闻,c,1
云南白药,白马股表现抢眼 云南白药创历史新高,26,媒体新闻,t,1
云南白药,云南白药（000538）今日盘中再创历史新高，最高报91.88元,27,媒体新闻,c,1
云南白药,吃药喝酒行情再现 云南白药创历史新高,27,媒体新闻,t,1
云南白药,　　全景网5月19日讯 云南白药（000538）在最新披露的《投资者关系活动记录表》中表示，公司卫生巾业务发展持续向好，品牌、产品、渠道的改革、探索和调整均取得一定成效,28,媒体新闻,c,1
云南白药,[公司]云南白药：卫生巾产品探索微商等销售渠道,28,媒体新闻,t,1
云南白药,　　全景网5月19日讯 云南白药（000538）在最新披露的《投资者关系活动记录表》中表示，养元青市场培育取得一定成效，销售规模同比保持增长态势，2016年推出淘米水、玫瑰精油和薰衣草精油等三个新产品，进一步扩大了目标消费人群覆盖范围,29,媒体新闻,c,1
云南白药,　　养元青，全称云南白药养元青头皮护理洗发乳，是国内首款以头皮健康管理专家定位的洗发产品,29,媒体新闻,c,1
云南白药,[公司]云南白药：养元青淘米水等新品推出扩大了目标消费人群,29,媒体新闻,t,1
云南白药,　　中国网财经5月18日讯 今天，国家食药监局发布通告，北京同仁堂（亳州）饮片有限责任公司、云南白药集团股份有限公司中药饮片分公司、四川青神康华制药有限公司等62家企业生产的71批次中药饮片不合格,30,媒体新闻,c,1
云南白药,药饮片有限公司、湛江市嘉辉药业有限公司、广西贵港市神农药业有限公司、海南国瑞堂中药制药有限公司、四川千方中药饮片有限公司、四川景程中药饮片有限责任公司、成都仁济宏药业有限公司、成都市益诚药业有限公司、云南白药集团股份有限公司中药饮片分公司、昆明道地中药饮片厂、青海南北药业有限公司、青海九康中药饮片有限公司等企业生产的40批次土鳖虫不合格,30,媒体新闻,c,1
云南白药,62家企业71批次中药饮片不合格 同仁堂、云南白药“上榜”,30,媒体新闻,t,1
云南白药,"<IMAGE SRC=""http://e.thsi.cn/img/a8843cd83207140e-1"" >　　云南白药（000538）官网发布公告，提议将邱晓华等三人作为该公司第八届董事会增补董事候选人，提交2016年年度股东大会审议",31,媒体新闻,c,1
云南白药,邱晓华或出任云南白药第八届董事会董事,31,媒体新闻,t,1
云南白药,"朱姝<IMAGE SRC=""http://epaper.yzwb.net/images/2017-05/16/A16/res11_attpic_brief.jpg"" >　　云南白药、益丰大药房、恒泰人民大药房领导共同宣布“爱跑538”南京站报名正式启动<IMAGE SRC=""http://epaper.yzwb.net/images/2017-05/16/A16/res",32,媒体新闻,c,1
云南白药,  两种赛程、丰厚奖金，“爱跑538”来了  记者了解到，“爱跑538” 健康跑是云南白药回馈社会、服务社会的重要渠道和平台,32,媒体新闻,c,1
云南白药,据主办方介绍，除了设置万元现金竞赛奖，还将随机抽取500名幸运名次奖获得云南白药超值礼包,32,媒体新闻,c,1
云南白药,为每位参赛者配备“豪华赛包”，除常规的赛服、号码布外，还将配备云南白药运动呵护包，包中既有适于运动使用的气雾剂、创可贴、冰袋等应急产品，也有适合日常使用的白药膏等明星产品,32,媒体新闻,c,1
云南白药,  为更好地服务参赛者，回馈大众，把悉心呵护带给每一个参赛成员及家庭，云南白药还创新提出了“生活健康吧”免费健康补给站、名人分享沙龙、健康讲座、跑团联动活动，全面丰富全民健康服务计划,32,媒体新闻,c,1
云南白药,    现场为环卫工人捐赠云南白药明星产品  发布会现场，云南白药集团领导与益丰大药房、恒泰人民大药房共同签署了《爱跑538南京站启动战略合作备忘》,32,媒体新闻,c,1
云南白药,从品牌诞生以来，云南白药集团始终坚持公益事业，先后发起并参与多项公益活动,32,媒体新闻,c,1
云南白药,在南京新闻发布会举行的同时，云南白药与益丰、恒泰人民两大药房爱心公益行动小组也分别在南京和常州举行了云南白药爱跑538健康跑爱心公益捐赠活动,32,媒体新闻,c,1
云南白药,考虑到夏日酷暑即将来临，环卫工人穿梭大街小巷辛勤工作，公益行动小组特别准备了云南白药藿香正气水等明星产品，传递出云南白药及两大药房为大众送上健康与快乐的温暖慰问,32,媒体新闻,c,1
云南白药,云南白药携手益丰、恒泰大药房健康跑赛事爱跑538正式启动,32,媒体新闻,t,1
云南白药,"<IMAGE SRC=""http://i7.hexun.com/2017-05-12/189165851.png"" >云南白药高管列表　　和讯股票（微信号：istocknews）消息 云南白药5月12日晚间公告，公司董事会于近日收到公司董事陈德贤先生、路红东先生、杨勇先生书面辞职报告",33,媒体新闻,c,1
云南白药,　　云南白药同日公告，程晓兵先生、赵逸虹女士因个人原因，申请辞去公司监事职务，辞职后均不再担任公司的任何职务,33,媒体新闻,c,1
云南白药,现任中国平安保险(集团)首席投资执行官、平安资产管理(香港)有限公司董事长，云南白药集团股份有限公司副董事长,33,媒体新闻,c,1
云南白药,现任云南省医药有限公司总经理、云南白药集团股份有限公司董事、副总经理,33,媒体新闻,c,1
云南白药,现任云南白药控股有限公司党委委员、副书记、云南白药集团股份有限公司董事,33,媒体新闻,c,1
云南白药,在部队历任云南省军区会计、玉溪军分区供应科科长、武定县人武部副部长、部长;云南省国有企业监事会工作办公室正处级专职监事，先后任昆钢、云南建工、云天化(600096，股吧)等企业正处级专职监事;云南锡业控股有限责任公司监事会副主席;现任云南白药控股有限公司监事会副主席,33,媒体新闻,c,1
云南白药,现任云南白药集团股份有限公司总经理助理兼总经理办公室主任、云南白药集团股份有限公司监事,33,媒体新闻,c,1
云南白药,云南白药陈德贤等5名董监集体辞职,33,媒体新闻,t,1
云南白药,　　云南白药：职业经理人制度真正落地　　地方混改遍地开花之际，云南白药开启“白药模式”，被市场喻为国企混改的模板,34,媒体新闻,c,1
云南白药,　　云南白药4月19日发布公告称，白药控股召开股东会选举出了4名董事，同时召开董事会，新华都集团董事总裁陈春花入选董事，紫金矿业前总裁王建华担任集团董事长，云南白药董事长王明辉出任总经理,34,媒体新闻,c,1
云南白药,　　去年年底，云南白药发布公告称，云南白药控股股东白药控股拟通过增资方式，引入新华都实业集团股份有限公司,34,媒体新闻,c,1
云南白药,白药控股仍持有云南白药41.52%的股份，仍为公司的控股股东,34,媒体新闻,c,1
云南白药,今年3月23日，云南白药发布要约收购报告书，宣布大股东白药控股自3月24日起，以64.98元/股的价格展开全面要约收购，最高所需资金达395.7亿元,34,媒体新闻,c,1
云南白药,　　“云南白药拿出一半的股权用于改革，这在以前是没有的，表明地方重点国企改革动作加大，而推行职业经理人制度也将成为改革的突破口,34,媒体新闻,c,1
云南白药,混改加速推进云南白药职业经理人制度真正落地,34,媒体新闻,t,1
云南白药,他说，例如板蓝根、云南白药等，市场需求推高产品价值，而“补肾类药品毛利高首先是因为需求可观,35,媒体新闻,c,1
云南白药,　　Q：国企改革方案(联通向国企和互联网厂商定增，控制股权63-36%)传出版本低于市场预期，希望以云南白药（000538）为榜样，国企民资各一半?　　A: 最终方案还没有公布，公司人力资源制度的改革最核心，要使个人劳动价值与企业一致化，管理层对于股权结构改革不太满意，但是有信心朝着最终目的,36,媒体新闻,c,1
云南白药,他举例说，就如同被国人认可的板蓝根、云南白药等，市场需求推高产品价值，“补肾类药品毛利高首先是因为需求可观,37,媒体新闻,c,1
云南白药,　　此次名单涉及364个药品生产企业、122家药品配送企业，诸如国药集团、云南白药(000538，股吧)、上药集团、扬子江药业等知名生产企业，以及国药控股、华润医药等医药商业配送龙头都在名单之上,38,媒体新闻,c,1
云南白药, (6)中药及 OTC 看好：片仔癀、云南白药、东阿阿胶、天士力、康美药业、昆药集团、羚锐制药等,39,媒体新闻,c,1
云南白药,其中，既有云南白药、国药集团、上药集团、扬子江药业等知名生产企业，也有华润医药、国药控股、广药集团等配送企业龙头,40,媒体新闻,c,1
云南白药,”张先生已经50岁，当得知云南白药牙膏将在母亲节当天邀请大家骑共享单车回家看望母亲时，他赶紧拿起电话报名,41,媒体新闻,c,1
云南白药,　　未来6个月时间里，云南白药牙膏将举办“健康共享、共享健康”年度活动，首次活动将于5月14日举办,41,媒体新闻,c,1
云南白药,　　云南白药牙膏，一直强调人与人之间关爱、分享、健康等理念,41,媒体新闻,c,1
云南白药,另一方面，云南白药牙膏也希望通过关注共享单车骑行中的不文明行为，倡导“健康共享”理念――不但要共享，而且要健康、文明地共享,41,媒体新闻,c,1
云南白药,云南白药牙膏邀请您，跟我们一起，骑共享单车回家陪母亲过节,41,媒体新闻,c,1
云南白药,  同时，宣威市推进订单生产，与联想佳沃、云南白药、太坤调味品等企业签订订单合同，实现产销衔接，解决了产品销售难的问题,42,媒体新闻,c,1
云南白药,　　此次名单涉及364个药品生产企业、122家药品配送企业，诸如国药集团、云南白药、上药集团、扬子江药业等知名生产企业，以及国药控股、华润医药等医药商业配送龙头都在名单之上,43,媒体新闻,c,1
云南白药,而云南白药改革就是国资民企各50%，国资不谋求董事长位置，完全按照市场化来引入人才,44,媒体新闻,c,1
