兔宝宝,   台军“经国号”战机机身出现兔宝宝，图案由迪士尼操刀设计,22,媒体新闻,c,0
兔宝宝,不仅如此，甚至还有兔宝宝、卡通鲨鱼，都被拿来当作台军的队徽,22,媒体新闻,c,0
兔宝宝,    据亲绿台媒报道，台空军的军徽“相当活泼”，如“幻影2000”的机身彩绘3架飞机的军徽；“经国号”机身上出现一只兔宝宝带着飞行眼镜，还有大野狼和喷火龙同样出现在“经国号”上，这些通通都是军徽，而且是由迪士尼操刀设计,22,媒体新闻,c,0
兔宝宝,台军战机军徽出现兔宝宝和大野狼 竟由迪士尼设计,22,媒体新闻,t,0
兔宝宝,    兔宝宝游记|旖旎风情-斯里兰卡第一季    旖旎风情-斯里兰卡，你想要的都在这里了,67,微信,c,0
兔宝宝,    以上是旅行贴士，景点和行程的介绍，敬请期待第二季~~        兔宝宝游记 | 旖旎风情-斯里兰卡 第一季,67,微信,c,0
兔宝宝,兔宝宝游记|旖旎风情-斯里兰卡第一季,67,微信,t,0
兔宝宝,兔宝宝游记 | 泰美丽―泰北玫瑰（下篇）,68,微信,t,0
兔宝宝,　　证券时报网（www.stcn.com）07月14日讯　　兔宝宝(行情002043，诊股)7月14日晚间公告，公司控股股东德华集团7月5日至7月14日合计减持公司股份1233.5万股，减持比例1.4%,0,媒体新闻,c,1
兔宝宝,注：兔宝宝5月9日披露减持计划，拟自公告之日起15个交易日后的6个月内减持公司股份不超1656万股，占公司总股本2%,0,媒体新闻,c,1
兔宝宝,兔宝宝：控股股东近期减持1233.5万股,0,媒体新闻,t,1
兔宝宝,"<IMAGE SRC=""http://i0.hexun.com/2017-05-16/189203995.png"" >兔宝宝监事丁观芬短线交易 深交所下发监管函　　和讯股票（微信号：istocknews）消息 5月16日，深交所下发对德华兔宝装饰新材股份有限公司监事丁观芬的监管函",1,媒体新闻,c,1
兔宝宝,　　和讯股票(微信号：istocknews)上市公司数据库显示，丁观芬，女，1977年10月出生，籍贯浙江嵊州，毕业于浙江农林大学，2000年进入德华兔宝宝装饰新材股份有限公司下属子公司从事质量技术管理，2012年调入德华兔宝宝装饰新材股份有限公司，担任企管部经理至今,1,媒体新闻,c,1
兔宝宝,　　此前5月9日晚间，兔宝宝发布公告称，丁观芬此次短线交易系因对相关规则理解有误，其已将此次短线交易收益所得22670元上缴公司所有,1,媒体新闻,c,1
兔宝宝,详细报道见和讯网：《兔宝宝监事丁观芬短线交易 已将获利22670元上缴公司》（责任编辑：王潇燕 HN105）,1,媒体新闻,c,1
兔宝宝,兔宝宝监事丁观芬短线交易 深交所下发监管函,1,媒体新闻,t,1
兔宝宝,　　作为今年“漂亮50”白马股之一的兔宝宝（002043），其股价一直处于震荡上行态势，表现远远跑赢中小板指，然而5月9日晚间，兔宝宝突发利空，称控股股东德华集团控股股份有限公司，计划自公告之日起十五个交易日后的六个月内以集中竞价交易方式或大宗交易方式减持公司股份不超过1656万股(占公司总股本比例2%),2,媒体新闻,c,1
兔宝宝,　　此公告一出，兔宝宝5月10日股价低开低走，尾盘最终封死在跌停板上,2,媒体新闻,c,1
兔宝宝,记者注意到，在兔宝宝今日的主要买卖席位中，港资深港通专用席位、机构专用席位均有买有卖，分歧明显,2,媒体新闻,c,1
兔宝宝,比如深港通买入兔宝宝2583.8万元的同时，还卖出该股4337.94万元；一家机构买入该股4369.65万元，排在买入席位第一，但也有一家机构卖出4283.39万元，排在卖出席位第二,2,媒体新闻,c,1
兔宝宝,　　根据买卖前五席位累计买卖计算发现，主力资金净卖出兔宝宝4367万元,2,媒体新闻,c,1
兔宝宝,大股东减持计划令兔宝宝跌停 港资、机构进出显分歧,2,媒体新闻,t,1
兔宝宝,"<IMAGE SRC=""http://i7.hexun.com/2017-05-10/189130587.png"" >德华兔宝宝装饰新材股份有限公司　　和讯股票（微信号：istocknews）消息 兔宝宝5月9日晚间公告，公司监事丁观芬女士于2017年4月28日卖出公司股票6000股，根据《证券法》、《深圳证券交易所股票上市规则》等相关法律法规的规定构成短线交易",3,媒体新闻,c,1
兔宝宝,　　此前，丁观芬女士在担任公司企管部经理期间于 2016/11/14、2016/11/23、2016/11/24、2016/11/25、2016/12/12 分别以 13.39 元/股、13.45 元/股、13.31 元/股、13.02 元/股、12.00 元/股买入兔宝宝股票 1000 股、1000 股、1000 股、1000 股、2000 股,3,媒体新闻,c,1
兔宝宝,　　兔宝宝表示，董事会向全体董事、监事和高级管理人员对丁观芬女士的短线交易行为予以了通报，并要求引以为戒,3,媒体新闻,c,1
兔宝宝,　　兔宝宝公告简历显示，丁观芬，女，1977年10月出生，籍贯浙江嵊州，毕业于浙江农林大学，2000年进入德华兔宝宝装饰新材股份有限公司下属子公司从事质量技术管理，2012年调入德华兔宝宝装饰新材股份有限公司，担任企管部经理至今,3,媒体新闻,c,1
兔宝宝,　　和讯网此前报道：《兔宝宝监事丁观芬短线交易 获利2.2万元险踩红线》（责任编辑：王潇燕 HN105）,3,媒体新闻,c,1
兔宝宝,兔宝宝监事丁观芬短线交易 已将获利22670元上缴公司,3,媒体新闻,t,1
兔宝宝,　　2017年05月10日早盘09时30分，兔宝宝（002043）出现异动，股价大幅下跌5.04%,4,媒体新闻,c,1
兔宝宝,　　兔宝宝所在的木材家具行业，整体涨幅为0.21%，其相关个股中曲美家居，梦百合，德尔未来涨幅较大，分别上涨0.5%，0.4%，0.4%；兔宝宝，欧派家居，亚振家居较为活跃，换手率分别为0.1%、0.1%及0.0%；兔宝宝，丰林集团，永艺股份明显放量，量比分别为0.0，0.0，0.0；振幅较大的相关个股有兔宝宝，丰林集团，永艺股份，振幅分别为0.0%，0.0%，0.0%,4,媒体新闻,c,1
兔宝宝,　　兔宝宝公司主营业务为装饰板材、油漆、墙体涂料、胶粘剂、装修五金、墙纸、木皮等装饰材料及地板、木门、衣柜、橱柜、家具宅配等产品，以及科技木等其它木制品产品等的生产、销售；电子商务服务,4,媒体新闻,c,1
兔宝宝,兔宝宝（002043）股价跳水5.04% 量比达25.07,4,媒体新闻,t,1
兔宝宝,　　利空　　兔宝宝：控股股东计划减持不超1656万股,5,媒体新闻,c,1
兔宝宝,　　【减持】　　兔宝宝：控股股东拟减持不超1656万股　　兔宝宝晚间公告，因投、融资计划需要，公司控股股东德华集团计划自公告之日起15个交易日后的6个月内减持公司股份不超1656万股，占公司总股本2%,6,媒体新闻,c,1
兔宝宝,新华百货等多家上市公司增持兔宝宝等2家公司拟减持,6,媒体新闻,t,1
兔宝宝,"如果股价再度翻身向上，则说明短线洗盘结束，新的拉升就此展开，涨停的机会大大增加，如下图的兔宝宝（002043）基本都是这样的走势：<IMAGE SRC=""http://e.thsi.cn/img/860645b7bb090518-1"" >　　第三招、均价线买入法：　　早盘运用均价线选买点",7,媒体新闻,c,1
兔宝宝,建材:1)核心标的:东方雨虹、旗滨集团、兔宝宝、恒通科技、康欣新材;2)水泥混凝土:关注海螺水泥、华新水泥;3)玻璃:推荐旗滨集团;4)家装:推荐康欣新材、兔宝宝、伟星新材、东方雨虹、北新建材,8,媒体新闻,c,1
兔宝宝,　　该基金今年一季报显示，其十大重仓股为：兔宝宝、泸州老窖、贵州茅台、神雾环保、神雾节能、五粮液、水井坊、酒鬼酒、洋河股份、隆基股份,9,媒体新闻,c,1
兔宝宝,我们坚定看好上述消费品建材龙头穿越周期的持续成长能力，重点推荐兔宝宝、伟星新材、东方雨虹、三棵树；玻璃纤维国内渗透率有望长期提升，需求稳定增长，市场格局高度集中使得产能增长有序，周期性趋弱，特别是高端玻纤市场价格平稳,10,媒体新闻,c,1
兔宝宝,如兔宝宝（002043），2016年四季度末公司的股东户数为91095户，今年一季度末减少至53797户，降幅高达40.94%,11,媒体新闻,c,1
兔宝宝,从2014年至今，像索菲亚、欧派家居、尚品宅配、皮阿诺、德尔未来、曲美家具、好莱客、兔宝宝等公司，几乎清一色的业绩持续大幅增长,12,媒体新闻,c,1
兔宝宝,　　张彤：兔宝宝,12,媒体新闻,c,1
兔宝宝,如兔宝宝，2016年四季度末公司的股东户数为91095户，今年一季度末减少至53797户，降幅高达40.94%,13,媒体新闻,c,1
兔宝宝,　　丰林集团所在的木材家具行业，整体跌幅为0.18%，其相关个股中丰林集团，亚振家居，德尔未来跌幅较大，分别下跌5.3%，1.6%，1.3%；丰林集团，亚振家居，皮阿诺较为活跃，换手率分别为0.3%、0.1%及0.1%；兔宝宝，丰林集团，永艺股份明显放量，量比分别为0.0，0.0，0.0；振幅较大的相关个股有兔宝宝，丰林集团，永艺股份，振幅分别为0.0%，0.0%，0.0%,14,媒体新闻,c,1
兔宝宝,，此次活动现场荟萃了千余款品牌建材，马可波罗、冠军瓷砖、保利水管、金貂电线、朗凯奇防水、加拿大喜加漆、立邦漆、雨虹防水、吉象瓷砖、美陶瓷砖、LD陶瓷、水木年华地板、德菲尔地板、九牧洁具、恒大绿洲地板，兔宝宝木工板、绿胜木业、家之和门业、翔翎门业、鸿达门业、箭牌卫浴、上华王卫浴、冠军酷瓷、华宇门业移门系列，欧普吊顶、凯特定制，欧德经典厨柜等知名品牌联合支持，均拿出了优质、廉价的明星产品，现场将以低于,15,媒体新闻,c,1
兔宝宝,其中，碧水源(22.36%)、京东方A(16.81%)、兔宝宝(16.35%)、海康威视(14.1%)、岭南园林(13.54%)等10只个股期间累计涨幅均在10%以上,16,媒体新闻,c,1
兔宝宝,华帝股份、兔宝宝、大亚圣象的基金持仓市值占股票A股总市值比重最高，分别为51.40%、37.02%和36.20%,17,媒体新闻,c,1
兔宝宝,"<IMAGE SRC=""http://i7.hexun.com/2017-05-04/189057012.png"" >丁观芬短线交易情况　　和讯股票（微信号：istocknews）消息 据深交所近日公布的短线交易情况显示，兔宝宝(002043，股吧)职工监事丁观芬于4月28日卖出公司股票6000股",18,媒体新闻,c,1
兔宝宝,　　和讯网注意到，此前丁观芬亦有多次短线交易兔宝宝股票情况，其中2016年11月23日-11月25日，连续买入兔宝宝3000股，11月23日还反向操作卖出2000股,18,媒体新闻,c,1
兔宝宝,上述期间买入兔宝宝的成交价格约为12元-13.4元区间,18,媒体新闻,c,1
兔宝宝,"<IMAGE SRC=""http://i0.hexun.com/2017-05-04/189057013.png"" >兔宝宝2016年11月-2017年5月股价走势　　其4月28日卖出6000股，成交均价为16.64元",18,媒体新闻,c,1
兔宝宝,卖出后，仍持有兔宝宝5.95万股,18,媒体新闻,c,1
兔宝宝,　　据兔宝宝3月30日公布的职工代表监事选举公告称，丁观芬于3月30日才当选该公司监事,18,媒体新闻,c,1
兔宝宝,　　兔宝宝公告简历显示，丁观芬，女，1977年10月出生，籍贯浙江嵊州，毕业于浙江农林大学，2000年进入德华兔宝宝装饰新材股份有限公司下属子公司从事质量技术管理，2012年调入德华兔宝宝装饰新材股份有限公司，担任企管部经理至今,18,媒体新闻,c,1
兔宝宝,兔宝宝监事丁观芬短线交易 获利2.2万元险踩红线,18,媒体新闻,t,1
兔宝宝,另数据显示，3月下半月股东户数降幅一成的兔宝宝，4月中旬较3月末股东户数继续下降19%，榜单中排名居首,19,媒体新闻,c,1
兔宝宝,本周大盘各核心指数大幅回调，兔宝宝走势保持上升通道，累计上涨14%,19,媒体新闻,c,1
兔宝宝,德华兔宝宝、杭萧钢构等企业负责人对赴泰投资相关事项进行了现场了解,20,媒体新闻,c,1
兔宝宝,"<IMAGE SRC=""http://e.thsi.cn/img/b36322cc453be943-1"" >　　10月19日，兔宝宝（002043）复牌，公布重大事项重组失败，一字跌停",21,媒体新闻,c,1
兔宝宝,　　兔宝宝衣柜全屋套餐火热上市，只要19800元,23,微信,c,1
兔宝宝,"　　2017-08-02杭州兔宝宝 杭州兔宝宝<IMAGE SRC=""http://mmbiz.qpic.cn/mmbiz_gif/zMOBoXghWXSiaeQaBSyc163wCDVQYu1bNP45REDRwbsZ0DYnc0kzK5iaEU75E3OqibehicxvUicOUAlPScOEjv51c6Q/0?wx_fmt=gif"" >　　房价日益上涨　　看完之后有没有很心动",23,微信,c,1
兔宝宝,"　　杭州拱墅区沈半路166号兔宝宝销售中心　　文一西路花蒋路口第六空间西溪艺术生活馆负一层F003　　联系电话：0571-88011990    0571-26269026<IMAGE SRC=""http://mmbiz.qpi",23,微信,c,1
兔宝宝,兔宝宝衣柜全屋套餐火热上市，只要19800元！,23,微信,t,1
兔宝宝,兔宝宝衣柜全屋套餐真的不能再便宜了,24,微信,c,1
兔宝宝,"　　2017-07-29宿迁兔宝宝全屋定制 宿迁兔宝宝全屋定制<IMAGE SRC=""http://mmbiz.qpic.cn/mmbiz/FYvBxVkBdqSlafAx00mAFFdlVa3OSBFspeD2OOB2NicD",24,微信,c,1
兔宝宝,"　　活动地址：义乌商贸城精品街15街兔宝宝衣柜<IMAGE SRC=""http://mmbiz.qpic.cn/mmbiz/FYvBxVkBdqQicWbOa63X9sIEdiaWrfJicUpO3MJOSAoYpdz1fyY7LdX8ovw2DNBPUSdKdDMaoEbdsC2KiasSyz9smw/0?wx_fmt=jpeg"" >",24,微信,c,1
兔宝宝,15800元！兔宝宝衣柜全屋套餐真的不能再便宜了！,24,微信,t,1
兔宝宝,　　兔宝宝地板，环保更任性,25,微信,c,1
兔宝宝,　　大家也知道兔宝宝地板，就是环保,25,微信,c,1
兔宝宝,"但好多人还是不知道兔宝宝地板，为什么能和苹果一样环保，我今天专门写个知识普及贴，说说兔宝宝地板环保的八个原因：<IMAGE SRC=""http://mmbiz.qpic.cn/mmbiz/zMOBoXghWXScLLF",25,微信,c,1
兔宝宝,国家关于甲醛释放量的强制性标准于2003年7月实施，而兔宝宝从2001年就引进欧洲E1级标准，生产E1级环保地板、板材，倒逼推进了中国的行业绿色进程,25,微信,c,1
兔宝宝,兔宝宝，专注环保13年了,25,微信,c,1
兔宝宝,　　二、兔宝宝研究院　　兔宝宝企业研究院，是中国林科院、南京林业大学的战略合作伙伴，下设博士后工作站，专门研究环保家装材料，从最早的E1级，到E0级、无醛级，以及去年推出用大豆制作的可食用胶水，使地板工业从此不再依赖化学胶，进入生物胶时代，兔宝宝一次次改写着中国的环保等级，代表着全球环保最高水平，兔宝宝掌握着环保家装的核心科技,25,微信,c,1
兔宝宝,190多项专利，和2项国际标准，27项国家标准，就是兔宝宝的环保投名状,25,微信,c,1
兔宝宝,甲醛少了，往往粘性不够容易脱胶，这是世界性的难题，但兔宝宝研究院成功解决了这个矛盾,25,微信,c,1
兔宝宝,"px9KiccaOBQMias6LQ93RiaRAZcOzhCU2yTcwJzbrZT1kSl1VpNfw6Ht9eeoKMWjMdYsz5uQvXQ/640?"" >　　三、通过FSC国际森林认证　　兔宝宝已全面通过FSC国际森林认证，这标志着我们的原材料全部来自可持续经营的林地，你购买和使用兔宝宝地板不会破坏全球天然林资源，是真正的绿色环保消费行为",25,微信,c,1
兔宝宝,选择兔宝宝地板，不必有负罪感哈,25,微信,c,1
兔宝宝,　　四、自建胶水厂　　兔宝宝十五年前就自己建了胶水工厂（浙江兔宝宝胶粘材料有限公司），直接运用兔宝宝研究院的研究成果生产销水，自产自销，命运掌握在自己手中,25,微信,c,1
兔宝宝,　　五、先进的生产设备　　兔宝宝采用德国豪迈、意大利意美等全球最好的设备，使用坚弗油漆等辅料，贵是贵了点，但不会有苯超标和重金属污染，确保最终成品的环保,25,微信,c,1
兔宝宝,"aOBQMias6LQ933cxDt1KXlZJiaKzKbBnYrNBBE5WficVsjR0w9jgYiaL2Rz5fRpbsvmaog/640?wx_fmt=png"" >　　六、日本大臣认证　　兔宝宝地板出口欧洲、日本13年了，通过全世界最严格的环保认证――日本大臣认证",25,微信,c,1
兔宝宝,兔宝宝能满足国外的挑剔要求13年，当然不是浪得虚名,25,微信,c,1
兔宝宝,　　七、第三方质量监管　　兔宝宝是行业内最早实施第三方质量监管的企业,25,微信,c,1
兔宝宝,除公司产品部和总公司检测中心管理质量外，公司聘请浙江省林检站担任第三方独立监理机构，负责不受任何干扰地监管兔宝宝地板品质（环保是最重点的监控对象），确保每一片出厂的地板严格达到承诺的环保标准,25,微信,c,1
兔宝宝,"<IMAGE SRC=""http://mmbiz.qpic.cn/mmbiz_png/zMOBoXghWXRuiampx9KiccaOBQMias6LQ938OJkuJzWwKTREG9LayBSoibLMKcs2x4jWUThJWibPd2tw3g3DOTSW3Lw/640?wx_fmt=png"" >　　八、使用方显环保　　2010年，上海世博会主会场和主宴会厅使用了兔宝宝地板",25,微信,c,1
兔宝宝,2014年，北京某国家会议中心又使用了兔宝宝地板（在急着装修赶工期，是为即将在北京召开的2014年亚太经合组织[简称APEC]会议准备的，这地方，还在装修进去都要三道安检）,25,微信,c,1
兔宝宝,这些国家领导人活动的地方，选择兔宝宝地板，除了环保，你说还有什么理由呢,25,微信,c,1
兔宝宝,　　这就是兔宝宝地板，和苹果一样环保的八大理由，涨姿势了有木有,25,微信,c,1
兔宝宝,兔宝宝地板，吃得是环保饭，干得是良心活,25,微信,c,1
兔宝宝,"<IMAGE SRC=""http://mmbiz.qpic.cn/mmbiz_jpg/zMOBoXghWXS4bEtibmsMXibW9u9UicsBmpxaqbA0IwlcRhVcwHCfBKoYjup9icibhiarTKJRrNiaZHb2MoDkTf4zGZgFQ/640?wx_fmt=jpeg"" >　　兔宝宝地板的品牌定位就是“和苹果一样环保”",25,微信,c,1
兔宝宝,兔宝宝地板，环保更任性！,25,微信,t,1
兔宝宝,　　7月13日 《福布斯》发布了2017中国上市公司最佳CEO榜单，兔宝宝CE0陆利华入选福布斯中国A股上市公司最佳CE0榜单,26,微信,c,1
兔宝宝,21.9285.740王凤英46长城汽车551.4941.941丁世忠46安踏体育167.2544.842王传福51比亚迪411.01，255.543李良彬50赣锋锂业53.5319.944陆利华51兔宝宝40.0122.045黄关林52申洲国际136.5672.646尹纪成44亨通光电129.6294.147顾伟国58中国银河289.7957.648刘成彦53网宿科技117.4268.649梁海,26,微信,c,1
兔宝宝,"　　<IMAGE SRC=""http://mmbiz.qpic.cn/mmbiz_jpg/WS0QrsxNkoiakicU4qmicatKGrKVejgVREdiaxpFq4sUYYTic8ueEENGhu5ME23Ss9Pib65xVM7GgT7l3EdUpib6tQ0JA/0?wx_fmt=jpeg"" >　　兔宝宝CE0陆利华入选福布斯中国A股上市公司最佳CE0榜单",26,微信,c,1
兔宝宝,兔宝宝CE0陆利华入选福布斯中国A股上市公司最佳CE0榜单,26,微信,t,1
兔宝宝,兔宝宝公司董事长丁鸿敏受邀来到北京，7月14日，加拿大总督亲自向丁鸿敏董事长颁发“加拿大总督荣誉勋章”,27,微信,c,1
兔宝宝,并力赞董事长和兔宝宝公司为中加两国经贸关系发展所作的贡献,27,微信,c,1
兔宝宝,"z8HCGwgcaL3FzdRGs3icpAKRjqHFwMtdws6zkoZ6fypkNn3A196BPuyWpeCgrgod8mhbx769IH1w/640?wx_fmt=jpeg"" >　　▲德华兔宝宝董事长丁鸿敏（左）与加拿大总督戴维・约翰斯顿（右）　　<IMAGE SRC=""http://mmbiz.qpic.cn/mmbiz_png/zMOBoXghWXQz8HCGwgcaL3FzdRG",27,微信,c,1
兔宝宝,根据中国市场需求共同研发适合室内装饰用途的新一代人造环保板材――兔宝宝顺芯板,27,微信,c,1
兔宝宝,作为全球领先的加拿大OSB制造企业，Norbord公司和德华兔宝宝就顺芯板项目已合作多年，双方共同研发的顺芯板已占据国内OSB市场，与兔宝宝其他板材形成完整的产品系列，并逐步替代了细木工板等现有主流产品,27,微信,c,1
兔宝宝,未来Norbord公司将继续与德华兔宝宝合作研发并独家定制生产兔宝宝顺芯板，预计到2017年，兔宝宝顺芯板销量将超过2500柜,27,微信,c,1
兔宝宝,　　为进一步合作开发加拿大林木资源，在艾伯塔省政府的支持下，兔宝宝与艾伯塔省研究院决定签署新一轮战略合作协议,27,微信,c,1
兔宝宝,这标志着兔宝宝在与国际顶尖科研机构加深合作的基础上，进一步完善全球资源整合开发能力，不断提升林产工业前沿技术与新产品研发实力，同时说明了双方稳固的战略伙伴关系和共同开发兔宝宝顺芯板的决心,27,微信,c,1
兔宝宝,"　　<IMAGE SRC=""http://mmbiz.qpic.cn/mmbiz_jpg/WS0QrsxNkoiakicU4qmicatKGrKVejgVREdiaxpFq4sUYYTic8ueEENGhu5ME23Ss9Pib65xVM7GgT7l3EdUpib6tQ0JA/0?wx_fmt=jpeg"" >　　德华兔宝宝丁鸿敏董事长，荣获加拿大最高个人荣誉“总督荣誉勋章”",27,微信,c,1
兔宝宝,德华兔宝宝丁鸿敏董事长，荣获加拿大最高个人荣誉“总督荣誉勋章”,27,微信,t,1
兔宝宝,"　　<IMAGE SRC=""http://mmbiz.qpic.cn/mmbiz_jpg/CzkJkM2x7US0ia5c4Pw8uHIJ5d87A3KEsYyug9gnWIajBKDAzHFuLpl5ibibjJz7l4mqeuibtv1RemjrStqK0ROgTw/0?wx_fmt=jpeg"" >　　7月2日，兔宝宝环保中国行赣州站来到毅德城国际会展中心",28,微信,c,1
兔宝宝,　　据了解，兔宝宝以推进行业绿色进程为己任，积极整合各种优势资源参与全球竞争，倡导绿色消费理念，以高品质、高环保产品为载体，致力于打造国内领先的家居装饰综合服务平台运营商,28,微信,c,1
兔宝宝,"a5c4Pw8uHIJ5d87A3KEsDPVMODxQMWRmA7qMhdCnib87gjav6OFBGq1WicBZomDgcWmzQ6Nx0uVw/0?wx_fmt=jpeg"" >　　此次活动，兔宝宝诚意十足，给出了史无前例的低价，彻底打破了传统促销“虚张声势”的局面，用真正的低价高品质回馈消费者",28,微信,c,1
兔宝宝,活动当天成交量1599单，定金8210600元，如此傲人的成绩与兔宝宝环保行活动的力度和长期以来的产品品质密不可分,28,微信,c,1
兔宝宝,　　为更好的感谢消费者长期以来的支持和厚爱，兔宝宝环保中国行设置了多个送礼环节，抽奖活动轮番上演，掀起了一次又一次的高潮,28,微信,c,1
兔宝宝,值得一提的是，抽奖奖品不仅包含了品牌液晶电视、品牌空调、洗衣机、豪华立体电风扇等，更保证100%中奖，如此大手笔的好礼，也足以见得兔宝宝环保中国行赣州站此次活动的诚意,28,微信,c,1
兔宝宝,"　　<IMAGE SRC=""http://mmbiz.qpic.cn/mmbiz_jpg/CzkJkM2x7US0ia5c4Pw8uHIJ5d87A3KEskkAaOCMEQKKsbNxcaft93e8fecoicTjiaMsWw1TeL3grJENFMNCVuxhg/0?wx_fmt=jpeg"" >　　这不仅是一次兔宝宝产品的团购会，也是一次属于消费者的观光会",28,微信,c,1
兔宝宝,此次环保行现场，让消费者近距离接触到兔宝宝产品，让优质的产品直观的展现在消费者眼前，这一开创性的举措是兔宝宝对自身产品品质最基本的信心，也是对于消费者知情权最基本的尊重,28,微信,c,1
兔宝宝,　　“为消费者提供更多精品板材、衣柜、地板、木门等产品”，兔宝宝长期以来追求的目标朴实却又不平凡，为环保事业尽心尽力，此次环保行活动的完美收官，为兔宝宝品牌增添了新的意义,28,微信,c,1
兔宝宝,肩负消费者的信赖，承载伟大的社会责任，兔宝宝必将以更加强劲的姿态，为消费者提供更多优质的产品，为行业树立更形象的标杆,28,微信,c,1
兔宝宝,"　　文、图/赣州项目公司营销部 姚瑶　　<IMAGE SRC=""http://mmbiz.qpic.cn/mmbiz/CzkJkM2x7UTWQfj6GsKIZibh4IvVCCRQ5lC0RUaUe0p70TOicA871XjzEprJnJnvLibRia7z56THtHjNlq0uGOicu5g/0?wx_fmt=jpeg"" >　　兔宝宝环保中国行活动在赣州毅德城顺利开展",28,微信,c,1
兔宝宝,兔宝宝环保中国行活动在赣州毅德城顺利开展,28,微信,t,1
兔宝宝,　　2017年7月6日，走进德华兔宝宝家居产业园衣柜车间，6条豪迈线一起运作，工人们井然有序进行开料、打孔、封边等工作，一块块样板经机器智能操作后，变成了成品柜体板,29,微信,c,1
兔宝宝,"　　<IMAGE SRC=""http://mmbiz.qpic.cn/mmbiz_jpg/zMOBoXghWXS4bEtibmsMXibW9u9UicsBmpxnoELiaT23h9FibgOmDX3NRnByH8FbdqyrAWajaj9E3TEb6hvMzKpDgDw/640?wx_fmt=jpeg"" >　　随着兔宝宝衣柜第二期生产线的正式投产，衣柜产能得到大幅提升",29,微信,c,1
兔宝宝,"oXghWXSL4IZ9npBJibYoWnDFG3xKichrEGYGxyiaIJYTk3f70KsDWibhVdU7Y3KJeYeNrq2Rag8y6mBNfxUNYA/0?"" >　　自成立以来，兔宝宝衣柜一直肩负着打造“兔宝宝家居产业园”的重任，在环保、质量、工艺等始终走在家具行业前列，多项技术获国内专利",29,微信,c,1
兔宝宝,面对激烈的市场竞争，兔宝宝衣柜生产出符合不同地域、不同人群的上百种系列衣柜产品，一方面引领中国整体衣柜发展新潮流，一方面带给消费者高品质、高品味的环保生活,29,微信,c,1
兔宝宝,兔宝宝衣柜生产部经理朱明民介绍说，目前新设备经调试完毕，进入正常生产，较好改善了衣柜产品供不应求的状况,29,微信,c,1
兔宝宝,"　　<IMAGE SRC=""http://mmbiz.qpic.cn/mmbiz_jpg/zMOBoXghWXS4bEtibmsMXibW9u9UicsBmpx88lwhkHzyeyxPxwt1vaEW2PoD8ia9z2OZtwQen61C8H9Xn0FMOyrw9g/0?"" >　　一边布局兔宝宝衣柜新生产线，一边提升产品研发的宽度",29,微信,c,1
兔宝宝,　　未来，消费者会更加倾向选择一体化、智能、全屋定制的服务供应商，兔宝宝正实现从材料供应商转型成为一站式家装方案的提供者和解决者，全力打造国内优秀的家居装饰综合服务平台运营商,29,微信,c,1
兔宝宝,"　　<IMAGE SRC=""http://mmbiz.qpic.cn/mmbiz_jpg/WS0QrsxNkoiakicU4qmicatKGrKVejgVREdiaxpFq4sUYYTic8ueEENGhu5ME23Ss9Pib65xVM7GgT7l3EdUpib6tQ0JA/0?wx_fmt=jpeg"" >　　兔宝宝衣柜全屋定制新品系列已上市",29,微信,c,1
兔宝宝,兔宝宝衣柜全屋定制新品系列已上市,29,微信,t,1
兔宝宝,"OPOVzRZHsk1EnGAkvC4ZcwOYV8ibA9DLnhCHnOAbTjCrd1icT9xTuF5zBEKpnWDJd4keN8uEIQ/0?wx_fmt=png"" >　　企业简介　　德华兔宝宝装饰新材股份有限公司创建于1993年，并于2005年5月10日在深圳证券交易所上市交易（股票简称：兔宝宝，股票代码：002043）",30,微信,c,1
兔宝宝,"R8WMYBCaibcfcbNpvPYYsqz9azibIN6P7jdsGH8DQdVAcLYTic7hIrUkDjJIxwibqU0icbZ8wQz6l4HsQ/0?wx_fmt=jpeg"" >　　兔宝宝四大产品――板材、衣柜、木门、地板　　<IMAGE SRC=""http://mmbiz.qpic.cn/mmbiz_jpg/zMOBoXghWXR8WMYBCaibcfcbNpvPYYsqzvU",30,微信,c,1
兔宝宝,　　绿色兔宝宝，安心住进家,30,微信,c,1
兔宝宝,绿色兔宝宝，安心住进家,30,微信,t,1
兔宝宝,　　2017年7月6日，走进德华兔宝宝家居产业园衣柜车间，6条豪迈线一起运作，工人们井然有序进行开料、打孔、封边等工作，一块块样板经机器智能操作后，变成了成品柜体板,31,微信,c,1
兔宝宝,"　　<IMAGE SRC=""http://mmbiz.qpic.cn/mmbiz_png/AblUZTzBICTCgL2eCe1Pcf6Ktd8VrSSW0y6NibwxXRxibcTcpicJOCdzUVHeSgGeSLo25HURXRVpvOfGR731iaYbeg/0?wx_fmt=png"" >　　随着兔宝宝衣柜第二期生产线的正式投产，衣柜产能得到大幅提升",31,微信,c,1
兔宝宝,"L2eCe1Pcf6Ktd8VrSSW3BgDJaSCMfnCRqlXaQxuh0R77ORE49sEjibzN8icfRt3cB8HddlpanOg/0?wx_fmt=jpeg"" >　　自成立以来，兔宝宝衣柜一直肩负着打造“兔宝宝家居产业园”的重任，在环保、质量、工艺等始终走在家具行业前列，多项技术获国内专利",31,微信,c,1
兔宝宝,面对激烈的市场竞争，兔宝宝衣柜生产出符合不同地域、不同人群的上百种系列衣柜产品，一方面引领中国整体衣柜发展新潮流，一方面带给消费者高品质、高品味的环保生活,31,微信,c,1
兔宝宝,兔宝宝衣柜生产部经理朱明民介绍说，目前新设备经调试完毕，进入正常生产，较好改善了衣柜产品供不应求的状况,31,微信,c,1
兔宝宝,"　　<IMAGE SRC=""http://mmbiz.qpic.cn/mmbiz/AblUZTzBICQ8TDCpB81Lfk7TgW8zObiaRv9DNIdS30YgHK8ianJ7kPneYn3Kic68BkWUHW1PPtTiaMmv2JtyW3akcg/0?wx_fmt=png"" >　　兔宝宝衣柜全屋定制新品系列已上市",31,微信,c,1
兔宝宝,兔宝宝衣柜全屋定制新品系列已上市,31,微信,t,1
兔宝宝,"zhkUPojc5O2KcmhoKl6icficRzBZOojOnKzAkR2BJelxFTmo4soIDeG4STww/0?wx_fmt=jpeg"" >　　这是纹理精美的花梨木科技木皮　　近日，德华兔宝宝新申请的原材料选用、封端防裂、仿真重组等7件科技木专利都已成功受理",32,微信,c,1
兔宝宝,至此，兔宝宝科技木实现了每一道工序的专利申请,32,微信,c,1
兔宝宝,　　这几年，兔宝宝科技木的销售额以4~6%的速率递增，产品在技术方面不断推陈出新，对客户吸引力也在不断加大,32,微信,c,1
兔宝宝,"FibYv0qrEqzhkUKicBexcFr8wdiavia55JibxHEUSgSzkdBfZRYx5rZRtfMTsxliaMqNn5a5w/0?wx_fmt=png"" >　　光是单板制造方面，兔宝宝就先后开发出以小径级速生用材及防虫樟子松为原材料，摆脱了对椴木、阿尤斯等大径级进口树种的依赖，重组后的科技木线条感更为自然生动",32,微信,c,1
兔宝宝,　　近些年，兔宝宝不断壮大，缘何能坚持做到“以创新为矛、专利为盾”带领企业走在行业前端,32,微信,c,1
兔宝宝,兔宝宝相关负责人说，别看现在企业专利申请做的如此到位，多年前，也吃过未申请专利保护的亏，科技木生产中的部分工艺环节就因未重视技术成果保护，遭到其他公司抢注专利,32,微信,c,1
兔宝宝,”在生产车间，工作人员向记者介绍，为突破原木封端技术瓶颈，兔宝宝研究出新型防裂封端胶，避免了对后续加工质量的影响,32,微信,c,1
兔宝宝,　　此前，兔宝宝主要是通过粘贴蜡纸法和涂刷石蜡防水剂法，对原木单板的端部进行保护，但或多或少给后序加工带来了不便,32,微信,c,1
兔宝宝,去年年初，兔宝宝着手研究封端技术，近一年多的生产测试检验，于今年年初正式使用,32,微信,c,1
兔宝宝,”兔宝宝相关负责人表示,32,微信,c,1
兔宝宝,”截至目前，兔宝宝科技木公司共申请相关专利46件，18件已授权，包括14件发明专利、4件实用新型专利，囊括了科技木整个生产流程的每道生产工序,32,微信,c,1
兔宝宝,"　　<IMAGE SRC=""http://mmbiz.qpic.cn/mmbiz/AblUZTzBICQ8TDCpB81Lfk7TgW8zObiaRv9DNIdS30YgHK8ianJ7kPneYn3Kic68BkWUHW1PPtTiaMmv2JtyW3akcg/0?wx_fmt=png"" >　　好厉害，兔宝宝科技木每道工序都申请了专利",32,微信,c,1
兔宝宝,好厉害，兔宝宝科技木每道工序都申请了专利！,32,微信,t,1
兔宝宝,　　兔宝宝环保中国行南昌举办三季以来，好评如潮，品牌响力不断扩大，未来2年发展前景凸显,33,微信,c,1
兔宝宝,　　近几年，兔宝宝在江西得到了快速发展，计划让江西90%以上的人都能随时随地购买兔宝宝环保板材产品,33,微信,c,1
兔宝宝,为此，新浪家居专程采访兔宝宝南昌健康饰材店的玉翔装饰材料公司董事长王玉平，谈到“兔宝宝环保中国行”，王总及在现场的江西区域负责人也表示了信心十足,33,微信,c,1
兔宝宝,"NGP6S8FicAyqFZWEbS9Al37HYTDVIRBibDsonYMg4N1sBqTjF801uN5cvhFBlEYRkjBRE392hmgoEFhg/0?wx_fmt=jpeg"" >　　（兔宝宝南昌半年度总结会议）　　王总说，现在消费者越来越关注产品环保，而我们的产品，涵盖家具生态板、地板等，都是用植物胶的胶水研制成功的，使用的胶水比较环保，能够达到国家标准；在南昌举办的环保中国行，周",33,微信,c,1
兔宝宝,"P6S8FicAyqFZWEbS9Al37HYL8ktWDYVTLp7LuaP4JXaibSvoue3z45In5xicPPXjZOcjwYMn2VgKAiaw/0?wx_fmt=jpeg"" >　　（兔宝宝南昌半年度总结会议）　　做活动我们不做虚头，价格最实惠，产品最齐全，板材、地板、木门、油漆涂料、墙纸、五金、胶粘剂等系列产品材料，质优价廉，业主也得到了实惠，感谢兔宝宝这个平台，做活动目的就是让",33,微信,c,1
兔宝宝,"P6S8FicAyqFZWEbS9Al37HYWgY2dJS0R3O2nXsd3wU8iaJl6vGy8NiawXNOEMztpB36YJjx5OuiajAWg/0?wx_fmt=jpeg"" >　　（兔宝宝南昌半年度总结会议）　　我们推出了一款市面上仅有的新产品，叫360°除醛生态板，它能吸附甲醛、分解甲醛，可以用做衣柜的板材，市面上的普通板材是很难达到这个功能的",33,微信,c,1
兔宝宝,"ZWEbS9Al37HY2aB0icPI8iakUIBl0MJIlPM3jkFsib2yXicl8VOMb6XNtkeWbfXtLHILPQ/0?wx_fmt=jpeg"" >　　（站在王总对面说话的是兔宝宝南昌区域的姜经理，左是小孔，右是小姚）　　兔宝宝江西区域负责人陈经理也表示：2012年，专卖店数量，包括所有地级市甚至所有县城，只有34家",33,微信,c,1
兔宝宝,但是目前江西，兔宝宝专卖店加起来有上百家，销量现在上升到了几个亿,33,微信,c,1
兔宝宝,是因为兔宝宝把关比较严格，每一板材在生产时都会经过严格全项检测，产品质量做到真正的环保,33,微信,c,1
兔宝宝,随时随地购买到兔宝宝，让每家每户都能用上环保型产品,33,微信,c,1
兔宝宝,　　文字来源：新浪家居　　编辑整理：潇O　　玉翔装饰：树立质量和服务标杆　　兔宝宝助力环保生活,33,微信,c,1
兔宝宝,玉翔装饰：树立质量和服务标杆兔宝宝助力环保生活,33,微信,t,1
兔宝宝,　　2017年6月28日，湖州海关关长吴春雷一行在德清县副县长王少华、县商务局副局长沈占明的陪同下，来德华兔宝宝调研企业通关及外贸业务发展情况，德华兔宝宝总经理陆利华、浙江德华兔宝宝进出口有限公司总经理沈元林陪同调研,34,微信,c,1
兔宝宝,"QBM4BMZSU0GPg/0?wx_fmt=png"" >　　在五楼召开的座谈会上，陆利华向调研组详细汇报了公司的生产经营情况，从品牌渠道建设、产品自主创新、整体家居业务、互联网销售新模式等方面阐述了兔宝宝如何做强做精实现百亿目标",34,微信,c,1
兔宝宝,沈元林还就企业今年外贸进出口情况和通关情况进行汇报，感谢海关等政府相关部门对兔宝宝的支持与帮助,34,微信,c,1
兔宝宝,　　吴春雷充分肯定了德华兔宝宝坚持主业不动摇、坚定转型不放松、不断提升企业核心竞争力的做法和举措,34,微信,c,1
兔宝宝,"o090OgZqGO4Wb7Nq3LO74ViaIrdklDhMxcXGykhibARicJO1Rgvreg28wz0y0pDSQXiclnhA/0?wx_fmt=png"" >　　随后调研组一行参观了兔宝宝研究院展示中心，内部陈列的各种木制品及环保技术，特别是公司自主研发的科技木和“木竹材料阻燃与温敏可逆变色技术”等得到调研人员的赞赏",34,微信,c,1
兔宝宝,"　　<IMAGE SRC=""http://mmbiz.qpic.cn/mmbiz/AblUZTzBICQ8TDCpB81Lfk7TgW8zObiaRv9DNIdS30YgHK8ianJ7kPneYn3Kic68BkWUHW1PPtTiaMmv2JtyW3akcg/0?wx_fmt=png"" >　　湖州海关关长吴春雷来兔宝宝调研",34,微信,c,1
兔宝宝,湖州海关关长吴春雷来兔宝宝调研,34,微信,t,1
兔宝宝, 我们兔宝宝量身为你打造，质量、环保通通不是问题,35,微信,c,1
兔宝宝,　　2017年5月18日，兔宝宝受邀参加“聚.合”第二届中国建材行业高峰论坛暨2017中国建材网推荐品牌颁奖典礼，并荣获2017中国建材网推荐“板材十大品牌”,35,微信,c,1
兔宝宝,"　　<IMAGE SRC=""http://mmbiz.qpic.cn/mmbiz_jpg/T6FSB8ushibBQS4lay5Kcl9oib6u9g9lcTibs4xbpAibjicTVd3ZF5Pz6W3axQ3GG2qFqvQofhgpCxibKNICAB9aXmmg/0?wx_fmt=jpeg"" >　　兔宝宝板材是家喻户晓的知名大牌，优质、环保也是市场公认的",35,微信,c,1
兔宝宝,并且兔宝宝板材种类齐全，按照功能分为基础板材、功能板材，其中兔宝宝基础板材：包括胶合板、细木工板、集成板、纤维板、三层指接板、顺芯板、抽空刨花板等；兔宝宝功能板材：包括360°除醛生态板、阻燃板、负离子保健板材等,35,微信,c,1
兔宝宝,兔宝宝板材的环保性是业界公认的，很多消费者购买兔宝宝板材也是冲着兔宝宝的好口碑而来,35,微信,c,1
兔宝宝,　　德华兔宝宝装饰新材股份有限公司创建于1993年，并于2005年5月10日在深圳证券交易所上市交易（股票简称：兔宝宝，股票代码：002043）,35,微信,c,1
兔宝宝,兔宝宝荣获2017中国建材网推荐“板材十大品牌”,35,微信,c,1
兔宝宝,当仁不让！兔宝宝荣获2017中国建材网推荐“板材十大品牌”！,35,微信,t,1
兔宝宝,"N6MThvoDbvicPgccYYMiawaWvSQHYGtia57ibmH1FxEtiaE6KJibLa5YQ/640?wx_fmt=png"" >　　周观点：持续推荐中国巨石、东方雨虹、伟星新材、兔宝宝<IMAGE SRC=""http://mmbiz.qpic.cn/mmbiz_png/YHSiamlMTYLYbfpPiaFN5e0EXuOgACg6n5X4QIcQ1iaoIsscxib1yB",36,微信,c,1
兔宝宝,国内装饰建材行业散乱无序，兔宝宝、伟星新材、东方雨虹、三棵树分别作为装饰板材、家装管道、防水材料、建筑涂料行业一线品牌，市占率仅3-6%，呈现明显 “大行业小龙头”格局，在消费升级及下游地产集中度提升带动下，市场份额将加速向龙头集聚，我们坚定看好上述消费品建材龙头穿越周期的持续成长能力，重点推荐东方雨虹、伟星新材、兔宝宝、三棵树,36,微信,c,1
兔宝宝,　　兔宝宝（002043）　　1、中长期来看，公司在基础板材行业市占率仅2~3%，品牌及渠道优势明显，后续发展空间仍大；　　2、积极布局成品家居，后续或有成品家居外延及线上布局预期：地板进展居前，衣柜、橱柜等拓展战略明确；已成立成品家居领域产业并购基金；收购多赢网络；　　3、公司成功的渠道/品牌布局、轻资产模式互动，市占率提升及利润品比重提升有望驱动2017~2018年利润保持快速增长,36,微信,c,1
兔宝宝,htsec.com　　微信号: lucker_rather　　地址：上海市广东路689号海通大厦9楼，200001　　【海通建材 邱友锋/钱佳佳/冯晨阳】周观点：持续推荐中国巨石、东方雨虹、伟星新材、兔宝宝,36,微信,c,1
兔宝宝,【海通建材邱友锋/钱佳佳/冯晨阳】周观点：持续推荐中国巨石、东方雨虹、伟星新材、兔宝宝,36,微信,t,1
兔宝宝,　　一切承诺，皆因实力――兔宝宝地板　　兔宝宝公司成立于1993年，是我国木制装饰材料行业龙头企业,37,微信,c,1
兔宝宝, 20 年来，兔宝宝地板一直以“和苹果一样环保”的品质追求，服务全球39个国家与地区消费者,37,微信,c,1
兔宝宝,　　兔宝宝地板一直深耕欧美市场，通过与意大利Sipa、美国Homedepot、韩国LG等国际品牌战略合作12年，获得了以全球最环保的欧洲标准制作各类地板的技术能力和丰富经验,37,微信,c,1
兔宝宝,――兔宝宝地板　　合川铂金环球广场・建玛特建材家居专业大卖场（合川汽车站对面）　　建玛特二楼兔宝宝地板专卖店216-218在此 主营：实木地板、实木复合（多层）地板、强化地板和兔宝宝汤豪斯・专业地暖地板　　各种珍稀木种地板，各种高大上，您想要的这里都有，您想不到的奢华，这里也有,37,微信,c,1
兔宝宝,"3NsG9UCb5aVIsy3FRMcsLvlwwNm6iaTH8OZJmMIvAlm6E6HE6tECFMPyUWNdsIo7Jg4EV6qwaMfZibwBg/0?wx_fmt=jpeg"" >　　兔宝宝地板的品牌定位就是“和苹果一样环保”",37,微信,c,1
兔宝宝,兔宝宝地板销售公司总经理蔡荣根表示：“ 我们只做‘环保’，我们卖的不是地板是环保,37,微信,c,1
兔宝宝,我们兔宝宝努力给消费者最环保、最安全的产品,37,微信,c,1
兔宝宝,现在越来越多的消费者选择我们兔宝宝地板，这也就是对我们最大的肯定,37,微信,c,1
兔宝宝,一切承诺，皆因实力――兔宝宝地板,37,微信,t,1
兔宝宝,目前国内啤酒的甲醛平均含量为0.31毫克／升，国家饮用水安全卫生标准为甲醛残留浓度小于0.9毫克/升，而兔宝宝板材E0产品甲醛释放量平均值小于0.5mg/L，可以与食品、饮用水等相关产品的健康安全标准相提并论,38,微信,c,1
兔宝宝,早在2004年11月28日，德华兔宝宝装饰新材股份有限公司利用非醛类生物质原料研制成功的“人造板用无醛级胶粘剂”、“无醛级薄木装饰贴面板”获得《国家重点新产品证书》，标志着这两款产品环境质量指标达到国内、国际先进水平，胶合强度指标符合国家标准GB/T 9846-2004的要求,38,微信,c,1
兔宝宝,至此，德华兔宝宝装饰新材股份有限公司自主研发生产的“人造板用无醛级胶粘剂”、“无醛级薄木装饰贴面板”领先于全行业达到无醛级标准，并超过美国CARBⅡ要求、日本F★★★★级成为目前世界上最严格的标准,38,微信,c,1
兔宝宝,"MOBoXghWXSAXdkLTrKrr4k84pZgDd1DwrN3P8jibXmTuGbbzf6LnHltO2nFmwGfR3oVQ58EiaGicCWibic7pPvpfGw/640?"" >　　兔宝宝人造板所使用的无醛级胶粘剂，采用生物质原料为核心材料，从根本上解决了我国人造板材存在的甲醛释放问题，2010年，兔宝宝“无醛级”人造板材规模化生产，填补了行业空白，为消费者提供了一种更为绿色环保",38,微信,c,1
兔宝宝,　　以德为本，兔宝宝倡导不盲目打价格战、不以劣质产品吸引消费者眼球、不做以次充好、不误导消费者，坚持以合理的价格提供给消费者高品质环保的产品,38,微信,c,1
兔宝宝,更重要的是，兔宝宝对其销售的产品在每件外包装上都进行了规范的标注，符合国家要求及相关规定，真正做到了让消费者购买放心，使用安心,38,微信,c,1
兔宝宝,"　　<IMAGE SRC=""http://mmbiz.qpic.cn/mmbiz_gif/WS0QrsxNkogtgF596z6EVT4ia7EK9lQMJgYn2pfIIqfibS22KTGWk4TlQo74h7OSEwdicZ6HnArib9lf8ga6uNrvPw/0?wx_fmt=gif"" >　　兔宝宝板材甲醛释放量几近为零",38,微信,c,1
兔宝宝,兔宝宝板材甲醛释放量几近为零！,38,微信,t,1
兔宝宝,"　　<IMAGE SRC=""http://mmbiz.qpic.cn/mmbiz_png/dnTKOUjYTo3TVn0qqOybOFE2ax7hveibG2PucWr2LhmfgEhjqk1TOKTzB61NciaQy3aUicAar9Nl57nTHQ6Z39G1A/0?wx_fmt=gif"" >【导读】品牌代表信誉、彰显实力，选择兔宝宝板材，让你买着放心用着舒心，让你尽享环保绿色生活",39,微信,c,1
兔宝宝,　　谈到兔宝宝板材，大家都齐声赞誉,39,微信,c,1
兔宝宝,在中国品牌网的生态板品牌排行中，兔宝宝稳居第一，兔宝宝是中国驰名商标，成为胶合板行业标志性品牌 ，是装饰贴面板行业产销规模领先企业,39,微信,c,1
兔宝宝,兔宝宝之所以能够拥有今天的低位，与它的经营理念和营销战略是分不开的,39,微信,c,1
兔宝宝,　　兔宝宝板材是德华兔宝宝装饰新材股份有限公司生产的品牌，该公司成立于1993，是中国装饰面板行业销售行业的领导者,39,微信,c,1
兔宝宝,公司股票于2005年5月10日在深圳证券交易所上市交易（股票简称：兔宝宝，股票代码：002043），是同行业中第一家上市公司,39,微信,c,1
兔宝宝,　　作为知名中国生态板品牌，兔宝宝并没有停止发展创新的脚步，十多年来不断的进行资源优化组合，使得公司的品牌、规模、研发能力以及原木采购和产品营销网络在国内行业中形成了清晰的领先优势，从而保证了公司业绩的连年的稳步提升,39,微信,c,1
兔宝宝,"　　<IMAGE SRC=""http://mmbiz.qpic.cn/mmbiz_jpg/dnTKOUjYTo01S7m3vpFlLXuYdStkicPFVEob062XtauLL3vWYnqZOKSLY2yOZ6NnVW8E1CIk9rNVeaRiaa1RHibpQ/0?wx_fmt=jpeg"" >　　品牌代表信誉、彰显实力，选择兔宝宝板材，让你买着放心用着舒心，让你尽享环保绿色生活",39,微信,c,1
兔宝宝,"　　<IMAGE SRC=""http://mmbiz.qpic.cn/mmbiz_gif/dnTKOUjYTo295zngicDBnZmstWjt7cAONIRJOI2R2GaWESVjIsusJXue8R2RWEDibo3ic0Srgn0icd9v8FvcJGA1icA/0?wx_fmt=gif"" >　　兔宝宝板材 让你尽享环保绿色生活",39,微信,c,1
兔宝宝,兔宝宝板材让你尽享环保绿色生活,39,微信,t,1
兔宝宝,兔宝宝荣获2017中国建材网推荐“板材十大品牌”,40,微信,c,1
兔宝宝,　　2017年5月18日，兔宝宝受邀参加“聚.合”第二届中国建材行业高峰论坛暨2017中国建材网推荐品牌颁奖典礼，并荣获2017中国建材网推荐“板材十大品牌”,40,微信,c,1
兔宝宝,"0c6GSAiawRCUr0CuRIzRibqJ31ZnFWZZYHwnrnKDjHDtDn3fDBAtzuDgNNA/640?wx_fmt=jpeg"" >　　（此为网络评选荣誉，仅限于网络宣传）　　兔宝宝板材是家喻户晓的知名大牌，优质、环保也是市场公认的",40,微信,c,1
兔宝宝,并且兔宝宝板材种类齐全，按照功能分为基础板材、功能板材，其中兔宝宝基础板材：包括胶合板、细木工板、集成板、纤维板、三层指接板、顺芯板、抽空刨花板等；兔宝宝功能板材：包括360°除醛生态板、阻燃板、负离子保健板材等,40,微信,c,1
兔宝宝,兔宝宝板材的环保性是业界公认的，很多消费者购买兔宝宝板材也是冲着兔宝宝的好口碑而来,40,微信,c,1
兔宝宝,　　德华兔宝宝装饰新材股份有限公司创建于1993年，并于2005年5月10日在深圳证券交易所上市交易（股票简称：兔宝宝，股票代码：002043）,40,微信,c,1
兔宝宝,　　我公司於2014年与行业龙头企业DD中国德华兔宝宝股份有限公司联手共同创建的“兔宝宝健康饰材专卖店DD长垣店”、“德华兔宝宝整体衣柜制造厂DD长垣分厂”,40,微信,c,1
兔宝宝,合作商家有“兔宝宝板材”、“兔宝宝地板”、“兔宝宝木门”、“兔宝宝整体衣柜”、“广东巴德士化工有限公司”、十大锁王“烟台三环锁业集团有限公司”等等，并推出量房订制整体衣柜、厨柜、货架、办公家具等业务，并对外承接各种室内外装修工程,40,微信,c,1
兔宝宝,兔宝宝荣获2017中国建材网推荐“板材十大品牌”,40,微信,c,1
兔宝宝,当仁不让！兔宝宝荣获2017中国建材网推荐“板材十大品牌”！,40,微信,t,1
兔宝宝,　　让我们一起穿越时空，走进德华兔宝宝品牌故事，看看二十多年前……　　四顾茅芦请人才　　创业初期，除了有梦想，似乎什么都没有,41,微信,c,1
兔宝宝,公司先后组建了省级企业技术中心、博士后工作站、兔宝宝研究院等，和中国林科院木材工业研究所、南京林业大学、浙江农林大学等院校建立科研生产全面合作关系,41,微信,c,1
兔宝宝,2013年，兔宝宝打开国际技术合作的大门，和世界一流的加拿大艾伯塔科技创新研究院签署了战略合作协议，进一步提升了兔宝宝研究院在林产工业前沿技术,41,微信,c,1
兔宝宝,　　用心品牌建设　　1、2009年9月23日，兔宝宝成功中标世博会,41,微信,c,1
兔宝宝,　　2、2010年10月21日，“ 兔宝宝E0级健康饰材全线升级为无醛级+防虫蛀二合一”新产品发布,41,微信,c,1
兔宝宝,　　3、 2013年11月6日 兔宝宝在美国对中国胶合板“双反”案胜诉,41,微信,c,1
兔宝宝,　　4、 2014年4月18日，德华兔宝宝荣获2013年度“浙江省政府质量奖,41,微信,c,1
兔宝宝,　　5、 整体家居产业园正式投产　　2015年6月上旬，位于德清县乾元镇的兔宝宝家居产业园区，启动不到6个月的兔宝宝整体家居产业项目一期生产线已完成设备安装，开始进入试生产阶段，这是兔宝宝宝家居产业发展史上又一个新的里程碑,41,微信,c,1
兔宝宝,　　6、兔宝宝360度除醛产品举行发布会　　 2015年9月10日，兔宝宝“竭净醛力”新品发布会在德清举行，360°除醛系列产品正式上市,41,微信,c,1
兔宝宝,　　8、 2016年9月6日，G20杭州峰会胜利闭幕，参与建设主会场“杭州国际博览中心”和嘉宾下榻酒店“杭州西湖国宾馆”的兔宝宝，给出了它的G20答卷：在85万O主会场中，15万O兔宝宝胶合板占场馆建设胶合板总使用量的90%，上千平方米专业定制的“本色仿古橡木浮雕”地板也占了国宾馆所用地板面积约60%,41,微信,c,1
兔宝宝,　　资料来源：兔宝宝　　编辑整理：潇O,41,微信,c,1
兔宝宝,穿越时空 带你走进艰苦创业初期之兔宝宝,41,微信,t,1
兔宝宝,"ghWXTcZ94kWdXwVTDYn0aAXyyZOVdFmxOibLWE5gbvk4O7YZUJFjJzmSz9eRUtPwoG25sYKFtjZkUoy9w/0?wx_fmt=jpeg"" >　　兔宝宝2005年上市，目前的总市值超100亿，资产规模大 1、兔宝宝资产规模大，小企业资产规模小；　　2、大企业人多，小企业人少；　　3、大企业需要管理程序才能很好运行，小企业有几个主要领导就可以运行",42,微信,c,1
兔宝宝,"vUOeEX9gzKmxnYQEtvsT7VrFWGCL8fSebHEXotxEPEvathPtb0PX208ZWemx0hHhHA/0?wx_fmt=gif"" >　　【长按扫描、识别、关注】　　绿色兔宝宝安心住进家|板材 衣柜 木门 地板 木皮 五金　　点击 阅读原文， 0元免费设计",42,微信,c,1
兔宝宝,选兔宝宝原因很简单的，请看……,42,微信,t,1
兔宝宝,　　兔宝宝：用品牌说话,43,微信,c,1
兔宝宝,"cmZTEobicdDgAEot8cOq9Ec9aiarLjFpibNaP6DFAw4p7IzP49XRr6kSCxDUfl9SibYFd9AvvWwA/0?wx_fmt=gif"" >　　二十多年来，兔宝宝公司进行不断的资源优化组合，使公司的品牌、规模、研发能力、人力资源、原木采购和产品营销网络等在国内同行业中形成明显的领先优势，从而确保了公司业绩的稳步提升",43,微信,c,1
兔宝宝,让“绿色兔宝宝，安心住进家” 的消费理念深入人心,43,微信,c,1
兔宝宝,"　　<IMAGE SRC=""http://mmbiz.qpic.cn/mmbiz_jpg/oxF6VooP4aAibj71ytibUVwvhXbzvUwAxLWXA880bFnU5U6kdhrOnYmBSkZGs56AN9K6zMVvicjktW5R3zG05UaPQ/0?wx_fmt=jpeg"" >　　兔宝宝公司拥有三大品牌优势，让其在环保型装饰材料的研发和市场推广上一直处于国内建材行业的佼佼者",43,微信,c,1
兔宝宝,同时兔宝宝公司一直努力构建资源优势、品牌优势，大力实施板材、衣柜、木门、地板等几大专卖体系，实现企业跨越式发展,43,微信,c,1
兔宝宝,　　1渠道优势：全国终端销售网络　　近年来，兔宝宝板材・衣柜・木门・地板通过专卖店营建，为“产品的有效销售与服务”提供了“具备培养顾客认同度、美誉度、忠诚度”的体验式平台,43,微信,c,1
兔宝宝,2010年，兔宝宝完成了专卖网络在华东地区的全覆盖以及全国网络主框架的搭建；2013年以后兔宝宝的销售网络进一步向外围推进，截止2016年兔宝宝专卖店已经达到两千多家,43,微信,c,1
兔宝宝,兔宝宝一直致力于产品环保等级不断升级，成为引领整个行业绿色产品开发的环保先锋,43,微信,c,1
兔宝宝,"iz/oxF6VooP4aBLTWxvHcaIrvN0QricvxCT2B1QafiaTJnUcL5ich32RnYKjmLyIHLD5N0ZUDvHAcb5frvKSYaDliaqzQ/0"" >　　兔宝宝：用品牌说话",43,微信,c,1
兔宝宝,兔宝宝：用品牌说话！,43,微信,t,1
兔宝宝,　　防止“病毒入侵”，兔宝宝有方法,44,微信,c,1
兔宝宝,"0?wx_fmt=gif"" >　　板材的使用应该是整个装修用材的大头，大家可以选择指接板，因为它的结构优势可以让它尽量少的使用胶粘剂；还有生态免漆板，不用考虑持久不散的油漆味，因为它不用上漆，特别推荐兔宝宝360°除醛生态板，“除醛更彻底，呵护无保留”；顺芯板就不得了了，上天下地都不在话下，你有多大脑洞，它就有多大能耐，最重要的是它的安全系数是无醛级，绿色家装妥妥的",44,微信,c,1
兔宝宝,兔宝宝定制衣柜质量杠杠的，设计更是一流，还有我们非常重视良好的服务，完全顺应客户的意愿，并专业地提出合理性的意见，直到客户满意为止,44,微信,c,1
兔宝宝,"fNGPPECGRZKQ4jTQ/0?wx_fmt=gif"" >　　观察发现卧室一般都会选择铺装木地板，因为它脚感也更加舒适、也能让房间更加温馨，如果懒妹子麻烦木地板的打理，可以选购实木复合地板，而且兔宝宝的实木复合地板早在2015年就全部升级为E0级，经过这两年的努力，产品质量更加稳定",44,微信,c,1
兔宝宝,兔宝宝地板更与国外有着千丝万缕的联系，它与国际接轨，被很多国家认可，是一款全球化的地板哦,44,微信,c,1
兔宝宝,今年兔宝宝更是在江西成立了木龙骨运营中心，对木龙骨的质量进行了严格管控，所以消费者在使用的过程中可以更加放心大胆,44,微信,c,1
兔宝宝,"BDVwY9Rf2kc8vvl77fvRzmJkU9WL6rVicLMGqKfNGPPECGRZKQ4jTQ/0?wx_fmt=gif"" >　　装修流程中，木工完毕之后就是油漆进场，墙面漆大家可以使用兔宝宝的净味墙面漆，几乎闻不到气味，并且干净不会污染室内环境",44,微信,c,1
兔宝宝,儿童房可以使用兔宝宝儿童漆,44,微信,c,1
兔宝宝,从儿童健康角度出发，针对儿童成长环境及生理状况，兔宝宝儿童房专用墙面漆全部使用环保材料，没有普通油漆的异味及有害物质的释放，最大特点是内含天然薰衣草精油，由薰衣草直接提炼而成，运用先进制漆技术和净味技术，长久释放薰衣草精油的淡雅香味，可净化空气、缓解紧张情绪，全方位对家庭空气进行防护，确保儿童房空气清洁,44,微信,c,1
兔宝宝,"　　兔宝宝独家专稿　　部分图片摘自网络，侵删　　品牌推广部编辑排版　　<IMAGE SRC=""http://mmbiz.qpic.cn/mmbiz_gif/zMOBoXghWXQmmTiaatqbpvUO",44,微信,c,1
兔宝宝,防止“病毒入侵”，兔宝宝有方法！,44,微信,t,1
兔宝宝,"　　兔宝宝衣柜守护权益，七大防伪为您保驾护航　　<IMAGE SRC=""http://mmbiz.qpic.cn/mmbiz/zMOBoXghWXSUayfX0Q7L3Z6OZs8STcj8yUNZWwA",45,微信,c,1
兔宝宝,"　　<IMAGE SRC=""http://mmbiz.qpic.cn/mmbiz_png/zMOBoXghWXTNFEJkicdv9TR4nx4IjOicdr1fJzcIbfKzB3UkUgcEtTgs0foibKI2SiaTrib80QMTZ79B6FzhLtsVMJA/0?wx_fmt=png"" >　　兔宝宝衣柜防伪升级，请对假冒仿造说“NO”",45,微信,c,1
兔宝宝,　　我们虽然无法遏制市场上这种“伪造”的现象，但我们始终对此深恶痛绝，为此，兔宝宝衣柜也提升了自身的防伪标识，希望广大消费者能够警觉，对假冒仿造说“NO”,45,微信,c,1
兔宝宝,　　一．板件　　兔宝宝衣柜所用板件都为衣柜专用板，板面平整度、厚度确保为18mm，消费者甚至可以拿尺侧量，除了稳定性更好外，这也是区分兔宝宝衣柜真假的关键,45,微信,c,1
兔宝宝,"E5ib9bUnbRqBkQWyhV4dVCA6T9ibpHcCWcEBw/0?wx_fmt=png"" >　　二．紫外辐射防伪升级　　此外，我们将紫外线防伪进行了更新换代，由原本的“TUBAO”改为“兔宝宝衣柜”，每一块板件都有兔宝宝紫外辐射防伪标识，可随时检验",45,微信,c,1
兔宝宝,"j78F5u3y0beqpESiaM7zxpBa3pbwUfpuJbUKLTqdhzkDXLqXwJFQ/0?wx_fmt=png"" >　　三．铭牌升级，防伪码双重保障　　除了紫外线防伪之外，我们也对兔宝宝衣柜铭牌进行了改版升级，当然老版的铭牌现在也依旧合规，目前仍在使用",45,微信,c,1
兔宝宝,同时再加上兔宝宝衣柜防伪码，双重保障，安全放心,45,微信,c,1
兔宝宝,"ficGB89sZE7k6HG0fRDXWx4d9s9DX2uoXb43DnqZHsNOq2SW6s8kpQ91AFfzdwf2IOzdvw/640?wx_fmt=png"" >　　四．圆方软件建模　　兔宝宝衣柜有公司专用的圆方软件开发的兔宝宝衣柜专用建模导入的图形，可30分钟出效果图，并且可根据需要自由采用双色与跳色",45,微信,c,1
兔宝宝,"4nx4IjOicdr2OmV5l4SfkhoT5hlicA5T2HSQhrVEYyiappK3AndzicWQcVC8V0dWTciag/0?wx_fmt=png"" >　　五．配套完善，同款同色　　兔宝宝衣柜有总公司配套的移门、模压、实木门板、顶线、罗马柱等完整配套，做到了同款同色，且配套的移门上也有兔宝宝商标与防伪，而且板件的封边条标识也由原本的“TUBAO”更新为“兔宝宝衣柜”，增加了兔宝宝",45,微信,c,1
兔宝宝,"XZ6TbnhlZcbGUY93aD7gCAECLgjNw6mpMyicaMAe39tlpNnBA/0?wx_fmt=png"" >　　六．德国豪迈全线生产，美观精致　　木工在封边时一般采用卡条钉入，而兔宝宝衣柜则是采用德国进口的豪迈线封边，做工方面更加精细，定制衣柜是随心所欲的，没有局限性，灵活方便拆装，不破坏家里环境卫生，并且可以定期上门维护服务，不同于木工打衣柜是固定的，款式不喜欢也无法更改，",45,微信,c,1
兔宝宝,"EJkicdv9TR4nx4IjOicdrgKMKwkPhtOBhBUUcSibWBb1zTrMOWmlQRrqI4YlQKfpy9VmJrBoXNww/0?wx_fmt=png"" >　　七．胶水　　兔宝宝衣柜与当地加工厂或者与别的品牌的区别，环保性的产品不止单单是柜身基材好，而且它的封边所采用的永特耐木工胶也非常环保，作为20年专业木工胶应用，同时也是中国胶黏剂行业技术力量雄厚，创新意识超前，新",45,微信,c,1
兔宝宝,"hWXTNFEJkicdv9TR4nx4IjOicdrfHb6yzeEIww9ueFp8WGteiaMyUoy3UIO6le7vDWadjwk3mB5tEM1Saw/0?wx_fmt=png"" >　　兔宝宝衣柜的七大防伪升级，不仅是对自身品牌的产品品质和服务的强大信心，更是为了保障广大消费者的消费权益，让每个产品都有防伪标志和防伪功能，以确保消费者能够买到货真价实的家居产品",45,微信,c,1
兔宝宝,"　　兔宝宝独家专稿　　品牌推广部编辑排版　　<IMAGE SRC=""http://mmbiz.qpic.cn/mmbiz_gif/zMOBoXghWXQmmTiaatqbpvUOeEX9gzKmxnYQE",45,微信,c,1
兔宝宝,兔宝宝衣柜守护权益，七大防伪为您保驾护航,45,微信,t,1
兔宝宝,　　三果衣柜邀您参与兔宝宝股价有奖竞猜，A千元现金加环保中国行门票,46,微信,c,1
兔宝宝,"RbfKoOA7XueGwhyjplehcOZ1jgZOdt5peHnsia56SFj2Q/640?wx_fmt=png"" >　　一、活动规则：　　1、活动主题：竞猜2017年5月26日（周五）当天&兔宝宝（002043）股票在深市的收盘价；　　2、竞猜活动时间：2017年05月16日15:00至2017年5月25日（周四）15:00结束；以收盘价精准度和发出竞猜价时间排名，精准且时间靠前者，排名",46,微信,c,1
兔宝宝,　　三、奖品设置：　　所有奖品均由三果衣柜提供，奖项分别为：　　一等奖：1000元现金1名，　　二等奖：奖励下单三果衣柜&兔宝宝板免800元现金10名；　　三等奖：奖励下单三果衣柜&兔宝宝免600元现金20名；下单总货款需满5000以上,46,微信,c,1
兔宝宝,　　（竞猜奖项和下定返现奖项不重复计算）　　猜中股票价前50户业主，展会当天可到三果衣柜&兔宝宝展位领取价值788元三果&兔宝宝环保中国行门票1张；　　爱家就给家人选 “无醛芯”的衣柜,46,微信,c,1
兔宝宝,　　三果衣柜兔宝宝板系列衣柜上市,46,微信,c,1
兔宝宝,兔宝宝板柜体6.1折钜惠,46,微信,c,1
兔宝宝,"Iibo451h39eQOFMJuBr0czrzKDRY8zfJpbLN1IJKAPNtrEDEeoNNHyz72DHZP5uyvzKsRY9m7g/0?wx_fmt=gif"" >　　三果衣柜邀您参与兔宝宝股价有奖竞猜，A千元现金加环保中国行门票",46,微信,c,1
兔宝宝,三果衣柜邀您参与兔宝宝股价有奖竞猜，A千元现金加环保中国行门票！,46,微信,t,1
兔宝宝,　　【品牌推荐】热烈祝贺中国板材著名品牌“兔宝宝板材”入驻希刚国际家居博览城,47,微信,c,1
兔宝宝,"sltMMAPD7y9kbB939AGYf2N52HVcJ8sba7eGF6YQ9o9NHKfBpqollH9ibtpB7h3vNe6aS47Ytoxpib5Yg/0?wx_fmt=jpeg"" >　　兔宝宝板材 加入希刚国际家居博览城　　兔宝宝板材　　德华兔宝宝装饰新材股份有限公司创建于1993年，经过二十年的不懈努力和创新发展，公司已经从单一的装饰贴面板生产型企业发展成为我国具有较大影响力的室内",47,微信,c,1
兔宝宝,公司股票于2005年5月10日在深圳证券交易所上市交易（股票简称：兔宝宝，股票代码：002043）,47,微信,c,1
兔宝宝,"　　兔宝宝板材希刚家居博览城地址：36号楼101-105、118-123号　　联系方式：刘艳婷：13937035061　　兔宝宝板材 品牌推荐　　<IMAGE SRC=""http://mmbiz.qpic",47,微信,c,1
兔宝宝,"lEIdwfibiaZ1pCF42vIReuc3T3XL4EqXykeUaewrPRaNKdaDG3IUofve8qeQ/640?wx_fmt=jpeg"" >　　【品牌推荐】热烈祝贺中国板材著名品牌“兔宝宝板材”入驻希刚国际家居博览城",47,微信,c,1
兔宝宝,【品牌推荐】热烈祝贺中国板材著名品牌“兔宝宝板材”入驻希刚国际家居博览城！,47,微信,t,1
