老凤祥,【焦作老凤祥】为什么一定要请一尊貔貅在身上,73,微信,c,0
老凤祥,    跨越三个世纪的经典｜走向世界的民族品牌    百｜年｜老｜凤 ｜祥｜            经｜典｜新｜时 ｜尚    关于老凤祥    创建于公元1848年的中国民族品牌“老凤祥”，有着悠久的历史、深厚的文化底蕴，在160多年的发展历程中，坚持传承与创新，在品牌建设、发展规模、产业结构等方面不断突破；“老凤祥”集科工贸于,73,微信,c,0
老凤祥,    ◆   ◆   ◆   ◆   ◆    更多惊喜 详情    敬请光临焦作老凤祥银楼    旗舰店：民主中路三维商业广场南100米路西  2900077    专卖店：解放中路新亚商厦西100米路北         2900011    三维专柜：三维商业广场一楼珠宝区  ,73,微信,c,0
老凤祥,    ①打开微信→发现→扫一扫→扫描二维码→点击“关注”          ②打开微信→通讯录→点击右上角“添加”→“查找公众号”搜索“焦作老凤祥银楼”→点击“关注”    赞赏    长按二维码向我转账    受苹果公司新规定影响，微信 iOS 版的赞赏功能被关闭，可通过二维码转账支持公众号,73,微信,c,0
老凤祥,【焦作老凤祥】为什么一定要请一尊貔貅在身上？,73,微信,t,0
老凤祥,老凤祥银楼、老庙黄金、中国黄金淅川专卖第二届银饰文化节盛大开幕,0,微信,c,1
老凤祥,"　　老凤祥银楼、老庙黄金、中国黄金淅川专卖第2届银饰文化节   1 元抢“银”<IMAGE SRC=""http://mmbiz.qpic.cn/mmbiz_jpg/TSMPW8hhCBCoto4X0bZi",0,微信,c,1
老凤祥,热烈祝贺迪士尼系列产品梦幻时尚，精彩上市！老凤祥银楼、老庙黄金、中国黄金淅川专卖第二届银饰文化节盛大开幕！,0,微信,t,1
老凤祥,　　【鑫鑫金店 老凤祥银楼】送福利了，黄金免工费换新款啦,1,微信,c,1
老凤祥,　　……　　活动时间2017年7月29日-8月6日　　首饰任性换  新款随意戴　　任意品牌黄金换老凤祥黄金 0元加工费换新款,1,微信,c,1
老凤祥,"Mu21us68CZambqLHGjwzLryx7RibtvfclLODl6ZbVRtV3rlDpjibicPbQup4nT8Ejw/0?wx_fmt=jpeg"" >　　　　特价银饰 5.1元/克　　老凤祥黄铂金让利 20-40元 　　　　　　寻    找爱，就像寻找那一颗最珍贵的钻石，在老凤祥，每一件用心设计的珠宝，只为完美表达您的情意，每颗钻石都代表爱人的心，光彩闪耀，见证永恒",1,微信,c,1
老凤祥,"<IMAGE SRC=""http://mmbiz.qpic.cn/mmbiz_jpg/J8LTV9XWbfibDWJTeVSju5j5ygY500d22LMIg7LSsiciaQ4LBZEKK8VIr0Vhd2HIib7QNsfpQ9mZWzoJf0icruH134A/0?wx_fmt=jpeg"" >　　春暖花开，新款时尚K金上市，　　带上您的旧金来老凤祥免费换新款吧，　　春光靓丽，就要美美的",1,微信,c,1
老凤祥,"MWv1wxyYgwMWaKBdiaia0pyOBrYTnPDwiayIZLd3DpnJeicSwXKQuUEtx0rCDe21zAecPn7jjzpXae7DfwjA/0?"" >　　结婚买钻石 就选老凤祥 全球联保 尊贵一生　　结婚选三金 就选老凤祥 百年品牌 质量保证　　戴老P祥首饰  做完美女人  　　地址：东阿县商业街中段路南　　电话：0635-6929609<IMAGE SRC=""htt",1,微信,c,1
老凤祥,【鑫鑫金店 老凤祥银楼】送福利了，黄金免工费换新款啦！,1,微信,t,1
老凤祥,"WpdyYia5zI2GygRXIZDunTK6WTOjAwTMd8pMJiaY8MV2QhPyPnjGXicEqlNQ0FibfYeqq3BGZ9FBDicp8w/0?wx_fmt=png"" >　　老凤祥招贤纳士　　招聘岗位：店长：1名，销售顾问：6名　　年龄：20-35岁，高中及以上学历，女士，身高162cm，形象好气质佳，善沟通，有珠宝销售经验者优先",2,微信,c,1
老凤祥,"aWpdyYia5zI2GygRXIZDunTK6icDFVpPBiaPAp3cmmhMTkBkQZhzDh4pJESGGpY9ibTvkEAtdVD5Rgn7lg/0?wx_fmt=png"" >　　老凤祥经营理念：　　老凤祥是百年民族品牌，中国著名的珠宝首饰品牌",2,微信,c,1
老凤祥,"""牌子老，款式新，工艺精，信誉好""是消费者对老凤祥品牌的共识",2,微信,c,1
老凤祥,而这一切，来源于老凤祥不断创新的经营理念、严格的质量管理体系、完善的银楼管理标准和齐全的十大特色服务,2,微信,c,1
老凤祥,"广为流传的""老凤祥首饰，三代人的青睐""正反映出了消费者对这一首饰著名品牌的钟爱",2,微信,c,1
老凤祥,"　　老凤祥企业文化：　　至诚DD忠诚事业，忠诚企业，忠诚顾客　　至信DD信念，信心，信誉　　至精DD精业，精艺，精品　　至善DD善事，善学，善人　　<IMAGE SRC=""http://mmbiz.qpi",2,微信,c,1
老凤祥,【许昌总店】老凤祥招贤纳士,2,微信,t,1
老凤祥,　　【易购广场】大牌来了/老凤祥银楼，强势入驻易购广场一楼，敬请期待,3,微信,c,1
老凤祥,"MsAnwicOialQarECpZ8PtOtosib8ult27CXbusQ3bzpjyLqr50SHwHgJwfOU1QmQUDBLywyzxZ8ScHfkIg/0?wx_fmt=gif"" >　　老凤祥银楼， 强势入驻易购广场一楼， 装修已近尾声，敬请期待",3,微信,c,1
老凤祥,"<IMAGE SRC=""http://mmbiz.qpic.cn/mmbiz_jpg/kOpwYUqMsAnwicOialQarECpZ8PtOtosib8gLnvOZXxzNqOlD1wjQnbpBp92H0rEmkhHibibMv7QQSqJiaXyypPvdw5w/0?wx_fmt=jpeg"" >　　老凤祥，上市公司，中国500强企业，是百年民族品牌，中国著名的珠宝首饰品牌",3,微信,c,1
老凤祥,上海老凤祥有限公司正是由创始于1848年的老凤祥银楼发展沿革而来，其商标“老凤祥”的创意，也源于老凤祥银楼的字号,3,微信,c,1
老凤祥,　　创业于1848年的老凤祥已走过了160多个春秋，是中国首饰业的世纪品牌,3,微信,c,1
老凤祥,老凤祥公司已发展成为集科工贸于一体，拥有老凤祥银楼有限公司、老凤祥首饰研究所有限公司、老凤祥珠宝首饰有限公司、老凤祥钻石加工中心有限公司等20多家子公司，首饰厂、银器厂、礼品厂、型材厂四个专业分厂，以及60余家连锁银楼、300多家专卖店和1000多家经销商的大型首饰企业集团,3,微信,c,1
老凤祥,"2016年8月，老凤祥在""2016中国企业500强""中排名第365位",3,微信,c,1
老凤祥,【易购广场】大牌来了/老凤祥银楼，强势入驻易购广场一楼，敬请期待！,3,微信,t,1
老凤祥,"　　2017[新世纪老凤祥]20公斤黄金展销会，盛大启航　　2017-08-05张掖南大街老凤祥张掖西大街专卖店 张掖西大街专卖店<IMAGE SRC=""http://mmbiz.qpic.cn/mmbiz_jpg/9Y",4,微信,c,1
老凤祥,"　　领取方式：即日起每天转发朋友圈一次，连续超过七天　　凭微信转发记录可领取礼品（不到七天不可领取）　　领取时间：2017年8月13号下午2点半开始领取　　领取地址：张掖南大街新世纪一楼老凤祥银楼店内<IMAGE SRC=""http://mmbiz.qpic.cn/mmbiz_jpg/5feXIiajDItfdWiajCNe91vhqrzI9BmGcqd55wib1Wib2tYwm1",4,微信,c,1
老凤祥, 作为珠宝首饰业与传统工艺领域的代表，老凤祥荣列第 181名,4,微信,c,1
老凤祥,2017[新世纪老凤祥]20公斤黄金展销会，盛大启航,4,微信,t,1
老凤祥,"　　盛源老凤祥银楼钜惠五一，感恩回馈大抽奖活动圆满结束　　<IMAGE SRC=""http://mmbiz.qpic.cn/mmbiz_gif/QKDxrVYehiccmnWGzOxbQvDF9lIKsVMS",5,微信,c,1
老凤祥,"Ar7mD7kqDWLOrAic9YzGs5uSfH5ia0leR3EFPr2o6BV1cJ0HDUQ/0?wx_fmt=jpeg"" >　　8、这位二等奖获得者大爷是为自己的老伴买项链，然后中了大奖，老凤祥银楼、周百生珠宝给桐柏县人民带来最好的珠宝首饰，更深意义的黄金钻石首饰",5,微信,c,1
老凤祥,"tvBatUU2wfoENRaibAGlRXMXJuIoRzvYwxQDwa9mKGr1Wg/0?wx_fmt=jpeg"" >　　9一等奖获得者是为幸运的大叔借助幸运小孩之手、烈日的夏天到了，可以带上老凤祥银楼、周百生珠宝的奖品　　品牌电冰箱回家喝上冰凉的啤酒",5,微信,c,1
老凤祥,"NsDKUib6jKPRlTmFBe2dhNdBC1iccPdfJ3iaGwQ15ibOT8ibw/0?wx_fmt=jpeg"" >　　10、特等奖获得者是一对购三金的新婚夫妇，甜蜜的新婚伴侣可以带上老凤祥银楼、周百生珠宝提供的特等奖奖品华为mate9手机一部",5,微信,c,1
老凤祥,丰厚的奖品令每一个到老凤祥银楼、周百生珠宝购买首饰的顾客都能领取一个精美礼品留着纪念,5,微信,c,1
老凤祥,表达老凤祥银楼、周百生珠宝对所有的新老顾客的感恩大回馈,5,微信,c,1
老凤祥,"ic6H5Fx7VrzvwPe1Bnb8ibvGAtnYuQJYG9fPOYqwStKfUTqTibxE9qicHhugM0XnbbbDckSapunaA/0?wx_fmt=jpeg"" >　　至此盛源老凤祥银楼、周百生珠宝感恩大回馈抽奖颁奖活动圆满结束",5,微信,c,1
老凤祥,感谢桐柏县人民对盛源老凤祥银楼、周百生珠宝的大力支持,5,微信,c,1
老凤祥,"yzicpOYEicLxE8BtaCAxSiasarPMyRARwr9s5zvLYr1GV4UO7zCo4HjHkiak9wlcIXM16M3KfzWFYGjlXtAS367euA/640?"" >上海老凤祥银楼曾获品牌荣誉：　　跨越三个世纪的经典　　全球珠宝100强　　中华老字号　　国有企业 上市公司　　国家非物质文化遗产保护名录　　扫二维码成为老凤祥银楼一员↓　　<IMAGE SRC=""http",5,微信,c,1
老凤祥,　　地址：大同路盛源百货一楼老凤祥银楼专卖　　美钻热线-0377-68825888　　盛源老凤祥银楼钜惠五一，感恩回馈大抽奖活动圆满结束,5,微信,c,1
老凤祥,盛源老凤祥银楼钜惠五一，感恩回馈大抽奖活动圆满结束,5,微信,t,1
老凤祥,增持：永辉超市、老凤祥、百联股份、鄂武商、苏宁云商、重庆百货、飞亚达、广汇物流,6,微信,c,1
老凤祥,建议增持：永辉超市、老凤祥、百联股份、鄂武商、苏宁云商、重庆百货、飞亚达A、广汇物流,6,微信,c,1
老凤祥,增持：百联股份、重庆百货、鄂武商、天虹股份、飞亚达A、老凤祥,6,微信,c,1
老凤祥,从订货会、经销商、终端零售各方面草根调研来看，Q2黄金珠宝销售较Q1进一步加速，且龙头集中度进一步提升，K金、镶嵌等高端化、年轻化饰品销售持续火爆，增持：老凤祥、潮宏基、豫园商城、金洲慈航，关注：通灵珠宝等,6,微信,c,1
老凤祥,老凤祥：上海黄浦区国资委旗下企业，国内黄金珠宝行业龙头，2017年收入、利润有望回复10%+增长，当前2017年PE仅16倍，上海地区混改推进带动估值提升,6,微信,c,1
老凤祥,长期来看，商贸零售行业顺应消费升级的优质中国品牌有望崛起，建议增持：老凤祥、飞亚达、上海家化、潮宏基；关注：通灵珠宝等,6,微信,c,1
老凤祥,　　二、老凤祥和周大福比较分析　　周大福股价再创新高，从底部已经翻倍,6,微信,c,1
老凤祥,近期投资者不断咨询周大福与老凤祥的估值差异和基本面差异，为何周大福能够在港股不断创新高，而老凤祥股价却基本不动,6,微信,c,1
老凤祥,与老凤祥估值差进一步拉大,6,微信,c,1
老凤祥,老凤祥采取经销商模式，收入及业绩反应稍微滞后，但弹性更大，龙头优势和壁垒将显著显现，五一订货会实现20%以上增长，预计2017年业绩有望实现20%+增长，目前对应2017年PE仅17倍，目标价58元，建议增持,6,微信,c,1
老凤祥,　　经营财务指标比较：1）收入表现：周大福过去几年经过深度调整，2014年以来收入和盈利增速出现持续大幅下降，而老凤祥2014年以来收入增速相对平稳,6,微信,c,1
老凤祥,从2017Q1来看，老凤祥收入增速大幅回升至14.2%，而周大福中国大陆和香港地区收入增速回升至16%和1%，但我们注意到周大福是在深度调整之后出现的触底回升，而老凤祥是在收入平稳增长基础上的进一步加速,6,微信,c,1
老凤祥,可见老凤祥在行业平稳期和回升过程中都表现更佳,6,微信,c,1
老凤祥,2）同店增速：周大福2014年以来同店增速大幅下降尤其是香港地区，而老凤祥以加盟为主，同店增速虽然放缓，但下降幅度显著小于周大福,6,微信,c,1
老凤祥,而老凤祥核心的银楼和连锁加盟店2016年为1462家，其中连锁加盟店1285家，老凤祥加盟店占比更高,6,微信,c,1
老凤祥,同时，我们发现周大福一二线城市销售额占比高达76.9%，且百货和购物中心店中店销售额占比达62.2%，网点占比66.2%，而老凤祥主要门店在三四线城市,6,微信,c,1
老凤祥,因此，我们看到前几年经济下滑叠加金价下跌导致珠宝行业增速大幅下降时，周大福调整幅度非常大，而老凤祥因为门店在三四线城市而相对稳定,6,微信,c,1
老凤祥,而老凤祥正好与之相反，其以加盟为主，批发收入占比在80%以上,6,微信,c,1
老凤祥,从产品类别看，周大福黄金类业务占比仅为53.6%，而老凤祥高达80%以上,6,微信,c,1
老凤祥,正式由于以上两点差异，导致周大福毛利率、净利率远高于老凤祥，但由于老凤祥加盟模式存货周转率远高于周大福，从而导致其ROE水平遥遥领先周大福,6,微信,c,1
老凤祥,　　品牌讨论：周大福无论是产品结构和具体产品设计及品牌形象相对年轻，而老凤祥以黄金饰品起家，黄金饰品占比太高，同时过去一直注重销量和渠道的拓展，产品和品牌稍微显得老化，近几年非金占比不断提升，未来有望通过更新产品及更换形象代言人等逐步年轻化品牌,6,微信,c,1
老凤祥,建议增持：永辉超市、老凤祥、百联股份、鄂武商、苏宁云商、重庆百货、飞亚达A、广汇物流,6,微信,c,1
老凤祥,增持：百联股份、重庆百货、鄂武商、天虹股份、飞亚达A、老凤祥,6,微信,c,1
老凤祥,从订货会、经销商、终端零售各方面草根调研来看，Q2黄金珠宝销售较Q1进一步加速，且龙头集中度进一步提升，K金、镶嵌等高端化、年轻化饰品销售持续火爆，增持：老凤祥、潮宏基、豫园商城、金洲慈航，关注：通灵珠宝等,6,微信,c,1
老凤祥,重点增持：重庆百货、百联股份、鄂武商、飞亚达、老凤祥、潮宏基等；受益标的：天虹商场、王府井、友阿股份等,6,微信,c,1
老凤祥,从订货会、经销商、终端零售各方面草根调研来看，Q2黄金珠宝销售较Q1进一步加速，且龙头集中度进一步提升，K金、镶嵌等高端化、年轻化饰品销售持续火爆，增持：老凤祥、潮宏基、豫园商城、金洲慈航，关注：通灵珠宝等,6,微信,c,1
老凤祥,　　本周建议重点配置：百货品牌龙头、超市行业、黄金珠宝板块等：　　【稳健组合】百联股份、永辉超市、苏宁云商、老凤祥、鄂武商,6,微信,c,1
老凤祥,建议增持：永辉超市、老凤祥、百联股份、苏宁云商、鄂武商、广汇物流、重庆百货、飞亚达 A,6,微信,c,1
老凤祥,从细分行业来看：（1）黄金珠宝行业最为受益本轮高端消费复苏，2017Q1 行业收入增速 9.07%，扣非净利润增速 24.05%，均同比大幅由负转正；龙头企业老凤祥、轻奢品牌潮宏基均有超行业平均出色表现,6,微信,c,1
老凤祥,增持：老凤祥、百联股份、鄂武商、重庆百货、飞亚达 A 等,6,微信,c,1
老凤祥,增持：永辉超市、老凤祥、百联股份、鄂武商、苏宁云商、重庆百货、飞亚达、广汇物流,6,微信,c,1
老凤祥,【国君零售】龙头领跑强者恒强，中国品牌正在崛起！增持：永辉超市、老凤祥、百联股份、鄂武商、苏宁云商、重庆百货、飞亚达、广汇物流！,6,微信,t,1
老凤祥,"　　淮北老凤祥|这样做人才是幸福　　<IMAGE SRC=""http://mmbiz.qpic.cn/mmbiz/WohcNpO48dnibNtiaZbEu3mIkol4L7vzdXXmufo7ymib4bs",7,微信,c,1
老凤祥,"　　◆　　◆　　◆　　◆　　◆　　更多惊喜详情　　敬请光临淮北老凤祥　　<IMAGE SRC=""http://mmbiz.qpic.cn/mmbiz/WohcNpO48dlZf5urMhu0awPicjgBGjEicga9AEcHr2z1YTvibiaoZWNy",7,微信,c,1
老凤祥,"　　<IMAGE SRC=""http://mmbiz.qpic.cn/mmbiz/WohcNpO48dkSvjcH3bwrOoDAmrT2MibgqNcbkw7aK2Kdgiclrk87xt07mLzXEckKicYIro7tnyj9c2VO4d8WNiaMww/640?"" >　　分享方法　　1、点击右上角→发送给朋友　　2、点击右上角→分享到朋友圈　　淮北老凤祥 | 这样做人才是幸福",7,微信,c,1
老凤祥,淮北老凤祥|这样做人才是幸福,7,微信,t,1
老凤祥,　　老凤祥轻奢时尚彩宝系列“DoubleBeauty“即将上市,8,微信,c,1
老凤祥,"　　老凤祥美丽秘诀：时尚、个性、百变，”Double Beauty----心机美人“系列让你美的特立独行!　　<IMAGE SRC=""http://mmbiz.qpic.cn/mmbiz_png/hica",8,微信,c,1
老凤祥,　　详情请关注河南省内各老凤祥银楼及经销专柜,8,微信,c,1
老凤祥,"　　<IMAGE SRC=""http://mmbiz.qpic.cn/mmbiz/hica1dNib6RcEEjyTQ2wbLibFJSV8SG8ajYqU7jjY8pP5hO6ib9RT5eczE8dT5Ax9g6E5GqfSLOrziczNvVvU9GaNMQ/640?wx_fmt=jpeg"" >　　老凤祥轻奢时尚彩宝系列“Double Beauty“即将上市",8,微信,c,1
老凤祥,老凤祥轻奢时尚彩宝系列“DoubleBeauty“即将上市！,8,微信,t,1
老凤祥,　　赫章老凤祥珠宝祝赫章第七届樱桃旅游文化节圆满成功,9,微信,c,1
老凤祥,"EN0nJibf0M2KjVGnDibAXPPpUK82sVStDmQCeCgfCkItjKeJbUtJEMdJHDMOwC74RMsc8tVSECbfStQ/0?wx_fmt=jpeg"" >　　赫章老凤祥的员工们也来了，　　她们可不只是来看表演的噢，是来给参加樱桃节的人们送福利了",9,微信,c,1
老凤祥,　　赫章是一幅美丽的画卷，是一方养生的福地，　　是一片创业的热土，　　赫章老凤祥祝我们的家乡原来越多姿多彩,9,微信,c,1
老凤祥,"DQ2wxdbNkqEcOCTJdicuqHxs3FtXwVndg/640?wx_fmt=jpeg"" >　　幸福热线：0857-7126026　　地址：赫章县前河路滨江雅苑（老农行旁）1--2号门市《老凤祥》　　赫章老凤祥珠宝祝赫章第七届樱桃旅游文化节圆满成功",9,微信,c,1
老凤祥,赫章老凤祥珠宝祝赫章第七届樱桃旅游文化节圆满成功！,9,微信,t,1
老凤祥,老凤祥轻奢时尚彩宝系列“Double Beauty“即将上市,10,微信,c,1
老凤祥,                                    老凤祥美丽秘诀：时尚、个性、百变， ”Double Beauty----心机美人“系列让你美的特立独行!第26届 老凤祥上海首饰博览会新品之“ Double Beauty――心机美人”系列近期将全面上市，让我们抢先领略一下这个新系列的风采吧!简约，是不变的潮流风尚,10,微信,c,1
老凤祥,老凤祥恭迎幸福与您同步驾临,10,微信,c,1
老凤祥,              海口市明珠广场一楼老凤祥专柜                                电话：0898-66754326         海口市望海国际广场如玉阁老凤祥专柜                     ,10,微信,c,1
老凤祥,老凤祥轻奢时尚彩宝系列“Double Beauty“即将上市！,10,微信,t,1
老凤祥,　　【淮北老凤祥】像梦一样的珠宝到底有多高级,11,微信,c,1
老凤祥,"dnibNtiaZbEu3mIkol4L7vzdXXmufo7ymib4bs4ibpWicxSanD1kJRT4pkyolibMfdOrbcR77L5DlMjU5tQ/0?"" > 提示：点击上方""淮北老凤祥""↑ 关注我们　　<IMAGE SRC=""http://mmbiz.qpic.cn/mmbiz_gif/68P2uWupHOrjEuDud0RGQEfAEGjaUf5tzHZNRSm9dxeZ5",11,微信,c,1
老凤祥,高级珠宝所使用的宝石对于品质的要求远胜于宝石本身，大多数情况下白钻一定要达到DE无色级别以上，难得一见的IF无瑕级别在老凤祥成了大多数，鸽血红、皇家蓝在高级珠宝的世界里变得司空见惯,11,微信,c,1
老凤祥,就拿爱的瞬间系列来说，是老凤祥45位设计师与15位工匠师傅从中国传统旗袍中提炼经典元素耗时三年研究打造出来的，完美契合东方女性，更显妖娆端庄之美,11,微信,c,1
老凤祥,女人一生一定要有一件精致的首饰，诠释身份，演绎品味，这也是我们对美好的追求与向往，这也是老凤祥高级珠宝除了美学体验以外所能带给我们最好的感悟,11,微信,c,1
老凤祥,　　--END--　　跨越三个世纪的经典｜走向世界的民族品牌　　百｜年｜老｜凤｜祥｜　　经｜典｜新｜时｜尚　　关于老凤祥　　创建于公元1848年的中国民族品牌“老凤祥”，有着悠久的历史、深厚的文化底蕴，在160多年的发展历程中，坚持传承与创新，在品牌建设、发展规模、产业结构等方面不断突破；“老凤祥”集科工贸于一体、产供销于一身，已发展成为中国珠宝首饰业的“最有价值品牌”和龙头企业,11,微信,c,1
老凤祥,"　　◆　　◆　　◆　　◆　　◆　　更多惊喜详情　　敬请光临淮北老凤祥　　<IMAGE SRC=""http://mmbiz.qpic.cn/mmbiz/WohcNpO48dlZf5urMhu0awPicjgBGjEicga9AEcHr2z1YTvibiaoZWNy",11,微信,c,1
老凤祥,"　　<IMAGE SRC=""http://mmbiz.qpic.cn/mmbiz/WohcNpO48dkSvjcH3bwrOoDAmrT2MibgqNcbkw7aK2Kdgiclrk87xt07mLzXEckKicYIro7tnyj9c2VO4d8WNiaMww/640?"" >　　分享方法　　1、点击右上角→发送给朋友　　2、点击右上角→分享到朋友圈　　【淮北老凤祥】像梦一样的珠宝到底有多高级",11,微信,c,1
老凤祥,【淮北老凤祥】像梦一样的珠宝到底有多高级？,11,微信,t,1
老凤祥,　　老凤祥“爱的15°”系列钻饰，闪耀上市,12,微信,c,1
老凤祥,"yQXzK9ibQmYQGpicqK3LQMeOM4UKIx1icN3Qe94RccvicQBfMIdew2eO2cd3Tw/0?wx_fmt=jpeg"" >　　更多新品 敬请莅临专柜品鉴　　友好商场老凤祥专柜　　0991-4522272　　友好时尚购物城(长春路）老凤祥专柜　　0991-3195650　　百年经典 唯看老凤祥　　新疆老凤祥　　<IMAGE SRC=""http://mmbiz.qp",12,微信,c,1
老凤祥,老凤祥“爱的15°”系列钻饰，闪耀上市！,12,微信,t,1
老凤祥,"　　【新昌老凤祥】5动全城，1将到底　　<IMAGE SRC=""http://mmbiz.qpic.cn/mmbiz/emZv2qwsVF0sJvdcRp1aORZD0Gcs8jK8jqbeqByGua6V5bwGDpbzV66bTUiarZB2V6S0ueGq1dPrGVibNyzBUEKA/0?wx_fmt=gif"" >　　小编掐指一算　　五一小长假你可能会玩的很嗨噢~　　这是为什么呢",13,微信,c,1
老凤祥,"　　<IMAGE SRC=""http://mmbiz.qpic.cn/mmbiz/TxibjrbeKaaexhBPX58DP8WhMEB6sUoXfMq0uB0qmfzjeic42CEexAZb9hEQiaVgQqdEInI758zynOEKtJrO2jRicQ/0?wx_fmt=gif"" >　　Because，　　老凤祥银楼五一活动提前驾到",13,微信,c,1
老凤祥,　　老凤祥银楼五一活动提前驾到,13,微信,c,1
老凤祥,　　老凤祥银楼五一活动提前驾到,13,微信,c,1
老凤祥,"YNgmZ5ATibLicTwLumibdc5h5MrgTSxtxQXZUg8Gvqu54rDHxASJCbcZDRvfj35UlC88KSUdTzWjCA/0?wx_fmt=jpeg"" >　　【新昌老凤祥】5动全城，1将到底",13,微信,c,1
老凤祥,【新昌老凤祥】5动全城，1将到底,13,微信,t,1
老凤祥,　　快来围观，老凤祥&太行珠宝五一活动这么搞,14,微信,c,1
老凤祥,"D5K9ChDxS2A/0?wx_fmt=gif"" >　　跨越三个世纪的经典　　|　　走向世界的民族品牌　　百｜年｜老｜凤｜祥｜　　经｜典｜新｜时｜尚2017.4.28-5.8活动时间　　活动地址1：老凤祥银楼赞皇专卖店　　赞皇县城五洲广场一层104号　　黄金热线：83881988　　◆　　◆　　◆　　◆　　◆　　活动地址2：太行珠宝裸钻定制中心赞皇店　　赞皇县城五洲广场一层101号　　黄金热线：",14,微信,c,1
老凤祥,快来围观，老凤祥&太行珠宝五一活动这么搞！！！,14,微信,t,1
老凤祥,【老凤祥】享誉全球的中国民族品牌，令人自豪的祥凤传奇,15,微信,c,1
老凤祥,共同见证 传世经典提到老凤祥，人们总是第一个想到它的黄金饰品，老凤祥的黄金首饰不仅用了上海交易所一号金，黄金纯度质量的严苛把关堪称业界典范，而且这些黄金首饰，工艺繁多、造型丰富、精工细作，为很多朋友所喜爱,15,微信,c,1
老凤祥,清代达到了登峰造极的水平，而老凤祥始于1848年，它的创立者费汝明老先生就是金银细工技艺的传承人，到后来费祖寿、费诚昌、陶良宝、边炳森、张心一、沈国兴等都是金银细工制作工艺传承的代表人物,15,微信,c,1
老凤祥,在2008年公布的第二批国家级非物质文化遗产中，老凤祥的金银细工制作技艺荣列其中，成了珠宝品牌手工艺当之无愧的代表,15,微信,c,1
老凤祥,而老凤祥则是国内为数不多的金银细工技艺的传承品牌，作为一个历史文化醇厚、制作工艺精良的民族品牌，老凤祥的这门技艺也出现在很多历史的舞台上，如1959年北京人民大会堂五角葵花顶灯和国庆十周年宴用银餐具制作等等,15,微信,c,1
老凤祥,而老凤祥将不辱使命，好好地将这传统的中国手工艺传承下去，成为这艺术之美的见证者、传承者和创造者,15,微信,c,1
老凤祥,     走向全球的中国民族品牌            老凤祥集科工贸于一体、产供销于一身，拥有完整的产业链、多元化的产品线，拥有近1300家连锁银楼、近3000个销售网点和研究所、博物馆、检测站、典当行、拍卖行以及黄金首饰加工基地、金镶玉厂、钻石加工中心、珐琅厂等多家专业厂、子公司的完整产业链；销售覆盖率达全国的90%以上,15,微信,c,1
老凤祥,在国内取得高速发展的同时，本着“立足上海、覆盖全国、面向世界”的发展方向，老凤祥走出国门，落户世界顶级商圈，与国际品牌比邻而居,15,微信,c,1
老凤祥,老凤祥品牌荣誉         老凤祥曾先后获得中国驰名商标、中国名牌产品、中华老字号、全国用户满意企业、全国用户满意产品、中国商业名牌、中国商业服务名牌、全国商业质量管理奖、轻工业卓越绩效先进企业特别奖、“全国售后服务十佳单位”等众多国家级荣誉；还曾作为中国内地唯一的珠宝首饰品牌，荣登“全球珠宝100强”,15,微信,c,1
老凤祥,2008年，“老凤祥金银细工制作技艺”荣列国家级非物质文化遗产保护名录2010年， 中国黄金协会授予老凤祥“中国黄金首饰第一品牌”荣誉称号2012年， 上海设计之都年度品牌大奖,15,微信,c,1
老凤祥,2012年， 首届中国黄金珠宝行业最具影响力零售品牌2012年， 全国珠宝饰品诚信经营服务十佳单位2014年， 中国文化企业竞争力排行榜中名列工艺美术业榜首2014年， 由国内权威品牌机构《品牌观察》杂志评选的“中国500强”中老凤祥排名第108位，品牌价值220.34亿，首饰业中排名第一,15,微信,c,1
老凤祥,2014年，老凤祥还入选了全球领先的品牌咨询机构Interbrand发布的“2014最佳中国品牌价值排行榜”，名列第50位,15,微信,c,1
老凤祥,2016年， 老凤祥第八次蝉联“亚洲品牌500强”2016年， 老凤祥连续12年蝉联世界品牌实验室主办的世界品牌大会“中国500最具价值品牌”位居第162位，品牌价值222.91亿元,15,微信,c,1
老凤祥,2016年， “燃情匠心”芭莎珠宝年度颁奖盛典，由老凤祥黄雯设计的《鸾凤和鸣》荣获年度最佳设计大奖，老凤祥非遗金银细工臻品《八宝薰香炉》荣获最高荣誉大奖2016年， “上海创业创新文化十佳品牌”2017年，再次荣获由 全球知名调研机构BRANDZ“2,15,微信,c,1
老凤祥,【老凤祥】享誉全球的中国民族品牌，令人自豪的祥凤传奇。,15,微信,t,1
老凤祥,　　德勤2017年全球奢侈品公司百强榜单：LVMH蝉联第一、老凤祥居第13位,16,微信,c,1
老凤祥,它们分别是：周大福珠宝集团有限公司（9位）、老凤祥股份有限公司（13位）、周生生集团国际有限公司（25位）、六福（国际）集团有限公司（28位）、东方金钰股份有限公司（36位）、浙江明牌珠宝股份有限公司（48位）、利邦控股有限公司（89位）,16,微信,c,1
老凤祥,　　这7家公司的年销售额在2015年同比下滑了 2.5%，平均年销售额为 26.82亿美元.　　德勤2017年全球奢侈品公司百强榜单：LVMH蝉联第一、老凤祥居第13位,16,微信,c,1
老凤祥,德勤2017年全球奢侈品公司百强榜单：LVMH蝉联第一、老凤祥居第13位！,16,微信,t,1
老凤祥,8　　3.15%　　002336　　人人乐　　11.55　　2.94%　　600086　　东方金钰　　11.3　　2.82%　　600247　　ST成城　　12.74　　2.58%　　600612　　老凤祥　　43.49　　2.57%　　跌幅前十　　代码　　名称　　现价　　涨跌幅　　600828　　茂业商业　　11.57　　-2.77%　　603777　　来伊份　　35.8　　-2.40%　　00,17,微信,c,1
老凤祥,锡盟老凤祥诚聘：优秀珠宝顾问  品牌简介：     老凤祥，上市公司，中国500强企业，2016年营业额237.19亿，是百年民族品牌，中国著名的珠宝首饰品牌,18,微信,c,1
老凤祥,上海老凤祥创始于1848年是跨越了中国三个世纪的经典珠宝品牌,18,微信,c,1
老凤祥,最新排名结果显示，老凤祥蝉联 珠宝业第一,18,微信,c,1
老凤祥,　 百年民族品牌老凤祥不断传承创新，提升品牌、工艺、文化、创意和产品价值，全国经销网点近3000家,18,微信,c,1
老凤祥,老凤祥拥有国家级工艺美术大师7人，市级以上工艺美术大师18人，各类中高级技师87人，现如今高级人才成为企业发展的 “创新之源”,18,微信,c,1
老凤祥,只要您是一个在工作中有责任心并且 积极热情 ，对待顾客有足够的爱心和耐心的人，那老凤祥就会成为您事业的起点，人生的航线和温暖的家,18,微信,c,1
老凤祥,老凤祥月月 抽家电活动5月场即将于5月31日在老凤祥民盛商场店举行还没有领取抽奖坏那酌侵灰戴着老凤祥的首饰出示购买过的票据，到老凤祥各门店即可领取,18,微信,c,1
老凤祥,店铺地址高勒时代底商老凤祥黄金珠宝城 高勒时代老凤祥商场店电话：0479-8255458民盛购物中心一楼老凤祥专柜电话：0479-8877676维多利底商老凤祥银楼旗舰店电话：0479-8109628维多利商场一楼老凤祥专柜电话：0479-8108575锡盟老凤祥欢迎您,18,微信,c,1
老凤祥,锡盟老凤祥诚聘：优秀珠宝顾问,18,微信,t,1
老凤祥,天富金店 /老凤祥专卖店「琴棋书画」系列新品上市（1）弹琴、弈棋、书法、绘画合称为“ 琴棋书画 ”，历来为文人墨客必学技能，被誉为“文人四友”，琴棋书画 可以陶冶情操，提升自身文艺素养，更是中国传统文化的重要体现方式,19,微信,c,1
老凤祥,天富金店―秀山人民自己的金店―打造百年老店▲长按二维码“识别”关注   地址：中和街道人民路现代城底楼（天富金店）电话： 023-76670296  地址：中和街道老电影院对面（老凤祥专卖店）  电话： 023-76663629  地址：重百商场百年凤祥专柜（百年凤祥）  电话： 023-76050600赞赏长按二维码向我转账受苹果公司新规定影响，微信 iOS 版的赞赏功能被,19,微信,c,1
老凤祥,天富金店 /老凤祥专卖店「琴棋书画」系列新品上市（1）,19,微信,t,1
老凤祥,"　　林东老凤祥--单身不可怕约惠520　　<IMAGE SRC=""http://mmbiz.qpic.cn/mmbiz_png/SBR7ANeH7ofXbblopuv4K5JXSHyyf535eBOwKvBN",20,微信,c,1
老凤祥,"这次我们走心不走肾<IMAGE SRC=""http://mmbiz.qpic.cn/mmbiz_jpg/dtKU5bxfcbn4wrImaNibkT2AiaAm1cHYwlrxGCGpISqr5LaQqKHlt0ZWz0oIibyrpOhke2l47VuCwouqkbsBYyicJA/640?wx_fmt=jpeg"" >　　这一次，我想给你创造一个机会　　在老凤祥购一件首饰给她，　　比和妹纸表白",20,微信,c,1
老凤祥,"4lRtI0APT61E0fPNeAE310wicOvtVwovj0abvK0pJzDmR6cwS1HFy8yF0IdTEpXmCw/640?wx_fmt=jpeg"" >　　一店地址：步行街粮食局楼下老凤祥金店　　美钻热线：0476-7881088　　<IMAGE SRC=""http://mmbiz.qpic.cn/mmbiz/VRyaSAuG4xZCYTFJJDs5iaQaUWrVicoicry",20,微信,c,1
老凤祥,　　林东老凤祥--单身不可怕　　约惠520,20,微信,c,1
老凤祥,林东老凤祥--单身不可怕约惠520,20,微信,t,1
老凤祥,"　　【老凤祥】520・・・・・・爱的味道在这里寻找・・・・・・　　~~五月花香浪漫季~~这是个恋爱的季节~~　　~~连空气中的分子也充盈着爱的气息~~　　<IMAGE SRC=""http://mmbiz.q",21,微信,c,1
老凤祥,　　老凤祥积极参与国内外各类珠宝设计制作大赛，历年来荣获170多项大奖，享有：“首饰奥斯卡”的美誉,21,微信,c,1
老凤祥,　　老凤祥首饰投料考究、工艺精湛、款式新颖，在全国各地拥有几千家销售网点，售后服务有保障，是物超所值、经典时尚的传家宝,21,微信,c,1
老凤祥,"oLper5JcgpPwULfZAI0R2esicfMMianF6shcxFcOsiaEukB9fRCQacSXPHNSZIgvshFek4TpP17LNjM2l4QIiazkg/640?"" >　　【老凤祥】520 ・・・・・・爱的味道在这里寻找・・・・・・",21,微信,c,1
老凤祥,【老凤祥】520・・・・・・爱的味道在这里寻找・・・・・・,21,微信,t,1
老凤祥,"　　重磅来袭|2017中国十大黄金首饰品牌排行榜  老凤祥位列榜首　　2017-08-07老凤祥安徽管理中心 老凤祥安徽管理中心<IMAGE SRC=""http://mmbiz.qpic.cn/mmbiz/ztk6KKShLzPkZ3afW4icZer",22,微信,c,1
老凤祥,上海老凤祥有限公司正是由创始于1848年的老凤祥银楼发展沿革而来，其商标“老凤祥”的创意，也源于老凤祥银楼的字号，是跨越了中国三个世纪的经典珠宝品牌,22,微信,c,1
老凤祥,重磅来袭|2017中国十大黄金首饰品牌排行榜  老凤祥位列榜首,22,微信,t,1
老凤祥,"　　老凤祥银楼、老庙黄金、中国黄金淅川专卖第2届银饰文化节1元抢“银”　　<IMAGE SRC=""http://mmbiz.qpic.cn/mmbiz_jpg/TSMPW8hhCBCoto4X0bZiar",23,微信,c,1
老凤祥,老凤祥银楼、老庙黄金、中国黄金淅川专卖第二届银饰文化节盛大开幕,23,微信,c,1
老凤祥,热烈祝贺迪士尼系列产品梦幻时尚，精彩上市！老凤祥银楼、老庙黄金、中国黄金淅川专卖第二届银饰文化节盛大开幕！,23,微信,t,1
老凤祥,　　老凤祥售卖Love系列产品 涉嫌侵权卡地亚　　据《21世纪珠宝》报道，最近，有消费者在甘肃老凤祥专卖店购买了两件首饰，结果发现是仿制国际大牌卡地亚的产品，这引发了社会的关注,24,微信,c,1
老凤祥,　　消费者王先生在甘肃兰州老凤祥华润万家专卖店和城关区王府井商场老凤祥金店，分别购买了一件love款黄金手镯和一件love款黄金戒指，价格分别是9878元和1943元,24,微信,c,1
老凤祥,这两件首饰都带有“老凤祥”的标签，并开具了保证单和正规发票,24,微信,c,1
老凤祥,　　日前，王先生以“老凤祥甘肃总代销售仿冒卡地亚饰品”为由，向兰州市工商行政管理局举报了这两家老凤祥店面，目前正在等待工商局的处理结果,24,微信,c,1
老凤祥,老凤祥售卖Love系列产品 涉嫌侵权卡地亚,24,微信,t,1
老凤祥,　　老凤祥珠宝期待你的加入,25,微信,c,1
老凤祥,"<IMAGE SRC=""http://mmbiz.qpic.cn/mmbiz_jpg/RS6Xbdg3v5DwO6CUC0iaiaYibzPNVurAE7w55Tibnhb1VRmg5gwsyeBXy8KibukGFEtnNSI6dhfnpMqM0feNPamefUg/0?wx_fmt=jpeg"" >　　老凤祥，上市公司（1.上市公司上市具备的条件是：资金雄厚--股本部总额达3000万元以上",25,微信,c,1
老凤祥,2.作为一个上市公司，首先是国家支持和认可的，更重要的是能保证质量，比如如果该品牌有不好的新闻等直接影响它的是股票价值，首饰业只是老凤祥很重要的一个发展方向不可能存在任何质量问题）中国500强企业，是百年名族品牌，中国著名的珠宝首饰品牌,25,微信,c,1
老凤祥,　　中华老字号协会授予老凤祥品牌“最具创新老字号”荣誉,25,微信,c,1
老凤祥,　　“牌子老，款式新，工艺精，信誉好”是消费者对老凤祥品牌的共识,25,微信,c,1
老凤祥,00011　　三维专柜：三维商业广场一楼珠宝区　　电话：3272261　　丹尼斯专柜：丹尼斯百货一楼珠宝区　　电话：18839101456　　万达店：万达广场一楼珠宝区　　电话：2990006　　焦作老凤祥温馨提示：　　亲爱的顾客，如果您想咨询金价等问题请拨打电话2900011/2900077，会有专人为您接听，微信平台因为特殊原因没能及时回复您的问题，在此请您谅解,25,微信,c,1
老凤祥,　　---------------------------------------------------------------------关注焦作老凤祥银楼微信，紧握第一“手”珠宝信息，动动手指，优惠不止,25,微信,c,1
老凤祥,"1eRcricehpRxOWNUuKt0KmKhU1eDeXEFT0icOhfTsLFVN9g/640?wx_fmt=jpeg"" >　　②打开微信→通讯录→点击右上角“添加”→“查找公众号”搜索“焦作老凤祥银楼”→点击“关注”　　【焦作老凤祥】欢迎你的加入",25,微信,c,1
老凤祥,【焦作老凤祥】欢迎你的加入,25,微信,t,1
老凤祥,"fTMLGN49XDJLW40RRgwcyZU6MCY9cZGUNXjTmzdJvw/0?wx_fmt=jpeg"" >　　2017年7月1日-2017年9月30日期间，每周六至淮河路步行街189号合肥老凤祥银楼（李府对面），刷建行信用卡或使用建行龙支付付款满200元及以上立减50元，名额有限，先到先得，用完即止，每人每卡限享一次",26,微信,c,1
老凤祥,"71ib14EqsW8ibrF3c5qHo9tHjbquv7icpH3W7cSjOpJOibk8ibqakWBjEmQD7B9cLQ/0?wx_fmt=jpeg"" >　　满200立减50，今日在步行街老凤祥刷建行卡有超值优惠",26,微信,c,1
老凤祥,满200立减50，今日在步行街老凤祥刷建行卡有超值优惠,26,微信,t,1
老凤祥,"　　老凤祥银楼、老庙黄金、中国黄金淅川专卖第2届银饰文化节1元抢“银”　　<IMAGE SRC=""http://mmbiz.qpic.cn/mmbiz_jpg/TSMPW8hhCBCoto4X0bZiar",27,微信,c,1
老凤祥,老凤祥银楼、老庙黄金、中国黄金淅川专卖第二届银饰文化节盛大开幕,27,微信,c,1
老凤祥,热烈祝贺迪士尼系列产品梦幻时尚，精彩上市！老凤祥银楼、老庙黄金、中国黄金淅川专卖第二届银饰文化节盛大开幕！,27,微信,t,1
老凤祥,"fXmRS1GCjTxebkR7tkNCYzzJtfn7tZYiaWRqRGtpHbyu2woNAD9zjibYvYQVrKaTqkJTTg/0?wx_fmt=gif"" >　　近期受金价下跌情绪影响，老凤祥股价有所回调，但我们再次强调，老凤祥黄金饰品消费属性大幅加强，公司当期业绩和长期成长性都将受益三四线消费需求增加",28,微信,c,1
老凤祥,当前老凤祥对应2017年PE估值仍仅18X，预计2017年业绩增速20%+，相对港股周大福25倍PE估值仍然显著低估，目标价58元，建议继续重点配置,28,微信,c,1
老凤祥,　　市占率提升、新市场开拓，老凤祥发展空间仍然巨大,28,微信,c,1
老凤祥,中国黄金珠宝市场目前5200亿左右市场规模，老凤祥市占率8%左右（终端），目前已经有2988家门店，预计后面每年新增150家左右,28,微信,c,1
老凤祥,三四线城市对黄金饰品消费需求增加，老凤祥品牌优势显著，市占率进一步提升,28,微信,c,1
老凤祥,海外市场，美国+大中华地区还有6-7000亿元以上的市场空间，目前老凤祥才刚刚起步，只在香港、美国开设少　　量门店，销售额仅2亿元，长期只要做到5%的市占率就相当于再造一个老凤祥，十三五规划老凤祥希望海外市场做到40亿左右销售,28,微信,c,1
老凤祥,老凤祥与周大福在产品设计等方面没有差距，只是给消费者的形象和体验在老化，这主要体现在门店装修设计、产品铺设、品牌宣传方面，以后会从自营银楼开始，逐渐调整,28,微信,c,1
老凤祥,老凤祥目前非黄金类销售占比15%左右，镶嵌、钻石、翡翠等收入占比较小，但毛利占比已经超过50%，后续老凤祥将在品类结构上进行改变，十三五规划目标是2020年将非黄金类销售占比提高至25%，毛利占比更进一步提升，公司利润的稳定性也更强，消费属性也更强,28,微信,c,1
老凤祥,　　老凤祥重点报告推荐再次阅读：　　①5月4日《老凤祥和周大福到底差异在哪里,28,微信,c,1
老凤祥,》 http://dwz.cn/6cWIwk　　②5月21日《珠宝行业重磅深度：消费升级时尚领先，需求重构龙头崛起》http://dwz.cn/5ZHMKG　　③5月30日《再谈老凤祥：正在消弱的投资属性 》http://dwz.cn/6cWVMQ　　④6月11日《老凤祥―滞涨龙头，蓄势待发 》http://dwz.cn/6cWYHi　　特别提醒：本消息来源于公开资料，正确性和完整性不做任何保证,28,微信,c,1
老凤祥,"　　<IMAGE SRC=""http://mmbiz.qpic.cn/mmbiz_png/BIgX10IRebp3gsic3xO3Pc4JvLouPghgDOIjjPMRW3jia65r8ZDmrHaDEfcYHpm13F4QxHYPfv4phibWwrdC4S8WA/640?wx_fmt=png"" >　　【国君零售】老凤祥-股价回调即是买入机会，龙头优势显著，绩优与成长兼具，目标价58元，增持",28,微信,c,1
老凤祥,【国君零售】老凤祥-股价回调即是买入机会，龙头优势显著，绩优与成长兼具，目标价58元，增持！,28,微信,t,1
老凤祥,"gveCNDWA8icbsthxGqv2rNzKvxsfUzR505RUbdE03g/0?wx_fmt=jpeg"" >　　2017年7月1日-2017年9月30日期间，每周六至淮河路步行街189号合肥老凤祥银楼（李府对面），刷建行信用卡或使用建行农支付付款满200元及以上立减50元，名额有限，先到先得，用完即止，每人每卡限享一次",29,微信,c,1
老凤祥,"zCL1n1ITn2edsMibIcM2DbbEbPsPzltpaubfo9uBgZkx95S7AUIea3d1yKqT0Nt4vSBeGQtuUJRhD6Nag/0?wx_fmt=jpeg"" >　　老凤祥周周大放送，刷建行卡或龙支付满额立减",29,微信,c,1
老凤祥,老凤祥周周大放送，刷建行卡或龙支付满额立减！名额有限，先到先得！,29,微信,t,1
老凤祥,"0l8orDVfKlsLcpYdDTJzSFrT5HCCfh6ZKAoxb8uAQw/0?wx_fmt=jpeg"" >　　2017年7月1日-2017年9月30日期间，每周六至淮河路步行街189号合肥老凤祥银楼（李府对面），刷建行信用卡或使用建行龙支付付款满200元及以上立减50元，名额有限，先到先得，用完即止，每人每卡限享一次",30,微信,c,1
老凤祥,建行＆老凤祥周末大放送,30,微信,c,1
老凤祥,刷卡送优惠！建行＆老凤祥周末大放送！！！,30,微信,t,1
老凤祥,建议增持：永辉超市、老凤祥、百联股份、王府井、鄂武商、苏宁云商、重庆百货、跨境通,31,微信,c,1
老凤祥,增持：永辉超市、老凤祥、上海家化等,31,微信,c,1
老凤祥,　　老凤祥：黄金珠宝行业龙头，行业复苏业绩弹性显现，2017年PE估值仍仅19X，预计2017年业绩增速20%+，目标价58元,31,微信,c,1
老凤祥,百大集团（-7.50%）、ST成城（-5.93%）、老凤祥（-5.35%）、茂业商业（-4.93%）、鄂武商A（-4.39%）等涨幅后五,31,微信,c,1
老凤祥,择》　　⑤5月14日：公司报告―《高增长延续，核心优势和壁垒持续凸显》　　⑥4月17日：行业报告―《从业绩拐点角度看超市股投资机会》　　⑦3月31日：公司报告―《战略调整加快，主业+投资双轮驱动》　　老凤祥　　①5月4日：《老凤祥和周大福到底差异在哪里,31,微信,c,1
老凤祥,》 http://dwz.cn/6cWIwk　　②5月30日：《再谈老凤祥：正在消弱的投资属性 》http://dwz.cn/6cWVMQ　　③6月11日：《老凤祥―滞涨龙头，蓄势待发 》http://dwz.cn/6cWYHi　　④5月21日：《珠宝行业重磅深度：消,31,微信,c,1
老凤祥,增持：永辉超市、老凤祥、百联股份、王府井、鄂武商、苏宁、重庆百货、跨境通,31,微信,c,1
老凤祥,【国君零售】永辉增持中百至25%，超市行业变革不断！增持：永辉超市、老凤祥、百联股份、王府井、鄂武商、苏宁、重庆百货、跨境通！,31,微信,t,1
老凤祥,　　魅力宜黄，我美丽的家乡，老凤祥银楼-家乡崛起的一景　　宜黄县地处江西省中部偏东、 抚州市 南部，建县于三国吴太平2年（公元257年），迄今已有1759年历史，因县治设于宜水、黄水汇合处而得名,32,微信,c,1
老凤祥,　　宜黄县邹德标珠宝行是本县经营时间近百年的老字号诚信珠宝行，签约合作品牌有：上海老凤祥银楼，上海老庙黄金，上海亚一珠宝，中国黄金4大国内国际知名的珠宝首饰品牌,32,微信,c,1
老凤祥,"mPXbrwaEgbGjv7JdcKicHfqdH1w/0?wx_fmt=png"" >　　一店地址:中国黄金 (邹德标珠宝行老县政府旁)　　二店地址:老庙黄金（邹德标珠宝行老车站广场旁）　　三店地址:老凤祥银楼（邹德标珠宝行盛源财富步行街内100米）　　好运热线：0794-7604398   0794-7606281  15779100012　　最终解释权归本店所有<IMAGE SRC=""http",32,微信,c,1
老凤祥,魅力宜黄，我美丽的家乡，老凤祥银楼-家乡崛起的一景,32,微信,t,1
老凤祥,"　　【勇敢说爱】淮北老凤祥|爱的告白者全城征集中・・・・・・　　<IMAGE SRC=""http://mmbiz.qpic.cn/mmbiz/WohcNpO48dnibNtiaZbEu3mIkol4L7vzdXXmufo",33,微信,c,1
老凤祥,老凤祥来帮你,33,微信,c,1
老凤祥,"b8hSibkEQNU2icdFQcX3icQHFgpnMhdOic7PxCWAsaibWPdnHLMSg4IwpGicgQ/0?wx_fmt=gif"" >　　求婚告白　　活动期间凡进店不管是否消费，老凤祥都会圆你一场求婚仪式",33,微信,c,1
老凤祥,每个女孩都有一个自己的梦，幻想陪伴自己一生的伴侣在特殊意义的那天给自己一场求婚仪式，让更多的人来见证此刻，老凤祥帮你完成这个梦,33,微信,c,1
老凤祥,　　活动细则　　活动需提前告知消费者老凤祥圆你求婚梦，消费者如有需要可以和各门店店长联系，各门店店长将要举行求婚的情侣提前通知策划部,33,微信,c,1
老凤祥,　　活动时间　　2017年5月20日--5月21日　　报名方式　　老凤祥淮北濉溪各店面均可报名参加　　报名时间：5月17~5月19日　　（关注微信订阅号淮北老凤祥了解更多活动详情）　　喜欢就要勇敢争取，爱就要勇敢发声　　淮北老凤祥，为你的爱，呐喊助威　　--END-,33,微信,c,1
老凤祥,"　　◆　　◆　　◆　　◆　　◆　　更多惊喜详情　　敬请光临淮北老凤祥　　<IMAGE SRC=""http://mmbiz.qpic.cn/mmbiz/WohcNpO48dlZf5urMhu0awPicjgBGjEicga9AEcHr2z1YTvibiaoZWNy",33,微信,c,1
老凤祥,"iclrk87xt07mLzXEckKicYIro7tnyj9c2VO4d8WNiaMww/640?"" >　　分享方法　　1、点击右上角→发送给朋友　　2、点击右上角→分享到朋友圈　　【勇敢说爱】淮北老凤祥 | 爱的告白者全城征集中・・・・・・",33,微信,c,1
老凤祥,【勇敢说爱】淮北老凤祥|爱的告白者全城征集中・・・・・・,33,微信,t,1
老凤祥,"　　老凤祥&迪士尼新品上线打造老凤祥“米奇”年　　<IMAGE SRC=""http://mmbiz.qpic.cn/mmbiz/nrHWR1iclHEc7q7nBClTaQRynCvlbyfpCaS3U7",34,微信,c,1
老凤祥,　　※老凤祥此次与迪士尼合作的系列涵盖米奇家族，小熊维尼，《超能陆战队》的大白和《海底总动员2》四大系列，均为迪士尼目前最受全年龄段消费者欢迎的卡通明星,34,微信,c,1
老凤祥,　　※老凤祥迪士尼主题系列新品材质涵盖黄金、白银、K金、彩色宝石、钻石、、珍珠、珐琅和金镶玉等各种材质,34,微信,c,1
老凤祥,　　※2017年，老凤祥迪士尼授权升级，黄金系列产品全新上线，主推3D硬足金“米奇”系列，以更多元的产品设计、更亲民的价格，打造2017老凤祥“米奇”年,34,微信,c,1
老凤祥,"HEccPGlhrH02zh4ePKoooC1heIQNutfzquTsEg9PhPPYXIWLYVCsOWQSS5K0zGMxJ2tibqpOrmnrF0A/640?wx_fmt=jpeg"" >　　老凤祥&迪士尼新品上线 打造老凤祥“米奇”年",34,微信,c,1
老凤祥,老凤祥&迪士尼新品上线打造老凤祥“米奇”年,34,微信,t,1
老凤祥,　　迁安老凤祥|给您如爱情般高品质的钻石,35,微信,c,1
老凤祥,"　　最终　　一颗完美的南非美钻在老凤祥耀眼呈现　　给你最好的爱情承诺　　ADD：南京金鹰新街口店A座L3“老凤祥”专柜　　<IMAGE SRC=""http://mmbiz.qpic.cn/mmbiz_jpg/MCrGbZDs4icL",35,微信,c,1
老凤祥,　　---End---　　老凤祥银楼　　地址：迁安东购东侧老凤祥银楼专卖　　电话：0315-7668766　　迁安老凤祥 | 给您如爱情般高品质的钻石,35,微信,c,1
老凤祥,迁安老凤祥|给您如爱情般高品质的钻石！,35,微信,t,1
老凤祥,　　百年老店湾b老凤祥银楼　　凤舞神州 祥瑞全球　　跨越三个世纪的经典与时尚――老凤祥　　创始于1848年的民族品牌老凤祥，集“研发、设计、生产与销售”于一体，拥有多家专业厂、研究所和遍布全国各地的3000多家销售网,36,微信,c,1
老凤祥,2015年，老凤祥以357.12亿元的营业收入和19.01亿元的利润傲视群雄,36,微信,c,1
老凤祥,"eZ4QE99ibZW9XJJAOicTicsvBy4e0DOTwoXPibFias6g/0?wx_fmt=jpeg"" >　　在国内取得高速发展的同时，本着“立足上海、覆盖全国、面向世界”的发展方向，老凤祥已先后在境外开设了9家银楼专卖店，体现了老凤祥由“民族珠宝首饰业的领军品牌向国际著名品牌”发展的战略目标正稳步推进的信心",36,微信,c,1
老凤祥,老凤祥品牌也在发展中不断升华，多次入围《财富》“中国500强”，“全球100大奢侈品公司排行榜”，连续12年名列世界品牌实验室主办的世界品牌大会“中国500最具价值品牌”榜单，2016年品牌价值达222.91亿元,36,微信,c,1
老凤祥,"　　<IMAGE SRC=""http://mmbiz.qpic.cn/mmbiz_jpg/QraoibYhvxOtW0VVvVbpTrEqdmjMianmCZ4tM2oZDggIOibxKZRjmIzbpFFMIUVhYC3lV5viajESnEWEluicIclAFcQ/0?wx_fmt=jpeg"" >　　百年品牌 诚信铸就　　老凤祥郑重承诺　　诚信 ―― 老凤祥创始于1848年",36,微信,c,1
老凤祥,“诚信为本”，铸就了老凤祥百年金字招牌；未来的岁月，老凤祥将一如既往地坚持以消费者的利益为重，坚守“诚信为金”的庄严承诺,36,微信,c,1
老凤祥,　　诚实 ―― 老凤祥将一如既往地严格按照国家“首饰贵金属纯度的规定及命名方法”（GB11887-2008）的相关规定检测合格，并结合百年金字招牌的高标准、严要求，加强对生产和销售全过程的监控，做到质量精益求精,36,微信,c,1
老凤祥,　　诚意 ―― 老凤祥将一如既往地严格按照《中华人民共和国消费者权益保护法》，《上海市消费者权益保护条例》及国家和行业保护消费者的相关法规和条例，确保为消费者提供优良的产品，确保为消费者提供优质的服务，确保消费者的合法权益得到保障―对产品质量问题严格执行“包退、包换、包修”三包条例，并通过老凤祥完善的售后服务体系，解除消费者的后顾之忧,36,微信,c,1
老凤祥,　　“十三五” 总体发展战略目标　　以“共进、共赢、共享”的企业理念，发扬 “敢想、敢做、敢突破”的企业精神，弘扬民族品牌和民族珠宝文化，推动企业可持续增长，“做优、做强、做大”老凤祥品牌,36,微信,c,1
老凤祥,　　坚持创新驱动、转型发展，继续以创新、务实的经营思维，强化“立足上海、覆盖全国、走向世界”和“引领国内市场为主、重点突破国际市场”的企业发展战略，实现老凤祥品牌由国内向国际品牌的转型、由传统的经典品牌向经典与时尚兼具的品牌方向拓展，将老凤祥品牌打造成大中华地区黄金珠宝首饰业第一品牌,36,微信,c,1
老凤祥,"AjGFOL51rKuom7qDKPaDmTXbfUTZWwiauj8V7nYsLyXPkQxDticWhQQPmo7ibAQx4POge7ncCJBg/0?wx_fmt=png"" >　　百年老店湾b老凤祥银楼",36,微信,c,1
老凤祥,百年老店湾b老凤祥银楼,36,微信,t,1
老凤祥,　　老凤祥寻找赫章最萌小宝贝活动开赛啦,37,微信,c,1
老凤祥,赫章老凤祥寻找赫章最萌小宝贝活动开赛啦,37,微信,c,1
老凤祥,　　现在赫章老凤祥举办的“寻找赫章最萌小宝贝”活动免费开始了,37,微信,c,1
老凤祥,　　只要是年龄在0-12岁的小朋友都有机会获得老凤祥提供的价值1000元的足金999金锁,37,微信,c,1
老凤祥,"别着急，步骤如下：　　1.关注老凤祥公众号　　<IMAGE SRC=""http://mmbiz.qpic.cn/mmbiz_jpg/exKjGPYDsEN0FPu8W6q8MTUBKyBbaadz2Ex09gc9o5l54jyzR",37,微信,c,1
老凤祥,　　活动时间2017年5月21日--2017年6月3日　　奖品领取时间：2017年6月3日14:30　　领取地点：赫章县前河路老凤祥珠宝店　　领取条件：凭参赛微信号，带上参赛的小朋友到店领取　　详情可电话咨询：13238577668　　15285038483　　老凤祥 始于1848年 百年民族品牌　　跨越三个世纪的经典　,37,微信,c,1
老凤祥,老凤祥寻找赫章最萌小宝贝活动开赛啦！,37,微信,t,1
老凤祥,"　　延安老凤祥|与你浪漫邂逅　　<IMAGE SRC=""http://mmbiz.qpic.cn/mmbiz/WohcNpO48dnibNtiaZbEu3mIkol4L7vzdXXmufo7ymib4bs4i",38,微信,c,1
老凤祥,"VaYjEIWXXb0yASSZbA/640?"" >　　婚姻是一个人一生中的大事　　双方许下承诺　　牵手一生，相伴到老　　这是每一个人对完美婚姻的期待　　也是每一对拥有完美婚姻的人的婚姻状态　　【百年老凤祥】与你一起走过浪漫结婚季!　　<IMAGE SRC=""http://mmbiz.qpic.cn/mmbiz_png/pJV7icmIOHbRhDibSkfx2tp8Z4hYJj4xpaJpD2p",38,微信,c,1
老凤祥,"　　◆　　◆　　◆　　◆　　◆　　更多惊喜详情　　<IMAGE SRC=""http://mmbiz.qpic.cn/mmbiz_gif/O36UWIPIsBysTxicVhptE9Xec2QmSYR1Jf8TiceTxTcicsouXY1XA53qZ7ADSmKEyGibWQgY2nanVnZJz5XJ7Wib95g/0?wx_fmt=gif"" >　　延安老凤祥 | 与你浪漫邂逅",38,微信,c,1
老凤祥,延安老凤祥|与你浪漫邂逅,38,微信,t,1
老凤祥,　　淮北老凤祥|做人有多大气，就会有多成功，经典,39,微信,c,1
老凤祥,"dnibNtiaZbEu3mIkol4L7vzdXXmufo7ymib4bs4ibpWicxSanD1kJRT4pkyolibMfdOrbcR77L5DlMjU5tQ/0?"" > 提示：点击上方""淮北老凤祥""↑ 关注我们　　做人智商高不高没关系，情商高不高也问题不大，但做人的格局一定要大，说白了，你可以不聪明，也可以不懂交际，但一定要大气",39,微信,c,1
老凤祥,"DUjkEE2DJ1hb8XAPDAJow/640?wx_fmt=png"" >　　●●● END ●●●　　跨越三个世纪的经典｜走向世界的民族品牌　　百｜年｜老｜凤｜祥｜　　经｜典｜新｜时｜尚　　关于老凤祥　　创建于公元1848年的中国民族品牌“老凤祥”，有着悠久的历史、深厚的文化底蕴，在160多年的发展历程中，坚持传承与创新，在品牌建设、发展规模、产业结构等方面不断突破；“老凤祥”集科工贸于一体",39,微信,c,1
老凤祥,"BONpA5AqcaucWibJBvwoJedia665nHEHulAgtyR2UrA1j5GlTw/640?wx_fmt=jpeg"" >　　◆　　◆　　◆　　◆　　◆　　更多惊喜详情　　敬请光临淮北老凤祥　　<IMAGE SRC=""http://mmbiz.qpic.cn/mmbiz/WohcNpO48dlZf5urMhu0awPicjgBGjEicga9AEcHr2z1YTvibiaoZWNy",39,微信,c,1
老凤祥,"aK2Kdgiclrk87xt07mLzXEckKicYIro7tnyj9c2VO4d8WNiaMww/640?"" >　　分享方法　　1、点击右上角→发送给朋友　　2、点击右上角→分享到朋友圈　　淮北老凤祥 | 做人有多大气，就会有多成功，经典",39,微信,c,1
老凤祥,淮北老凤祥|做人有多大气，就会有多成功，经典！！！,39,微信,t,1
老凤祥,"　　5・20表白日，娄烦老凤祥来助力||五九厚德金「终身换」　　<IMAGE SRC=""http://mmbiz.qpic.cn/mmbiz_png/p1cuh52dB4yQ1YWl0ZdcM5HXkagWEIlcUF0r1",40,微信,c,1
老凤祥,"　　终身享不限时　　不限次零折旧　　2、老凤祥黄金饰品每克优惠 20元；　　<IMAGE SRC=""http://mmbiz.qpic.cn/mmbiz_jpg/LdiacHhsfhkyrPNbQcPrCVSSGOibTUppGFv3FCs",40,微信,c,1
老凤祥,"就送你ZUI好的　　时　　间：2017年5月18日--5月20日　　备　　注：活动详情以店内公告为准　　地　　址：县城南大街商贸超市对面　　老凤祥娄烦店　　欢迎关注公众号，及时了解活动详情<IMAGE SRC=""http://mmbiz.qpic.cn/mmbiz/LdiacHhsfhkxfdn3SicCt0xKEFRTnJwoLr0dw",40,微信,c,1
老凤祥,5・20表白日，娄烦老凤祥来助力||五九厚德金「终身换」,40,微信,t,1
老凤祥,"　　【浪漫告白】淮北老凤祥|520等你来赴约~　　<IMAGE SRC=""http://mmbiz.qpic.cn/mmbiz/WohcNpO48dnibNtiaZbEu3mIkol4L7vzdXXmufo7ymib4b",41,微信,c,1
老凤祥,"　　5月20-21日　　淮北老凤祥　　为每一个想要表达“爱”的人提供一个勇敢说爱的平台　　?注意：是免费的哦?　　<IMAGE SRC=""http://mmbiz.qpic.cn/mmbiz_gif/vKyCxZp9OmGjPc",41,微信,c,1
老凤祥,老凤祥来帮你,41,微信,c,1
老凤祥,"b8hSibkEQNU2icdFQcX3icQHFgpnMhdOic7PxCWAsaibWPdnHLMSg4IwpGicgQ/0?wx_fmt=gif"" >　　求婚告白　　活动期间凡进店不管是否消费，老凤祥都会圆你一场求婚仪式",41,微信,c,1
老凤祥,每个女孩都有一个自己的梦，幻想陪伴自己一生的伴侣在特殊意义的那天给自己一场求婚仪式，让更多的人来见证此刻，老凤祥帮你完成这个梦,41,微信,c,1
老凤祥,　　活动细则　　活动需提前告知消费者老凤祥圆你求婚梦，消费者如有需要可以和各门店店长联系，各门店店长将要举行求婚的情侣提前通知策划部,41,微信,c,1
老凤祥,　　活动时间　　2017年5月20日--5月21日　　报名方式　　老凤祥淮北濉溪各店面均可报名参加　　报名时间：5月17~5月19日　　（关注微信订阅号淮北老凤祥了解更多活动详情）　　喜欢就要勇敢争取，爱就要勇敢发声　　淮北老凤祥，为你的爱，呐喊助威　　<IMAGE,41,微信,c,1
老凤祥,"QUBONpA5AqcaucWibJBvwoJedia665nHEHulAgtyR2UrA1j5GlTw/0?wx_fmt=jpeg"" >　　◆　　◆　　◆　　◆　　◆　　更多惊喜详情　　敬请光临淮北老凤祥　　<IMAGE SRC=""http://mmbiz.qpic.cn/mmbiz/WohcNpO48dlZf5urMhu0awPicjgBGjEicga9AEcHr2z1YTvibiaoZWNy",41,微信,c,1
老凤祥,"iclrk87xt07mLzXEckKicYIro7tnyj9c2VO4d8WNiaMww/640?"" >　　分享方法　　1、点击右上角→发送给朋友　　2、点击右上角→分享到朋友圈　　【浪漫告白】淮北老凤祥 | 520等你来赴约~",41,微信,c,1
老凤祥,【浪漫告白】淮北老凤祥|520等你来赴约~,41,微信,t,1
老凤祥,国际现货黄金暴跌，老凤祥黄金价格今日走势稳定随着前期紧张的欧盟解体态势法国大选统一派以104万票领先第二名，顺利进入第二轮后,42,微信,c,1
老凤祥,因为国际现货黄金暴跌过程中，老凤祥黄金价格今日走势稳定,42,微信,c,1
老凤祥,老凤祥黄金价格在国际金价大起大落过程中，黄金价格维持335元/克，横盘超过1个月，价格稳定，而老凤祥铂金价格也同样稳定在298元/克水平一个月以上了,42,微信,c,1
老凤祥,最体现一个黄金品牌水平的无疑是老凤祥足金价格，几乎和金价暴跌逆势而行,42,微信,c,1
老凤祥,从2017年4月11日开始，老凤祥足金价格一日一个价从344元/克上涨到359元/克水平，使得实物黄金投资者获得了极佳的国际金价波动安全边际,42,微信,c,1
老凤祥,国际现货黄金暴跌，老凤祥黄金价格今日走势稳定,42,微信,t,1
老凤祥,"　　<IMAGE SRC=""http://mmbiz.qpic.cn/mmbiz_png/p6Vlqvia1UiczdxM52HlkJOl4iaW4RavE2WPMKgrjq2Czaonq5nH813cty0LvKea7xfYxZ1icUqGIbfmbkUmpArT9g/0?wx_fmt=png"" >　　来嘉善老凤祥买首饰，还能分期付款哦",43,微信,c,1
老凤祥,　　嘉善建设银行携手上海老凤祥银楼嘉善专卖店，举办龙卡信用卡分期活动,43,微信,c,1
老凤祥,"YQNiau2w19ibWpB7188KwbzE450ADOtA/0?wx_fmt=jpeg"" >　　总店：解放西路135号（肯德基旁）　　二店：解放东路181号（东方大厦对面）　　专柜：东方大厦一楼老凤祥专柜　　太平洋广场一楼老凤祥专柜　　<IMAGE SRC=""http://mmbiz.qpic.cn/mmbiz/7weU8magiboILpueF6xxzJQxgzLGOzoCFYIMz5Lg",43,微信,c,1
老凤祥,中国建设银行联手嘉善老凤祥，来给大家送福利啦！,43,微信,t,1
老凤祥,　　只要开始做，一切都不晚，期待与你结缘　　老凤祥，上市公司（1.上市公司上市具备的条件是：资金雄厚--股本部总额达3000万元以上,44,微信,c,1
老凤祥,2.作为一个上市公司，首先是国家支持和认可的，更重要的是能保证质量，比如如果该品牌有不好的新闻等直接影响它的是股票价值，首饰业只是老凤祥很重要的一个发展方向不可能存在任何质量问题）中国500强企业，是百年名族品牌，中国著名的珠宝首饰品牌,44,微信,c,1
老凤祥,　　中华老字号协会授予老凤祥品牌“最具创新老字号”荣誉,44,微信,c,1
老凤祥,　　“牌子老，款式新，工艺精，信誉好”是消费者对老凤祥品牌的共识,44,微信,c,1
老凤祥,"Fb0u2YAPRHtvRHrmicKOOrfqubqoQsicxZHialdJs9M1BiaGDkveaibwObJwC31VicbMWicND1awuug/0?wx_fmt=jpeg"" >　　镇平老凤祥　　招贤纳士　　<IMAGE SRC=""http://mmbiz.qpic.cn/mmbiz_gif/Cp05KsAerzymibnFb0u2YAPRHtvRHrmicK6gvoiakFL1ZZ",44,微信,c,1
老凤祥,　　一群年轻的伙伴儿，　　一起做有品质的老凤祥珠宝,44,微信,c,1
老凤祥,"hWQKibaDflnwINe5Pb9Ru5vFbqjXIC8sKc1A5rxnCCic01P8t5w/0?wx_fmt=jpeg"" >　　够优秀，你就来　　应聘地址：镇平新华路步行街春天百货一楼　　老凤祥银楼、御典龙凤珠宝城　　应聘电话：13343779796　　<IMAGE SRC=""http://mmbiz.qpic.cn/mmbiz_jpg/Cp05KsAerzxicrXUqTB3sCkL",44,微信,c,1
老凤祥,【镇平老凤祥】诚聘销售精英数名,44,微信,t,1
老凤祥,"　　老凤祥获颁“上海企业创新文化十佳品牌企业”　　<IMAGE SRC=""http://mmbiz.qpic.cn/mmbiz_jpg/mupPqx3LAkNWXHQyPH8k3BW6ZiczeIENXb",45,微信,c,1
老凤祥,老凤祥股份有限公司党委副书记史亮出席发布会，并代表公司获颁“上海企业创新文化十佳品牌企业”铜牌,45,微信,c,1
老凤祥,老凤祥以“传承经典 创新时尚”为主题现场展示最新创新成果,45,微信,c,1
老凤祥,"fDiaeKRCsb1JibfecLPkFlDCRqQlbicQriaUrHlKwnk4Dk7RVGI4nv1q0ISss7YQE4DdcLg06BWibIE1qA/0?wx_fmt=png"" >　　老凤祥获颁“上海企业创新文化十佳品牌企业”",45,微信,c,1
老凤祥,老凤祥获颁“上海企业创新文化十佳品牌企业”,45,微信,t,1
老凤祥,【广发商贸周观点】防守反击，聚焦主业，建议关注永辉超市、老凤祥、天虹股份、苏宁云商、南极电商本周主要观点（一）行情回顾： 本周沪深300下跌1.7%，零售板块（申万指数）下降0.9%，表现略好于大盘,46,微信,c,1
老凤祥,建议重点关注永辉超市、老凤祥、天虹股份、鄂武商等,46,微信,c,1
老凤祥,  * 广发可选消费（等权）指数：基于广发商贸团队选出的 11 只最具代表性的股票，包括鄂武商 A 、百联股份、首商股份、王府井、天虹商场、老凤祥、飞亚达 A 、宏图高科、通灵珠宝、刚泰控股、潮宏基 ,46,微信,c,1
老凤祥,【广发商贸周观点】防守反击，聚焦主业，建议关注永辉超市、老凤祥、天虹股份、苏宁云商、南极电商,46,微信,t,1
老凤祥,"　　【大厂老凤祥】「LoveForever爱恒久」细读我心真爱永恒　　<IMAGE SRC=""http://mmbiz.qpic.cn/mmbiz/4KCFooerFctWRLRG64OgXOcSAV9uUTv85MbxaPsxgKOnIhFo4NdPYAn6cJYNVkan9Wasx3Cm9MGf8UCMicoFEzg/640?wx_fmt=png"" >　　细读我的心，触动你的爱",47,微信,c,1
老凤祥,　　温馨提示　　跨越三个世纪的经典｜走向世界的民族品牌　　百｜年｜老｜凤｜祥｜　　经｜典｜新｜时｜尚　　关于老凤祥　　创建于公元1848年的中国民族品牌“老凤祥”，有着悠久的历史、深厚的文化底蕴，在160多年的发展历程中，坚持传承与创新，在品牌建设、发展规模、产业结构等方面不断突破；“老凤祥”集科工贸于一体、产供销于一身，已发展成为中国珠宝首饰业的“最有价值品牌”和龙头企业,47,微信,c,1
老凤祥,"　　◆　　◆　　◆　　◆　　◆　　更多惊喜详情　　敬请光临大厂老凤祥　　老凤祥 ・ 百年婚庆典范　　<IMAGE SRC=""http://mmbiz.qpic.cn/mmbiz_png/oq7ztdp7Cp0ia7TOiar1vGUdkd3IiaQYzXuvPi",47,微信,c,1
老凤祥,【大厂老凤祥】「LoveForever爱恒久」细读我心真爱永恒,47,微信,t,1
老凤祥,"　　淮北老凤祥|两个人有时差，一个人过四季　　<IMAGE SRC=""http://mmbiz.qpic.cn/mmbiz/WohcNpO48dnibNtiaZbEu3mIkol4L7vzdXXmufo7ym",48,微信,c,1
老凤祥,"wkrFqiadsJJ7OJLbibuLL5YhhQ/0?wx_fmt=jpeg"" >　　--END--　　跨越三个世纪的经典｜走向世界的民族品牌　　百｜年｜老｜凤｜祥｜　　经｜典｜新｜时｜尚　　关于老凤祥　　创建于公元1848年的中国民族品牌“老凤祥”，有着悠久的历史、深厚的文化底蕴，在160多年的发展历程中，坚持传承与创新，在品牌建设、发展规模、产业结构等方面不断突破；“老凤祥”集科工贸于一体",48,微信,c,1
老凤祥,"　　◆　　◆　　◆　　◆　　◆　　更多惊喜详情　　敬请光临淮北老凤祥　　<IMAGE SRC=""http://mmbiz.qpic.cn/mmbiz/WohcNpO48dlZf5urMhu0awPicjgBGjEicga9AEcHr2z1YTvibiaoZWNy",48,微信,c,1
老凤祥,"　　<IMAGE SRC=""http://mmbiz.qpic.cn/mmbiz/WohcNpO48dkSvjcH3bwrOoDAmrT2MibgqNcbkw7aK2Kdgiclrk87xt07mLzXEckKicYIro7tnyj9c2VO4d8WNiaMww/640?"" >　　分享方法　　1、点击右上角→发送给朋友　　2、点击右上角→分享到朋友圈　　淮北老凤祥 | 两个人有时差，一个人过四季",48,微信,c,1
老凤祥,淮北老凤祥|两个人有时差，一个人过四季,48,微信,t,1
老凤祥,"　　[金牌课堂]走进老字牌老凤祥――杨亚琴　　<IMAGE SRC=""http://mmbiz.qpic.cn/mmbiz/ianq03UUWGmKBiaFRAtInJGYgEuY433yBFzhHLZ3teoD3buiaMl",49,微信,c,1
老凤祥,"leRMcESnzxQsyWr8ibBN91OmDjOgmicgt3Cz0uZmVia2wxSibYVBLZNUIH62vicDktKxAosVVA/640?wx_fmt=png"" >　　中国民族品牌老凤祥的前身――凤祥裕记银楼于1848年（清道光28年）初创，是我国银楼业兴旺发展的产物",49,微信,c,1
老凤祥,老凤祥通过传承与创新，将悠久的历史、深厚的文化底蕴，在品牌建设、发展规模、产业结构和产品结构等方面不断突破，已发展成为中国珠宝首饰业的龙头企业,49,微信,c,1
老凤祥,　　老凤祥――跨越三个世纪的经典与时尚，见证百年幸福传承,49,微信,c,1
老凤祥,"bAuib8TKrhmest13hqZEzXpmTibXLERBQia9QtAv5IrRvGtL5iaFYykP7eeWJ4lU9Dj0jWQ/0?wx_fmt=gif"" >　　[金牌课堂]走进老字牌老凤祥――杨亚琴",49,微信,c,1
老凤祥,[金牌课堂]走进老字牌老凤祥――杨亚琴,49,微信,t,1
老凤祥,【淮北老凤祥】遇见，不必在最美的年华,50,微信,c,1
老凤祥," 提示：  点击上方 "" 淮北老凤祥 "" ↑  关注 我们遇见不必在最美的年华        有一种遇见，没有惊艳的开场，没有华丽的告白，普通的问候，简单的交流，一颦一笑，醉入眼眸，一字一句，温馨入怀",50,微信,c,1
老凤祥,淮北老凤祥，与你相遇，没有早晚，没有对错，珍惜，才是最美丽的拥有,50,微信,c,1
老凤祥,跨越三个世纪的经典｜走向世界的民族品牌百｜年｜老｜凤 ｜祥｜            经｜典｜新｜时 ｜尚关于老凤祥创建于公元1848年的中国民族品牌“老凤祥”，有着悠久的历史、深厚的文化底蕴，在160多年的发展历程中，坚持传承与创新，在品牌建设、发展规模、产业结构等方面不断突破；“老凤祥”集科工贸于一体、产供销于一身，已发展成为中国珠宝首饰业的“最有价值品牌”和龙头企业,50,微信,c,1
老凤祥,"◆   ◆   ◆   ◆   ◆更多惊喜 详情敬请光临淮北老凤祥关注淮北老凤祥  微信号： LFX-huaibei免费订阅《淮北老凤祥》微信1、点击文章标题下蓝字 “淮北老凤祥”关注2、点击右上角→”查看公众号“点击关注3、点击微信右上角的""+""，会出现""添加朋友""，进入""查找公众号""，输入 “淮北老凤祥”  或 “LFX-huaibei""点击关注",50,微信,c,1
老凤祥,【淮北老凤祥】遇见，不必在最美的年华！,50,微信,t,1
老凤祥,"　　老凤祥轻奢时尚彩宝系列新品到店　　<IMAGE SRC=""http://mmbiz.qpic.cn/mmbiz/Lo7ia7UsPa9A8TkQWWF74nqI1ibfZ2oiaHIHBmKQrev4",51,微信,c,1
老凤祥,　　百年品牌老凤祥银楼　　陇海专卖店　　欢迎您的光临,51,微信,c,1
老凤祥,　　地址：陇海路庆丰街交叉口儿 老凤祥银楼　　电话：86562608　　老凤祥轻奢时尚彩宝系列新品到店,51,微信,c,1
老凤祥,老凤祥轻奢时尚彩宝系列新品到店,51,微信,t,1
老凤祥,　　2017老凤祥迪士尼主题系列首饰新品上市　　老凤祥迪士尼新品系列涵盖米奇米妮，《超能陆战队》的大白、小熊维尼和《海底总动员2》 四大主题首饰，材质包括黄金、K金、彩色宝石、钻石、珍珠、珐琅和金镶玉材质等,52,微信,c,1
老凤祥,老凤祥迪士尼主题系列新品凸显个性化珠宝设计，将迪士尼备受消费者喜爱的明星形象完美演绎，必将引领轻奢珠宝首饰市场发展的新潮流,52,微信,c,1
老凤祥,我们倡导引领轻奢时尚的快乐生活，此次推出的老凤祥迪士尼主题系列新品相信一定会让消费者眼前一亮,52,微信,c,1
老凤祥,”老凤祥首席发言人、上海老凤祥有限公司市场部总经理王恩生先生在发布会上激情透露,52,微信,c,1
老凤祥,发布会上，老凤祥迪士尼主题系列新品精彩亮相,52,微信,c,1
老凤祥,"模特儿将灵动，梦幻，雅致的迪士尼珠宝首饰一一向媒体和来宾做了精彩呈现，老凤祥迪士尼新品系列掀起了前所未有的活力和青春气息<IMAGE SRC=""http://mmbiz.qpic.cn/mmbiz_jpg/Q04aic6k6BlOa0t3nwam8t4oCcjYH6ic",52,微信,c,1
老凤祥,2017老凤祥迪士尼主题系列首饰新品上市,52,微信,t,1
老凤祥,"黄金全城最低价，买钻石送名表，老凤祥珠宝真情大放送　　<IMAGE SRC=""http://mmbiz.qpic.cn/mmbiz_jpg/FwaBBFqBkQCiaLMlnLaeib0FuUia1Byo2A6d28vaYoSxj",53,微信,c,1
老凤祥,"　　活动时间5.19-5.21　　<IMAGE SRC=""http://mmbiz.qpic.cn/mmbiz/0vj89SiaMZWebicMFUHpGYUShuYKrMbaEXiblhBhTHIV2B7hdSjKxvporvHiafmtfxFqus2Flt0nvPic1epsdwnOTZA/640?wx_fmt=jpeg"" >　　老凤祥“520”我爱你，爱情不仅仅是一场唯美的邂逅",53,微信,c,1
老凤祥,让“它”完成你所有的梦想・・・・・・　　从表白，到携手　　从我爱你，到我愿意　　写下你心中爱的情话　　老凤祥会铭记属于你们的甜蜜,53,微信,c,1
老凤祥,"FlfFibxhtbevmtq7MJnqKxt2SicPaT0mjrA0iapxouTcIbExFb1bP0hw7HmQgkJhnyrcwlA/0?wx_fmt=gif"" >　　地址：环县中街农行对面老凤祥银楼　　<IMAGE SRC=""http://mmbiz.qpic.cn/mmbiz/FwaBBFqBkQAAUGyyZvxduR9mFPiaJM0Fibw0bls1RKxyaTkF53smGB",53,微信,c,1
老凤祥,黄金全城最低价，买钻石送名表，老凤祥珠宝真情大放送,53,微信,c,1
老凤祥,限购！限购！限购啦！黄金全城最低价，买钻石送名表，老凤祥珠宝真情大放送,53,微信,t,1
老凤祥,"　　全球奢侈品百强榜发布，老凤祥又上升一位，名列第十三位　　<IMAGE SRC=""http://mmbiz.qpic.cn/mmbiz/WohcNpO48dnibNtiaZbEu3mIkol4L7vzdXXmufo7ymib",54,微信,c,1
老凤祥,其中对全球规模最大的 100家奢侈品公司进行了排名，老凤祥名列第十三位，比去年又上升了一位,54,微信,c,1
老凤祥,"　　<IMAGE SRC=""http://mmbiz.qpic.cn/mmbiz_png/ibiaF4IVzCL1mJ7WKTUQpGj4QTDV8oIu0Brhwm0d3tiboR68vVNRdGlkRmjrMM8Lkz44HY914ofjtjEHDEaLyydsQ/640?wx_fmt=png"" >　　老凤祥目前全国销售网点已覆盖全国31个省市、地区",54,微信,c,1
老凤祥,　　●●● END ●●●　　跨越三个世纪的经典｜走向世界的民族品牌　　百｜年｜老｜凤｜祥｜　　经｜典｜新｜时｜尚　　关于老凤祥　　创建于公元1848年的中国民族品牌“老凤祥”，有着悠久的历史、深厚的文化底蕴，在160多年的发展历程中，坚持传承与创新，在品牌建设、发展规模、产业结构等方面不断突破；“老凤祥”集科工贸于一体、产供销于一身，已发展成为中国珠宝首饰业的“最有价值品牌”和龙头企业,54,微信,c,1
老凤祥,"　　<IMAGE SRC=""http://mmbiz.qpic.cn/mmbiz_jpg/O36UWIPIsBzGBtQgDXJWHmGCZW30hcgCnEPy0C9paibcDv95uV30mk26paNnJPgme0XTic4KwiaoKVFtMdTC5sNow/0?wx_fmt=jpeg"" >　　全球奢侈品百强榜发布，老凤祥又上升一位，名列第十三位",54,微信,c,1
老凤祥,全球奢侈品百强榜发布，老凤祥又上升一位，名列第十三位,54,微信,t,1
老凤祥,"　　【全城征集告白者】520想让你的告白浪漫全城?淮北老凤祥全程为您策划~　　<IMAGE SRC=""http://mmbiz.qpic.cn/mmbiz/WohcNpO48dnibNtiaZbEu3mIkol4L7vzdXXmufo7ymib4bs4i",55,微信,c,1
老凤祥,"　　5月20-21日　　淮北老凤祥　　为每一个想要表达“爱”的人提供一个勇敢说爱的平台　　?注意：是免费的哦?　　<IMAGE SRC=""http://mmbiz.qpic.cn/mmbiz_gif/vKyCxZp9OmGjPc",55,微信,c,1
老凤祥,老凤祥来帮你,55,微信,c,1
老凤祥,"b8hSibkEQNU2icdFQcX3icQHFgpnMhdOic7PxCWAsaibWPdnHLMSg4IwpGicgQ/0?wx_fmt=gif"" >　　求婚告白　　活动期间凡进店不管是否消费，老凤祥都会圆你一场求婚仪式",55,微信,c,1
老凤祥,每个女孩都有一个自己的梦，幻想陪伴自己一生的伴侣在特殊意义的那天给自己一场求婚仪式，让更多的人来见证此刻，老凤祥帮你完成这个梦,55,微信,c,1
