鹏博士,　　两个多月未见行动――　　鹏博士(行情600804，诊股)大股东增持延期遭投诉　　“光见打雷不见下雨，说好的增持迟迟不见行动，等来的却是增持计划延期,0,媒体新闻,c,1
鹏博士,”本周，大众证券报“蔡方工作室”记者接到投资者管先生的投诉称，鹏博士（600804）大股东不作为，增持期限快到期未见行动，却提出来延期执行,0,媒体新闻,c,1
鹏博士,　　时间倒回至5月15日，鹏博士发布公告称，控股股东深圳鹏博实业集团有限公司（下称“鹏博实业”）计划在未来三个月内增持公司股票，增持金额不低于2亿元,0,媒体新闻,c,1
鹏博士,值得一提的是，鹏博士在公告中表示：“本次增持计划可能面临增持股份所需资金未能到位，导致增持计划无法实施的风险,0,媒体新闻,c,1
鹏博士,”　　其时，鹏博士二级市场股价处于“风雨飘摇”之中：从去年底的21.93元下跌到5月14日的17.41元，下跌逾两成,0,媒体新闻,c,1
鹏博士,“（鹏博士）大股东这个时候出手增持，目的肯定是为了稳定股价，避免闪崩，进而影响到公司的再融资计划,0,媒体新闻,c,1
鹏博士,　　1月23日，鹏博士披露《2017年非公开发行A股股票预案》,0,媒体新闻,c,1
鹏博士,”鹏博士称,0,媒体新闻,c,1
鹏博士,资料显示，鹏博实业持有鹏博士1.15亿股，占总股本8.14%;通灵通电讯持有5921.91万股，占总股本4.19%,0,媒体新闻,c,1
鹏博士,　　此后3月14日、6月22日，鹏博士对定增预案进行了两次修订,0,媒体新闻,c,1
鹏博士,　　“我就是在增持计划公告后不久买入鹏博士股票的,0,媒体新闻,c,1
鹏博士,鹏博士5月15日增持公告发布后，一直未有后续进展,0,媒体新闻,c,1
鹏博士,”对于投资者的提问，鹏博士统一回复称：“公司控股股东计划在8月15日前增持公司股票，增持金额不低于人民币2亿元,0,媒体新闻,c,1
鹏博士,”　　正当投资者期待最终结果时，8月1日鹏博士发布了《关于股东增持公司股份计划延期的公告》,0,媒体新闻,c,1
鹏博士,带着投资者的问题，大众证券报记者致电鹏博士,0,媒体新闻,c,1
鹏博士,令人诧异的是，鹏博士定期报告中提供的联系电话，拨通后竟然听到“对不起，你拨打的电话是空号”,0,媒体新闻,c,1
鹏博士,两个多月未见行动 鹏博士大股东增持延期遭投诉,0,媒体新闻,t,1
鹏博士,　　　　8月3日，鹏博士集团上海分公司举办了主题为“UP”的2017年中新业务发布会，引爆信息服务大升级，将打造智能服务新平台,1,媒体新闻,c,1
鹏博士,　　信息服务三大升级：宽带UP、服务UP、应用UP　　鹏博士上海公司在发布会上宣布三大升级：宽带UP、服务UP、应用UP,1,媒体新闻,c,1
鹏博士,　　一直以来，鹏博士是响应宽带提速降费的急先锋，带头升级百兆、千兆宽带，降低宽带费用，用实际行动做了表率,1,媒体新闻,c,1
鹏博士,2017年，鹏博士将进一步提升宽带接入网速，并提高客户的网络体验,1,媒体新闻,c,1
鹏博士,　　在服务和应用上，鹏博士上海公司将继续发扬鹏博士宽带+服务的传统优势，在业内率先把宽带服务标准与内容服务提升到更高的标准，全面打造成家庭宽带服务新标杆,1,媒体新闻,c,1
鹏博士,而鹏博士上海公司除了在家庭宽带领域外，发布会上也亮相了在政企产品与服务领域的信息服务UP方案，推出了鹏云企视通、鹏云专线、鹏云SWAN三款应对云时代的全新产品，全面满足企业信息服务云化的旺盛需求,1,媒体新闻,c,1
鹏博士,"<IMAGE SRC=""http://biz.e-lagou.com/ueditor/php/upload/image/20170803/1501759772105569.png"" >　　打造智能服务新平台，社区生活新体验　　发布会上，鹏博士上海公司还解读了包括社区商圈在内的三大商圈的发展趋势，展现其在社区商圈的独特优势，以及如何开放平台及能力资源，构建社区商业新零售，挖掘社区商圈新价值的愿景",1,媒体新闻,c,1
鹏博士,　　鹏博士深耕社区17年，拥有庞大的用户群体、天然的社区及家庭服务入口、强大的社区营销和推广能力以及卓越的大数据平台能力,1,媒体新闻,c,1
鹏博士,　　鹏博士未来将依托其能力和资源优势，连接家庭与厂商，以人工智能对接工业4.0，打造社区智能服务新平台,1,媒体新闻,c,1
鹏博士,　　鹏博士上海公司从家庭用户实际需求出发，为上海广大家庭宽带用户带来了更好的生活新体验,1,媒体新闻,c,1
鹏博士,例如，购买宽带的同时，鹏博士用户在购买华为等品牌手机、家用净水器时可享有会员专属价格等,1,媒体新闻,c,1
鹏博士,"<IMAGE SRC=""http://biz.e-lagou.com/ueditor/php/upload/image/20170803/1501759773942331.png"" >　　鹏博士上海公司在发布会上表示将进一步丰富家庭产品及服务，打造成智能服务新平台，为社区商圈注入更多资源与活力，为千家万户带来真正的社区生活新体验",1,媒体新闻,c,1
鹏博士,鹏博士上海公司：信息整合 服务升级 打造智能服务新平台,1,媒体新闻,t,1
鹏博士,　　e公司讯，鹏博士（600804）7月31日晚间公告，公司控股股东鹏博实业此前于5月16日披露，计划在未来3个月内增持公司股票，增持金额不低于2亿元,2,媒体新闻,c,1
鹏博士,鹏博士：控股股东增持计划延期,2,媒体新闻,t,1
鹏博士,7月17日，鹏博士股价跌超5%，报收于16.12元，疑有机构作大单抛售,3,媒体新闻,c,1
鹏博士,而股价大跌后仅两天，19日鹏博士集团北京公司即举办2017年中新业务发布会，在会上其提出了“宽带UP、服务UP、应用UP”的信息服务升级,3,媒体新闻,c,1
鹏博士,但作为加入教育赛道的一份子，鹏博士推出鹏云课堂、进而通过大麦盒子的视频资源整合进军教育领域后，其教育业务一直处于一种不温不火的状态,3,媒体新闻,c,1
鹏博士,自今年6月13日，鹏博士分管宽带业务的多位高层出现大规模变动;鹏博士旗下孙公司――北京家视天下科技有限公司总经理周柳青走马上任，被聘任为鹏博士公司副总经理,3,媒体新闻,c,1
鹏博士,鹏博士的教育业务，到底有没有发展与上升的空间?鹏博士业务发展存疑，四大问题亟待解决鹏博士2017年一季度报显示，其总资产同比缩水7.03%;经营活动产生的现金流量净额同比减少13.96%;营收同比降低1.29%、净利润则同比缩减7.22%,3,媒体新闻,c,1
鹏博士,对鹏博士而言，如何摆脱三大运营商对其生存空间的挤压、未来的盈利点到底应设定在哪个领域，就成了鹏博士目前必须慎重考虑的问题,3,媒体新闻,c,1
鹏博士,近期，蓝鲸教育与多位电信业资深从业者、教育内容提供商，就鹏博士近期的业务发展情况进行深入交流，尝试揭开其业务发展的“神秘面纱”,3,媒体新闻,c,1
鹏博士,但就蓝鲸教育所得，鹏博士目前整体发展的确存在一定问题，而教育业务亦不能免俗,3,媒体新闻,c,1
鹏博士,在几位资深电信从业者看来，鹏博士业务目前主要存在四大问题,3,媒体新闻,c,1
鹏博士,1 教育业务相对疲弱，有概念但实质内容较少鹏博士的教育业务，在其2014年年报中无任何提及;直到2015年，其年报中才首次出现“鹏云课堂”;而2016年，“鹏云教育”才首次于年报中出现,3,媒体新闻,c,1
鹏博士,从年度报告中蓝鲸教育发现，鹏博士的教育板块布局，直到2016年才从“产品”升级为“业务”,3,媒体新闻,c,1
鹏博士,结合鹏博士2015、2016年年报蓝鲸教育发现，鹏云课堂在鹏博士的战略规划中仅仅是一个“通过整合全球优质的教育资源”，而搭建起来的“O2O教育平台”;而鹏云教育，也只是一项“增值业务”,3,媒体新闻,c,1
鹏博士,而且2016年1月1日正式上线的鹏云课堂，截至鹏博士今年3月30日发布2016年年报时，其官方给出的数据显示注册用户为200万,3,媒体新闻,c,1
鹏博士,留给鹏博士此类民营电信商的发展空间，未来将十分有限,3,媒体新闻,c,1
鹏博士,而与此同时，鹏博士旗下的长城宽带，其外网接口在国内部分地区存在租用电信、联通带宽的情况,3,媒体新闻,c,1
鹏博士,而鹏博士在北京主营的品牌“宽带通”，据群众反映也存在网速缓慢、高峰期不定时断网等问题,3,媒体新闻,c,1
鹏博士,然而鹏博士的教育业务，目前主要是通过大麦盒子与长城宽带/宽带通的捆绑销售进行地推,3,媒体新闻,c,1
鹏博士,3 虚拟运营商业务存在违规行为，且营收情况外界难以得知“鹏博士的虚拟运营商业务，实际成果如何外界难以查询,3,媒体新闻,c,1
鹏博士,蓝鲸教育查询鹏博士2016年年报发现，其虚拟运营商业务无具体盈利数据,3,媒体新闻,c,1
鹏博士,而且在今年2月，据《人民邮电报》相关报道所示，工信部对虚拟运营商的实名制抽查行动中，通过暗访发现14家转售企业其网点存在违规行为，鹏博士赫然在列,3,媒体新闻,c,1
鹏博士,4 内部高层震荡，对外讳莫如深鹏博士六月份的高层大换血，提交辞呈、被免职的八位副总经理，均负责该公司的宽带业务;而新上位的四个高管，则来自于运营商和自有业务中的视频内容领域,3,媒体新闻,c,1
鹏博士,这是否代表着鹏博士“宽带王朝”的谢幕?该司董事长杨学平甚少接受外界采访，此次高层替换的大动作之下也无发声之举,3,媒体新闻,c,1
鹏博士,几位电信从业者表示鹏博士此次高管震荡，存在内部人士斗争激烈、公司对外发言人同样被卷入旋涡的可能,3,媒体新闻,c,1
鹏博士,内容提供方，对大麦盒子盈利模式存在疑虑而在鹏博士教育业务具体落地这一点上，一些教育视频内容提供商向蓝鲸教育表示，鹏博士的大麦盒子采用的是盈利分成模式，即与视频提供方“三七开”或是“五五开”分享盈利,3,媒体新闻,c,1
鹏博士,“但我们不确定鹏博士的大麦盒子跑量，是不是真的有其说的那么足,3,媒体新闻,c,1
鹏博士,“盒子玩家”要走的路还很长，鹏博士尤甚而另一位任职于互联网巨头企业的教育板块、与鹏博士有一些业务往来的高层负责人则表示，鹏博士内部对教育业务还是十分重视的,3,媒体新闻,c,1
鹏博士,“鹏博士的确在今年上半年将其业务板块进行过整合，并砍掉了一些盈利能力不强的业务,3,媒体新闻,c,1
鹏博士,在鹏博士高层看来，其教育板块发展前景还是不错的”，这位负责人表示,3,媒体新闻,c,1
鹏博士,“鹏博士做电视业务，是以套餐包的形式销售,3,媒体新闻,c,1
鹏博士,这是因为鹏博士有宽带业务的地推，通过地推过程中的内容捆绑销售，他们发现教育业务这块销售的效果比较好，的确发展前景很大”，此人说道,3,媒体新闻,c,1
鹏博士,鹏博士的教育业务已经做了一两年，只是没有在其财务报告中提出，“毕竟这只是他们重视的一块业务，而不是其主营业务”,3,媒体新闻,c,1
鹏博士,虽然鹏博士有地推，可以提高销售的成功率;但同样的，地推也存在成本较高的问题,3,媒体新闻,c,1
鹏博士,总结虽然在市场中，这些盒子玩家可能从销售情况来看相差无几;但鉴于鹏博士近期股价跳水、高层震荡还有集体缄默的现状，其教育业务即使如爆料人士所说“被鹏博士高层所看重”，未来到底能发展成什么情况，也实在是难以预测,3,媒体新闻,c,1
鹏博士,如今鹏博士作为民营电信运营商，其未来发展空间将在三大运营商的挤压下越发逼仄,3,媒体新闻,c,1
鹏博士,在上市公司热衷于跨界试水教育的市场现状下，鹏博士在教育领域的布局却显得没有头绪、无从下手,3,媒体新闻,c,1
鹏博士,鹏博士发展“四大疑点”，教育业务困局应如何破解,3,媒体新闻,t,1
鹏博士,"<IMAGE SRC=""http://hqpick.eastmoney.com/k/6008041.png"" >　　鹏博士(600804)7月31日晚间公告，公司控股股东鹏博实业此前于5月16日披露，计划在未来3个月内增持公司股票，增持金额不低于2亿元",4,媒体新闻,c,1
鹏博士,鹏博士：控股股东增持计划延期,4,媒体新闻,t,1
鹏博士, 　　北京商报讯（记者 金朝力 石飞月）7月19日，鹏博士北京公司宣布将推出信息服务大升级：宽带UP、服务UP、应用UP,5,媒体新闻,c,1
鹏博士,　　本次活动将对鹏博士北京用户中40万低带宽家庭宽带用户进行免费提速，进一步提升宽带接入网速和客户的网络体验，在业内率先将宽带服务标准与内容服务提升到更高的标准，包括30分钟快速响应、3小时快速处理在内的6A服务标准以及一系列智能应用升级,5,媒体新闻,c,1
鹏博士,鹏博士北京公司此次还为北京用户带来更多的超值产品套餐，如买手机送宽带、买视频会员送宽带等，在政企产品与服务领域，推出了鹏云企视通、鹏云专线、鹏云SWAN三款应对云时代的全新产品,5,媒体新闻,c,1
鹏博士,鹏博士升级信息服务,5,媒体新闻,t,1
鹏博士,近日鹏博士(600804，股吧)决定拟牵头设立50亿元宽带接入及应用发展基金(以下简称宽带基金),6,媒体新闻,c,1
鹏博士,　　如何保上市公司利益　　8月18日，鹏博士公告表示，上市公司拟出资1000万，上市公司管理层及骨干员工共同出资1.9亿元，融资48亿元，设立50亿元宽带基金,6,媒体新闻,c,1
鹏博士,对于设立该基金的目的，鹏博士表示，为实现快速网络覆盖、拓宽融资渠道、激励稳定现有团队、引进吸引更多外部人才，并称设立这一基金“非常必要”,6,媒体新闻,c,1
鹏博士,　　业内人士：做内容更可行　　“鹏博士这样的公告肯定会遭到证监会或上证所询问,6,媒体新闻,c,1
鹏博士,”三网融合专家、融合网主编吴纯勇向记者表示，“鹏博士本来面对的就是全国市场，没必要分已经做的区域和没有做过的区域，这就是鹏博士经营范围之内的事，再成立一个宽带基金做同样的业务，必然会涉及同业竞争的问题,6,媒体新闻,c,1
鹏博士,20亿担保支持员工“抢生意” 上证所监管函五问鹏博士,6,媒体新闻,t,1
鹏博士,鹏博士(行情600804，诊股)未来应如何前行,7,媒体新闻,c,1
鹏博士,　　6月13日，对大型民营电信供应商鹏博士而言，很可能是其“宽带王朝”落幕的节点,7,媒体新闻,c,1
鹏博士,　　当日鹏博士发布公告称，公司对部分高管进行职务调整，一位常务副总经理、四位副总经理不再担任原有岗位,7,媒体新闻,c,1
鹏博士,　　加之同一天，有两位副总经理、一位董事兼副总经理提交书面辞呈――一日之间，鹏博士高管出现十二人次的岗位变动,7,媒体新闻,c,1
鹏博士,　　鹏博士到底要搞什么“大新闻”,7,媒体新闻,c,1
鹏博士,　　行业上升空间缩小，鹏博士需开辟“新战场”　　据中信建投相关分析显示，此次鹏博士提交辞呈、被免职的八位副总经理，均负责该公司的宽带业务;而新上位的四个高管，则来自于运营商和自有业务中的视频内容领域,7,媒体新闻,c,1
鹏博士,鹏博士高层大患血，可能代表了该司的变革决心;鹏博士新业务的发展，有望加快速度,7,媒体新闻,c,1
鹏博士,　　鹏博士为何如此坚决地要进行业务转型呢,7,媒体新闻,c,1
鹏博士,而作为民营运营商，鹏博士不仅要面对行业市场空间大大缩小的现实，还要面对三大运营商对其业务空间的挤压,7,媒体新闻,c,1
鹏博士,　　虽然我们看到鹏博士的营收同比增长，远远超越了三大运营商中的任何一个,7,媒体新闻,c,1
鹏博士,但鹏博士的量级相比三大运营商，还只是个“孩子”,7,媒体新闻,c,1
鹏博士,三大运营商于鹏博士而言，无异是压在头顶的“三座大山”;甚至是永远不可逾越的鸿沟,7,媒体新闻,c,1
鹏博士,　　而这个有些残酷的现实，在鹏博士2014~2016年年报中已被证明,7,媒体新闻,c,1
鹏博士,　　如果说柱形图对于鹏博士最近三年营收、净利润以及总资产的变化趋势显示得不够明显，那么通过折线图则可看出变化趋势相当不理想,7,媒体新闻,c,1
鹏博士,　　2014~2016年，鹏博士的营收以及总资产增幅逐年降低;净利润增幅虽然在2015年有小幅上涨，但于2016年出现暴跌,7,媒体新闻,c,1
鹏博士,就营收数据分析可得鹏博士最近三年主营业务的业绩上升空间逐步缩小;就净利润则可得该司综合成本在逐年提高;而就总资产数据而言，鹏博士未来想要进一步扩大其业务体量，难度日益增加,7,媒体新闻,c,1
鹏博士,　　蓝鲸教育近日与联通大连分公司某位一线的产品经理有过沟通，其表示长城宽带（鹏博士旗下品牌）在全国部分地区经营业务时，存在通过租用三大运营商（联通、电信）线路少量带宽后通过内网缓存数据，开展自身宽带业务的情况,7,媒体新闻,c,1
鹏博士,”而鹏博士在北京主营的品牌“宽带通”，据群众反映也存在网速缓慢，高峰期不定时断网等类似问题,7,媒体新闻,c,1
鹏博士,　　无论从哪方面来看，鹏博士想要在主营的宽带业务上走得更远、做得更好，其难度还是相当之大的,7,媒体新闻,c,1
鹏博士,最主要的问题是，按照国内宽带市场空间缩小的速度来看，留给鹏博士宽带业务发展壮大的时间，怕是不多了,7,媒体新闻,c,1
鹏博士,　　教育领域，鹏博士与三大运营商相比更具先天不足　　如今国家大力发展教育信息化，拥有海量用户数据的电信运营商纷纷加入教育赛道,7,媒体新闻,c,1
鹏博士,　　因此鹏博士不仅在宽带业务上、更是在教育业务上存在先天性的劣势，这是铁一般的事实,7,媒体新闻,c,1
鹏博士,而且从鹏博士自身教育业务发展轨迹来看，其在该领域的推进也是相当缓慢的,7,媒体新闻,c,1
鹏博士,　　虽然在6月13日鹏博士高管调整公告中，明确提出“聘任周柳青先生为公司副总经理，分管公司全球 OTT、鹏云视讯、鹏云教育以及内容增值等相关业务工作”,7,媒体新闻,c,1
鹏博士,但是鹏博士的教育业务，在其2014年年报中无任何提及;直到2015年，其年报中才首次出现“鹏云课堂”;而2016年，“鹏云教育”才首次于年报中出现,7,媒体新闻,c,1
鹏博士,换句话说，从年度报告中蓝鲸教育发现，鹏博士的教育板块布局，直到2016年才从“产品”升级为“业务”,7,媒体新闻,c,1
鹏博士,　　鹏博士在2014年，即与巨人教育、启迪控股联合推出“智慧教育云平台&万人空中云课堂”，以网络直播、录播推进其在线教育业务;更在2015年开放线下门店、与慕华教育合作，推出爱学堂电视课程,7,媒体新闻,c,1
鹏博士,　　但结合鹏博士2015、2016年年报蓝鲸教育发现，鹏云课堂在鹏博士的战略规划中仅仅是一个“通过整合全球优质的教育资源”，而搭建起来的“O2O教育平台”;而鹏云教育，也只是一项“增值业务”,7,媒体新闻,c,1
鹏博士,与三大运营商在教育领域多点布局的手段相比，鹏博士在起跑线上就逊色许多,7,媒体新闻,c,1
鹏博士,而在互联网高度发达的今天，“半拍”的时间就足以决定鹏博士到底是“通信+教育”公司里的“大鱼”，还是“虾米”,7,媒体新闻,c,1
鹏博士,　　而且“三通两平台”的存在，本身就让民营身份的鹏博士发展教育信息化业务举步维艰,7,媒体新闻,c,1
鹏博士,而目前鹏博士的教育主打产品“鹏云课堂”，走的就是C端路线,7,媒体新闻,c,1
鹏博士,这种荆棘遍布的前行之路，令鹏博士的教育布局困难重重,7,媒体新闻,c,1
鹏博士,　　做教育，鹏博士缺的是“人才”　　从本质上来看，鹏博士在教育领域目前最抓人眼球的“鹏云课堂”，只是一个整合信息的平台,7,媒体新闻,c,1
鹏博士,　　而作为鹏博士业务竞品公司之一的华数传媒(行情000156，诊股)，其体量虽小于鹏博士，但其在教育领域的布局却毫不逊色于鹏博士,7,媒体新闻,c,1
鹏博士,在这种前有狼、后有虎的行业格局中，鹏博士的教育业务想要发展壮大，必须要有核心内容的支撑,7,媒体新闻,c,1
鹏博士,　　毕竟鹏博士目前所做的“大麦盒子”，其立意和社会反响还是值得一提的,7,媒体新闻,c,1
鹏博士,　　对此，鹏博士却又要面对一个尴尬的问题：如果想要产出自有优秀教育内容、集结优质教育资源，则需要自身拥有一个优秀的教育业务团队，更要有一个懂教育的板块管理者,7,媒体新闻,c,1
鹏博士,这样的一个管理者，将如何决策鹏博士教育板块业务未来走向，十分有待观察,7,媒体新闻,c,1
鹏博士,　　教育这个大舞台，不是上台就能演出一场好剧　　蓝鲸教育近期曾就鹏博士高层变动一事与百家讲坛发起人马永纪沟通，他作为一线教育工作者，有其独到的观点,7,媒体新闻,c,1
鹏博士,　　尤其对于像鹏博士这样在主营业务所在领域深耕多年的公司，“在旧有业务所在行业中扎得越深，转型或者试水教育行业时的不适感就越发深刻”,7,媒体新闻,c,1
鹏博士,　　总结　　鹏博士此次高层调整，展示了其业务转型的决心,7,媒体新闻,c,1
鹏博士,　　但既然教育板块逐渐被公司所重视，那么教育市场对于鹏博士而言，还是有很大的想象空间,7,媒体新闻,c,1
鹏博士,高管大换血，鹏博士的教育业务能否借此改头换面？,7,媒体新闻,t,1
鹏博士,　　2016年对鹏博士来说，是最为艰难的一年,8,媒体新闻,c,1
鹏博士,2017再看鹏博士：轻装上阵，大鹏展翅,8,媒体新闻,t,1
鹏博士,　　5g概念股鹏博士：新产品和海外拓展有望带来新业绩增长点　　类别：公司研究机构：中信建投证券股份有限公司研究员：武超则，崔晨日期：2017-03-08　　大股东欲定增增持，持股比例大幅提升，稳固经营控制权，彰显未来发展坚定信心，安全边际凸显,9,媒体新闻,c,1
鹏博士,5g概念股鹏博士：新产品和海外拓展有望带来新业绩增长点,9,媒体新闻,t,1
鹏博士,　　C114讯 6月2日消息(乐思)鹏博士（600804）电信传媒集团股份有限公司昨日发布公告称，6月1日，其境外子公司鹏博士投资控股香港有限公司完成在境外发行总额5亿美元的债券,11,媒体新闻,c,1
鹏博士,　　据悉，债券由鹏博士提供无条件及不可撤销的跨境担保，票面年利率为5.05%，发行价格为债券票面值的100%，实际利率为5.05%，期限为 3 年,11,媒体新闻,c,1
鹏博士,　　鹏博士称，债券的成功发行有利于公司进一步优化融资结构、拓展融资渠道，满足公司拓宽海外业务运营需要，并为建立境外市场良好信用打下基础，符合公司的发展战略,11,媒体新闻,c,1
鹏博士,鹏博士境外发行5亿美元债券：票面年利率5.05%,11,媒体新闻,t,1
鹏博士,"<IMAGE SRC=""http://stocknews.scol.com.cn/jrtzb/20170517/m_02_1.jpg"" >资料配图    聚焦四川上市公司■本报记者 林珂   一季度业绩不给力，鹏博士（600804）股价在近期出现明显调整",13,媒体新闻,c,1
鹏博士,受该利好消息影响，鹏博士周二股价低位反弹，收盘上涨2.13%,13,媒体新闻,c,1
鹏博士,拟增持金额不低于2亿元   2016年业绩增速大幅回落的鹏博士2017年一季度表现仍差强人意，营业收入、净利润出现双降,13,媒体新闻,c,1
鹏博士,   基本面显示，截至2017年3月31日，鹏博士宽带业务覆盖地级以上城市211个，累计网络覆盖用户约10950万户；实现净增在网用户约44万户，累计在网用户超过1400万户,13,媒体新闻,c,1
鹏博士,《金融投资报》记者注意到，受业绩下滑影响，今年以来鹏博士股价走势持续疲弱，从年内高点算起，最大跌幅已超过三成,13,媒体新闻,c,1
鹏博士,而就在近日加速调整中，鹏博士推出了股东增持计划,13,媒体新闻,c,1
鹏博士,   公告显示，鹏博士控股股东深圳鹏博实业集团有限公司计划在未来3个月内增持公司股票，增持金额不低于人民币2亿元,13,媒体新闻,c,1
鹏博士,鹏博士表示，控股股东增持是基于对公司良好发展的坚定信心，鹏博实业将基于对公司股票价值的合理判断，逐步实施增持计划,13,媒体新闻,c,1
鹏博士,   值得一提的是，鹏博士还在公告中指出，本次增持计划可能面临增持股份所需资金未能到位，导致增持计划无法实施的风险,13,媒体新闻,c,1
鹏博士,   有分析指出，鹏博士控股股东此时选择增持，首先是要稳定股价，其次是加强控股权，目前公司股权结构分散，控股股东持股占比并不算高,13,媒体新闻,c,1
鹏博士,券商看好 机构间有分歧   虽然业绩不及市场预期，但券商仍对鹏博士持乐观态度,13,媒体新闻,c,1
鹏博士,海通证券分析师朱劲松表示，鹏博士是国内第四大宽带运营商、第一大民营宽带运营商,13,媒体新闻,c,1
鹏博士,   对于市场关注的“云管端”平台，朱劲松表示，为迎接虚拟、增强现实、人工智能等新技术的推广应用，抓住互联网科技向物联网运营服务转型的契机，鹏博士在2016年全面升级“云管端”平台，创新型地推出“全球家庭运营商”战略，形成“多终端+云平台+内容+融合服务”的业务模式,13,媒体新闻,c,1
鹏博士,”   除传统业务外，鹏博士也在积极拓展新业务,13,媒体新闻,c,1
鹏博士,中金公司分析师王兴林表示，鹏博士利用自有网络资源积极开展增值服务，布设大麦盒子通过内容收费，开展鹏云视讯视频通信服务，同时积极在海外融资扩张，预计新业务营收贡献将持续走高,13,媒体新闻,c,1
鹏博士,从多位券商观点来看，未来数月鹏博士仍有约三成上涨空间,13,媒体新闻,c,1
鹏博士,鹏博士年内跌幅超30%大股东推出增持计划,13,媒体新闻,t,1
鹏博士,招商・通信：鹏博士―控股股东未来三个月计划增持2亿元,14,媒体新闻,t,1
鹏博士,"<IMAGE SRC=""http://i2.hexun.com/2017-05-12/189159359.png"" >鹏博士高飞辞去证券事务代表、职工监事职务　　和讯股票（微信号：istocknews）消息 5月11日晚间，鹏博士发布公告称，公司董事会于2017年5月11日收到公司证券事务代表高飞先生的辞职报告",15,媒体新闻,c,1
鹏博士,　　同日，鹏博士发布公告称，公司监事会近期收到公司职工监事高飞先生的书面辞职报告，高飞先生因工作原因辞去职工监事职务,15,媒体新闻,c,1
鹏博士,　　鹏博士表示，根据相关规定，由于高飞先生的辞职将导致公司监事会人数低于法定最低人数，其辞职申请将在公司召开职工代表大会补选职工代表监事后方能生效,15,媒体新闻,c,1
鹏博士,2005年2月至今，任成都鹏博士电信传媒集团股份有限公司证券事务代表、办公室副主任；2006年5月至今任成都鹏博士电信传媒集团股份有限公司监事,15,媒体新闻,c,1
鹏博士,鹏博士证券事务代表高飞辞职 同时辞去职工监事职务,15,媒体新闻,t,1
鹏博士,A股市场相关上市公司中徐工机械（000425）、三一重工（600031）、鹏博士（600804）以及东方国信（300166）等有望受益,16,媒体新闻,c,1
鹏博士,另一方面，大数据也是一个挖掘点，目前A股上市公司中，涉及大数据概念的主要有：鹏博士（600804）、华胜天成（600410）、东方国信（300166）、亿阳信通（600289）、天源迪科（300047）、天玑科技（300245）、拓尔思（300229）等,17,媒体新闻,c,1
鹏博士,钢股份（18634.35万元）、金洲管道（18463.16万元）、建新股份（16827.09万元）、普利制药（16787.5万元）、亿联网络（16280.49万元）、首创股份（15996.06万元）、鹏博士（15633.11万元）、汉钟精机（15222.41万元）等10只个股期间累计净流入金额均超1.5亿元，合计金额达19.12亿元,18,媒体新闻,c,1
鹏博士,元、7.80亿元、6.68亿元、4.91亿元、4.82亿元、4.51亿元、4.38亿元、4.27亿元、3.17亿元和3.07亿元，另外，天士力、恒泰艾普、龙净环保、华发股份、万邦达、葛洲坝、南京银行、鹏博士和北新路桥等两融标的股期间融资净买入额也均在2亿元以上,18,媒体新闻,c,1
鹏博士,观止云Bravo超高性能编码器就在这极速增长的编码需求下应运而生，该编码器单机能支持240路高清实时编码，64路4K实时编码，支持H.264/AVC、H.265/HEVC、AVS+多种编码方式，目前正大规模的服务于山西IPTV、未来电视、新蓝网等广电行业客户，以及熊猫TV、阿里体育和鹏博士等互联网客户，深受市场好评,19,媒体新闻,c,1
鹏博士,鹏博士：市场价格战预期缓解2017年一季度业绩低于预期：鹏博士公布一季报业绩：营业收入21.02亿元，同比下降1.29%；归属母公司净利润1.72亿元，同比下降7.22%，对应每股盈利0.12元,20,媒体新闻,c,1
鹏博士,　　从解禁类型看，定向增发机构配售股是5月的解禁主力，共有永泰能源、迪马股份、东方集团、驰宏锌锗、游族网络等63家公司;第一创业、雪榕生物、金冠电气、东兴证券、恒泰实达等20家公司是首发原始股上市;庞大集团、鹏博士、杭萧钢构、金晶科技等14家公司的股权激励限售股份将解禁,21,媒体新闻,c,1
鹏博士,"　　光见打雷不见下雨，鹏博士大股东增持延期遭投诉　　原创2017-08-05蔡方大众证券报 大众证券报<IMAGE SRC=""http://mmbiz.qpic.cn/mmbiz_png/zbuRfTT1TVrpJqao4",24,微信,c,1
鹏博士,”本周，大众证券报“蔡方工作室”记者接到投资者管先生的投诉称，鹏博士(600804)大股东不作为，增持期限快到期未见行动，却提出来延期执行,24,微信,c,1
鹏博士,　　时间倒回至5月15日，鹏博士发布公告称，控股股东深圳鹏博实业集团有限公司(下称“鹏博实业”)计划在未来三个月内增持公司股票，增持金额不低于2亿元,24,微信,c,1
鹏博士,值得一提的是，鹏博士在公告中表示：“本次增持计划可能面临增持股份所需资金未能到位，导致增持计划无法实施的风险,24,微信,c,1
鹏博士,”　　其时，鹏博士二级市场股价处于“风雨飘摇”之中：从去年底的21.93元下跌到5月14日的17.41元，下跌逾两成,24,微信,c,1
鹏博士,“(鹏博士)大股东这个时候出手增持，目的肯定是为了稳定股价，避免闪崩，进而影响到公司的再融资计划,24,微信,c,1
鹏博士,　　1月23日，鹏博士披露《2017年非公开发行A股股票预案》,24,微信,c,1
鹏博士,”鹏博士称,24,微信,c,1
鹏博士,资料显示，鹏博实业持有鹏博士1.15亿股，占总股本8.14%;通灵通电讯持有5921.91万股，占总股本4.19%,24,微信,c,1
鹏博士,　　此后3月14日、6月22日，鹏博士对定增预案进行了两次修订,24,微信,c,1
鹏博士,　　“我就是在增持计划公告后不久买入鹏博士股票的,24,微信,c,1
鹏博士,鹏博士5月15日增持公告发布后，一直未有后续进展,24,微信,c,1
鹏博士,到了7月份后，投资者坐不住了，纷纷通过上交所“上证e互动”平台提问：“控股股东是否履行增持计划?不会雷声大雨点小?”“贵公司发布大股东增持公告已近两月，请问下进展如何?”“请问贵公司增持计划完成的怎么样了?”对于投资者的提问， 鹏博士统一回复称：“公司控股股东计划在8月15日前增持公司股票，增持金额不低于人民币2亿元,24,微信,c,1
鹏博士,”　　正当投资者期待最终结果时，8月1日鹏博士发布了 《关于股东增持公司股份计划延期的公告》,24,微信,c,1
鹏博士,带着投资者的问题，大众证券报记者致电鹏博士,24,微信,c,1
鹏博士,令人诧异的是，鹏博士定期报告中提供的联系电话，拨通后竟然听到“对不起，你拨打的电话是空号”,24,微信,c,1
鹏博士,光见打雷不见下雨，鹏博士大股东增持延期遭投诉,24,微信,t,1
鹏博士,"clR5PfPU3zmhvwm2BQQGCqbicZf0IRI1ftXRZag/0?wx_fmt=jpeg"" >　　工信部信息中心和中国互联网协会8月3日在京发布2017年中国互联网企业100强榜单，鹏博士名列第十三位，较去年提升8位",25,微信,c,1
鹏博士,自2015年“中国互联网企业100强”名列第十一位以来，鹏博士已经连续三年蝉联榜单,25,微信,c,1
鹏博士,"　　<IMAGE SRC=""http://mmbiz.qpic.cn/mmbiz_jpg/cLsnA5RzyqoDiclicBoN4dgrkwERpia0WUp77jmSdb41pkFmZiaCscw1NnQknghcuq8aJ4iaa5q9CibGcib3Hm6rKHIcA/0?wx_fmt=jpeg"" >　　鹏博士连续三年跻身中国互联网企业榜单，这些成绩均建立在良好经营业绩的基础之上",25,微信,c,1
鹏博士,2017年，鹏博士以全球家庭运营商的新定位迎接产业变革，力争通过数据、技术、资源引领转型，构建基于全球云网、大数据和大用户打造的“全球家庭运营商平台”，在未来即将到来的产业革命中扮演更加重要的角色,25,微信,c,1
鹏博士,2017中国互联网企业100强发榜，鹏博士连续三年蝉联榜单,25,微信,c,1
鹏博士,2017中国互联网企业100强发榜，鹏博士连续三年蝉联榜单,25,微信,t,1
鹏博士,"　　蓝鲸教育 迟磊　　<IMAGE SRC=""http://mmbiz.qpic.cn/mmbiz_png/bBuhDkJZzzZYpTUiaDNh6dP01ej7oEm1lrm6UxuL60GwtoeoibWc8csISdllq6yicpQVcthDuSCuezeKeSG1cf6sA/0?wx_fmt=png"" >　　7月17日，鹏博士股价跌超5%，报收于16.12元，疑有机构作大单抛售",26,微信,c,1
鹏博士,而股价大跌后仅两天，19日鹏博士集团北京公司即举办2017年中新业务发布会，在会上其提出了“宽带UP、服务UP、应用UP”的信息服务升级,26,微信,c,1
鹏博士,　　但作为加入教育赛道的一份子，鹏博士推出鹏云课堂、进而通过大麦盒子的视频资源整合进军教育领域后，其教育业务一直处于一种不温不火的状态,26,微信,c,1
鹏博士,自今年6月13日，鹏博士分管宽带业务的多位高层出现大规模变动;鹏博士旗下孙公司――北京家视天下科技有限公司总经理周柳青走马上任，被聘任为鹏博士公司副总经理,26,微信,c,1
鹏博士,　　鹏博士的教育业务，到底有没有发展与上升的空间?　　鹏博士业务发展存疑，　　四大问题亟待解决　　鹏博士2017年一季度报显示，其总资产同比缩水7.03%;经营活动产生的现金流量净额同比减少13.96%;营收同比降低1.29%、净利润则同比缩减7.22%,26,微信,c,1
鹏博士,对鹏博士而言，如何摆脱三大运营商对其生存空间的挤压、未来的盈利点到底应设定在哪个领域，就成了鹏博士目前必须慎重考虑的问题,26,微信,c,1
鹏博士,　　近期，蓝鲸教育与多位电信业资深从业者、教育内容提供商，就鹏博士近期的业务发展情况进行深入交流，尝试揭开其业务发展的“神秘面纱”,26,微信,c,1
鹏博士,但就蓝鲸教育所得，鹏博士目前整体发展的确存在一定问题，而教育业务亦不能免俗,26,微信,c,1
鹏博士,　　在几位资深电信从业者看来，鹏博士业务目前主要存在四大问题,26,微信,c,1
鹏博士,　　1 教育业务相对疲弱，有概念但实质内容较少　　鹏博士的教育业务，在其2014年年报中无任何提及;直到2015年，其年报中才首次出现“鹏云课堂”;而2016年，“鹏云教育”才首次于年报中出现,26,微信,c,1
鹏博士,从年度报告中蓝鲸教育发现，鹏博士的教育板块布局，直到2016年才从“产品”升级为“业务”,26,微信,c,1
鹏博士,　　结合鹏博士2015、2016年年报蓝鲸教育发现，鹏云课堂在鹏博士的战略规划中仅仅是一个“通过整合全球优质的教育资源”，而搭建起来的“O2O教育平台”;而鹏云教育，也只是一项“增值业务”,26,微信,c,1
鹏博士,　　而且2016年1月1日正式上线的鹏云课堂，截至鹏博士今年3月30日发布2016年年报时，其官方给出的数据显示注册用户为200万,26,微信,c,1
鹏博士,留给鹏博士此类民营电信商的发展空间，未来将十分有限,26,微信,c,1
鹏博士,"　　<IMAGE SRC=""http://mmbiz.qpic.cn/mmbiz_png/bBuhDkJZzzZYpTUiaDNh6dP01ej7oEm1l0OXT1uFhpVic1uCk7YkeBuFqicbA5pYX5EqDzFL4XvX7kwbbG7DnO3Iw/0?wx_fmt=png"" >　　而与此同时，鹏博士旗下的长城宽带，其外网接口在国内部分地区存在租用电信、联通带宽的情况",26,微信,c,1
鹏博士,而鹏博士在北京主营的品牌“宽带通”，据群众反映也存在网速缓慢、高峰期不定时断网等问题,26,微信,c,1
鹏博士,　　然而鹏博士的教育业务，目前主要是通过大麦盒子与长城宽带/宽带通的捆绑销售进行地推,26,微信,c,1
鹏博士,　　3 虚拟运营商业务存在违规行为，且营收情况外界难以得知　　“鹏博士的虚拟运营商业务，实际成果如何外界难以查询,26,微信,c,1
鹏博士,蓝鲸教育查询鹏博士2016年年报发现，其虚拟运营商业务无具体盈利数据,26,微信,c,1
鹏博士,　　而且在今年2月，据《人民邮电报》相关报道所示，工信部对虚拟运营商的实名制抽查行动中，通过暗访发现14家转售企业其网点存在违规行为，鹏博士赫然在列,26,微信,c,1
鹏博士,　　4 内部高层震荡，对外讳莫如深　　鹏博士六月份的高层大换血，提交辞呈、被免职的八位副总经理，均负责该公司的宽带业务;而新上位的四个高管，则来自于运营商和自有业务中的视频内容领域,26,微信,c,1
鹏博士,这是否代表着鹏博士“宽带王朝”的谢幕?　　该司董事长杨学平甚少接受外界采访，此次高层替换的大动作之下也无发声之举,26,微信,c,1
鹏博士,几位电信从业者表示鹏博士此次高管震荡，存在内部人士斗争激烈、公司对外发言人同样被卷入旋涡的可能,26,微信,c,1
鹏博士,　　内容提供方，对大麦　　盒子盈利模式存在疑虑　　而在鹏博士教育业务具体落地这一点上，一些教育视频内容提供商向蓝鲸教育表示，鹏博士的大麦盒子采用的是盈利分成模式，即与视频提供方“三七开”或是“五五开”分享盈利,26,微信,c,1
鹏博士,“但我们不确定鹏博士的大麦盒子跑量，是不是真的有其说的那么足,26,微信,c,1
鹏博士,　　“盒子玩家”要走的路还　　很长，鹏博士尤甚　　而另一位任职于互联网巨头企业的教育板块、与鹏博士有一些业务往来的高层负责人则表示，鹏博士内部对教育业务还是十分重视的,26,微信,c,1
鹏博士,“鹏博士的确在今年上半年将其业务板块进行过整合，并砍掉了一些盈利能力不强的业务,26,微信,c,1
鹏博士,在鹏博士高层看来，其教育板块发展前景还是不错的”，这位负责人表示,26,微信,c,1
鹏博士,　　“鹏博士做电视业务，是以套餐包的形式销售,26,微信,c,1
鹏博士,这是因为鹏博士有宽带业务的地推，通过地推过程中的内容捆绑销售，他们发现教育业务这块销售的效果比较好，的确发展前景很大”，此人说道,26,微信,c,1
鹏博士,鹏博士的教育业务已经做了一两年，只是没有在其财务报告中提出，“毕竟这只是他们重视的一块业务，而不是其主营业务”,26,微信,c,1
鹏博士,虽然鹏博士有地推，可以提高销售的成功率;但同样的，地推也存在成本较高的问题,26,微信,c,1
鹏博士,　　总结　　虽然在市场中，这些盒子玩家可能从销售情况来看相差无几;但鉴于鹏博士近期股价跳水、高层震荡还有集体缄默的现状，其教育业务即使如爆料人士所说“被鹏博士高层所看重”，未来到底能发展成什么情况，也实在是难以预测,26,微信,c,1
鹏博士,　　如今鹏博士作为民营电信运营商，其未来发展空间将在三大运营商的挤压下越发逼仄,26,微信,c,1
鹏博士,在上市公司热衷于跨界试水教育的市场现状下，鹏博士在教育领域的布局却显得没有头绪、无从下手,26,微信,c,1
鹏博士,"ZzzZYpTUiaDNh6dP01ej7oEm1lqZQBdy5a5jqTZKVtvA2Fw7MmMUs8oP0GN9oI2ke1JcCT0hOJialU7Eg/0?wx_fmt=jpeg"" >　　鹏博士发展“四大疑点”，教育业务困局应如何破解",26,微信,c,1
鹏博士,鹏博士发展“四大疑点”，教育业务困局应如何破解？｜蓝鲸观察,26,微信,t,1
鹏博士,　　海通早班车――宏观：经济通胀稳定，货币回归稳健；债券：民企债风险偏好难升；策略：稳步前进；个股：鹏博士，海康威视……　　宏观 （姜超）　　经济通胀稳定，货币回归稳健    　　2 季度 GDP 增速稳定在 6.9% ，从各个指标来看 6 月经济比 4 、 5 月明显改善,27,微信,c,1
鹏博士,推荐贵州茅台、五粮液、泸州老窖、洋河股份（ 闻宏伟）　　　　　　重点个股 及其他点评　　【 鹏博士】 全国宽带业务资费比较，鹏博士长城宽带仍具价格竞争,27,微信,c,1
鹏博士,”近日，杭州的石墨烯产业发展创新联盟成立之际，联盟秘书长、浙江理工大学副教授叶鹏博士宣布，按克卖的石墨烯将进入个性化定制时代,22,媒体新闻,c,0
鹏博士,”叶鹏博士透露说，“有产能、但不一定有产值”的瓶颈，一直困扰着整个国内石墨烯行业,22,媒体新闻,c,0
鹏博士,其中，叶鹏博士作为团队的技术核心人物之一，在石墨烯个性化定制上有“秘密武器”，他研发的聚合专用石墨烯在成本和改性效果方面已被用户认可,22,媒体新闻,c,0
鹏博士,        刘玉鹏博士，是一位“学霸”，他在北京大学读完了本科、硕士、博士后，又继续留校从事博士后的研究工作,23,媒体新闻,c,0
鹏博士,        虽然没有师范专业学习的经历，但二实优秀、友好的教师团队，专业、有效的培训体系，还是让刘玉鹏博士受益良多,23,媒体新闻,c,0
鹏博士,来源：思软学院 2017-05-10 16:52:28 作者:思软 反馈【大】 【中】 【小】 【关闭】    China Window董事长高鹏博士莅临思软，签署“中德智能制造信息化专业技能人才实训基地”意向合作书    由于人力成本快速上升，全球产业结构深度调整，越来越多的企业采用装配自动化设备来提高产能、降低人力成本,42,微信,c,0
鹏博士,    2017年5月9日，德国China Window国际信息技术合作公司董事长兼CEO高鹏博士莅临思软考察指导，并与思软共同 举办“中德智能制造信息化融合助力山西产业升级”专题交流报告会暨中德智能制造信息化专业技能人才实训基地落地签约仪式,42,微信,c,0
鹏博士,    上午8点，高鹏博士同思软董事长赵鹏、常务副总叶希杰、实训事业部总经理张帆等相关老师于思软三层会议室针对“ 中德智能制造信息化专业技能人才实训基地”项目进行正式会谈,42,微信,c,0
鹏博士,    首先，由思软常务副总叶希杰针对思软企业发展历程、企业文化、企业业务、企业战略规划等方面， 向远道而来的高鹏博士进行了全面周详的介绍,42,微信,c,0
鹏博士,    高鹏博士与赵鹏老师针对 “ 中德智能制造信息化专业技能人才实训基地 ”的项目规划也进行了沟通交流,42,微信,c,0
鹏博士,    随后，高鹏博士在赵鹏老师及其他相关老师的陪同下，对思软的办公环境、学员的项目作品及软件园实训基地的基本设施进行了参观考察,42,微信,c,0
鹏博士,    参观过程中，高鹏博士分享了许多德国高等院校的教学理念、教学方式、学生专业素质等特色特点及与中国教育现状的差异，让在场思软人收获颇深,42,微信,c,0
鹏博士,    上午9点50分，高鹏博士与赵鹏老师一同移步至数码港B座三层报告厅,42,微信,c,0
鹏博士,参加此次会议的嘉宾有：    德国China Window国际信息技术合作公司董事长兼CEO高鹏博士    山西省计算机学会副理事长/太原科技大学计算机科学与技术学院书记陈立潮教授    山西省信息化协会高等教育分会余本国秘书长    山西工商学院计算机信息工程学院院长金砺教授    中北大学,42,微信,c,0
鹏博士,    赵鹏老师对高鹏博士能够应邀参加此次会议倍感荣幸,42,微信,c,0
鹏博士,    致词过后，便是特邀讲者高鹏博士的演讲时间,42,微信,c,0
鹏博士,    高鹏博士此次演讲的题目是“引入德国职业技能教育优质资源，助力山西智能制造和创新发展”,42,微信,c,0
鹏博士,    一个半小时的绝赞演讲里，高鹏博士纵横分析，立体描构，深入解析德国职业技能教育的优势及我国引进、实施优质职业技能教育的迫切，赢得了现场百余位听众的热烈掌声,42,微信,c,0
鹏博士,    演讲结束，高鹏博士特别安排了20分钟的问答环节，愿为与会人员答疑解惑，实现深度交流,42,微信,c,0
鹏博士,    叶希杰老师针对此次会议做了一番精透总结，并与在场所有嘉宾再次向高鹏博士的精彩演讲表示感谢,42,微信,c,0
